UID;Name;ShortName;Nation;NationUID;City;YearFounded;IsActiveInMemory;StatusCode;MainTeamUID;Reputation;Division;DivisionUID;Stadium;StadiumUID;StadiumCapacity;StadiumSeatingCapacity;LoadedTeamsCount;LoadedPlayersCount;TrainingFacilities;YouthFacilities;JuniorCoaching;YouthRecruitment;AverageAttendance;MinimumAttendance;MaximumAttendance;Currency;Balance;BalanceRaw;TransferBudgetSeason;TransferBudgetSeasonRaw;TransferBudgetRemaining;TransferBudgetRemainingRaw;WageBudget;WageBudgetRaw;CurrentWageTotal;CurrentWageTotalRaw;YouthGrantIncome;YouthGrantIncomeRaw;TransferIncomePercentage;SquadValueRaw;CityLatitude;CityLongitude;CityAltitude;TeamTypeCode;HomeKitID;HomeKitMajorColorRGB;HomeKitMinorColorRGB;HomeKitThirdColorRGB;HasHomeKitData
61;Klubi i Futbollit Tirana;KF Tirana;Albanie;752;;1920;False;1;61;4250;Superleague d'Albanie;8350942;Stadiumi Selman Stërmasi;8502565;12724;9500;2;2;9;9;9;13;3485;1200;10000;€;0.0;0;0.0;0;0.0;0;0.0;0;226.2;195;0.0;0;0;2921066;;;;0;48;#60C0F8;#F8F8F8;#F8F8F8;True
69;Futboll Klub Partizani Tirana;FK Partizani;Albanie;752;;1946;False;1;69;4150;Superleague d'Albanie;8350942;Arena e Demave;2000186494;4500;4500;2;0;9;9;9;14;1000;500;5000;€;0.0;0;0.0;0;0.0;0;0.0;0;0.0;0;0.0;0;0;0;;;;0;1;#C80000;#F8F8F8;#F8F8F8;True
71;Klubi Futbollistik Teuta Durrës;KF Teuta;Albanie;752;;1925;False;1;71;4000;Superleague d'Albanie;8350942;Stadiumi Niko Dovana;1300038;12040;3040;2;1;9;8;8;13;3167;1500;6000;€;0.0;0;0.0;0;0.0;0;0.0;0;349.16;301;0.0;0;0;208694;;;;0;25;#0050D0;#F8F8F8;#F8F8F8;True
72;Klubi i Futbollit Vllaznia Shkodër;KF Vllaznia;Albanie;752;;1919;False;1;72;4100;Superleague d'Albanie;8350942;Stadiumi Loro Boriçi;1300041;17000;17000;2;2;8;9;10;14;5400;1200;12492;€;0.0;0;0.0;0;0.0;0;0.0;0;625.24;539;0.0;0;0;77432;;;;0;5;#E00000;#002080;#E00000;True
74;Atlético Petróleos de Luanda;Petro Atlético;Angola;6;;1980;False;1;74;4850;Championnat d'Angola;12034515;Estádio 11 de Novembro;12012512;48000;48000;2;1;9;11;14;16;10000;4000;40000;€;1005620.21;866914;0.0;0;0.0;0;0.0;0;3809.44;3284;0.0;0;0;81767;;;;0;50;#F8F000;#002080;#F8F000;True
75;Clube Desportivo Primeiro de Agosto;Primeiro de Agosto;Angola;6;;1977;False;1;75;4500;Championnat d'Angola;12034515;Estádio França Ndalu;95053320;20000;20000;2;0;12;10;12;16;15000;5000;20000;€;771137.82;664774;0.0;0;0.0;0;0.0;0;0.0;0;0.0;0;0;0;;;;0;48;#080808;#C80020;#080808;True
78;Asociación Atlética Argentinos Juniors;Argentinos Jrs.;Argentine;1649;;1904;False;1;78;6100;1ère Division argentine;102421;Diego Armando Maradona;959671;20000;4000;3;2;13;12;15;14;8000;2000;24800;€;3994114.21;3443202;0.0;0;0.0;0;0.0;0;14265.68;12298;0.0;0;0;2427855;;;;0;31;#E00000;#F8F8F8;#F8F8F8;True
80;Club Atlético Banfield;Banfield;Argentine;1649;;1896;False;1;80;5850;1ère Division argentine;102421;Florencio Sola;102441;22500;7200;3;1;14;12;13;13;7638;3800;30000;€;2533138.33;2183740;0.0;0;0.0;0;0.0;0;0.0;0;0.0;0;0;1939411;;;;0;8;#F8F8F8;#38A068;#38A068;True
81;Club Atlético Belgrano;Belgrano;Argentine;1649;;1905;False;1;81;6000;1ère Division argentine;102421;Julio César Villagra, 'El Gigante de Alberdi';14034924;38500;6800;3;6;16;14;13;14;35800;32000;65000;€;3013101.07;2597501;0.0;0;0.0;0;0.0;0;26345.92;22712;0.0;0;0;903584164;;;;0;10;#60C8F0;#080808;#60C8F0;True
82;Boca Juniors;Boca;Argentine;1649;;1905;False;1;82;7300;1ère Division argentine;102421;Alberto J. Armando, 'La Bombonera';102443;54000;23880;3;16;17;15;15;19;42633;30000;58840;€;20613194.77;17769996;0.0;0;0.0;0;0.0;0;200674.19;172995;0.0;0;0;1576794109;;;;0;15;#202850;#F8C028;#F8C028;True
85;Club Estudiantes de La Plata;Estudiantes (LP);Argentine;1649;;1905;False;1;85;6297;1ère Division argentine;102421;Dr. Jorge Luis Hirschi;108532;32500;12432;3;8;16;12;14;14;28834;20000;36042;€;5683833.96;4899857;0.0;0;0.0;0;0.0;0;75017.2;64670;0.0;0;0;632395684;;;;0;3;#F8F8F8;#E00000;#E00000;True
87;Club de Gimnasia y Esgrima La Plata;Gimnasia (LP);Argentine;1649;;1887;False;1;87;5850;1ère Division argentine;102421;Juan Carmelo Zerillo;102448;27000;6600;3;1;13;12;13;12;20000;15000;29000;€;1621206.67;1397592;0.0;0;0.0;0;0.0;0;4151.64;3579;0.0;0;0;5788874;;;;0;15;#F8F8F8;#002060;#002060;True
88;Club Atlético Huracán;Huracán;Argentine;1649;;1908;False;1;88;6050;1ère Division argentine;102421;Tomás Adolfo Ducó;102449;48000;7200;3;6;13;8;13;14;14711;6000;36144;€;2766731.0;2385113;0.0;0;0.0;0;0.0;0;46949.84;40474;0.0;0;0;616631347;;;;0;2;#F8F8F8;#E00000;#F8F8F8;True
89;Club Atlético Independiente;Independiente;Argentine;1649;;1905;False;1;89;6500;1ère Division argentine;102421;Libertadores de América, 'Ricardo E. Bochini';102450;48000;25559;3;5;15;16;13;16;25000;15000;42069;€;968167.29;834627;0.0;0;0.0;0;0.0;0;39285.72;33867;0.0;0;0;916517814;;;;0;2;#E00818;#E00818;#F8F8F8;True
90;Club Atlético Lanús;Lanús;Argentine;1649;;1915;False;1;90;6200;1ère Division argentine;102421;Ciudad de Lanús-Néstor Díaz Pérez, 'La Fortaleza';102451;40000;6000;3;5;15;12;14;15;9500;5000;47090;€;4639270.23;3999371;0.0;0;0.0;0;0.0;0;21465.8;18505;0.0;0;0;607043784;;;;0;36;#680810;#E84840;#E84840;True
91;Club Atlético Newell's Old Boys;Newell's;Argentine;1649;;1903;False;1;91;6050;1ère Division argentine;102421;Marcelo Alberto Bielsa, 'Coloso del Parque';102452;49000;12000;3;5;15;13;14;16;40000;15000;50000;€;1001438.41;863309;0.0;0;0.0;0;0.0;0;28435.08;24513;0.0;0;0;313743232;;;;0;5;#E00000;#080808;#080808;True
92;Club Atlético Platense;Platense;Argentine;1649;;1905;False;1;92;5900;1ère Division argentine;102421;Ciudad de Vicente López;102453;22500;7600;3;1;12;11;11;12;5503;5000;18000;€;808219.54;696741;0.0;0;0.0;0;0.0;0;7018.0;6050;0.0;0;0;300000000;;;;0;15;#F8F8F8;#582800;#582800;True
93;Racing Club;Racing Club;Argentine;1649;;1903;False;1;93;6649;1ère Division argentine;102421;Presidente Perón, 'El Cilindro de Avellaneda';102454;51000;17000;3;6;15;13;16;16;27969;19000;55161;€;8264291.0;7124389;0.0;0;0.0;0;0.0;0;110608.32;95352;0.0;0;0;634657479;;;;0;3;#F8F8F8;#C0D0E8;#002848;True
94;Club Atlético River Plate;River Plate;Argentine;1649;;1901;False;1;94;7298;1ère Division argentine;102421;Mâs Monumental;102455;86000;64500;3;12;17;16;16;20;65000;30000;85018;€;26949476.5;23232308;0.0;0;0.0;0;0.0;0;253430.99;218475;0.0;0;0;1024582535;;;;0;8;#F8F8F8;#C81018;#C81018;True
95;Club Atlético Rosario Central;Rosario Central;Argentine;1649;;1889;False;1;95;6100;1ère Division argentine;102421;Gigante de Arroyito;108544;46900;21900;3;8;15;13;14;16;34586;15000;45000;€;998527.97;860800;0.0;0;0.0;0;0.0;0;52577.0;45325;0.0;0;0;30365631;;;;0;37;#284070;#F0D028;#F0D028;True
96;San Lorenzo de Almagro;San Lorenzo;Argentine;1649;;1908;False;1;96;6450;1ère Division argentine;102421;Pedro Bidegain, 'Nuevo Gasómetro';102457;47900;17548;3;1;15;15;14;16;21577;14500;50000;€;146789.88;126543;0.0;0;0.0;0;0.0;0;1726.08;1488;0.0;0;0;439931;;;;0;11;#002080;#E00000;#002080;True
98;Club Atlético Vélez Sarsfield;Vélez;Argentine;1649;;1910;False;1;98;6253;1ère Division argentine;102421;José Amalfitani;102459;49500;22000;3;4;15;17;15;19;35061;10000;50000;€;11345517.71;9780619;0.0;0;0.0;0;0.0;0;12072.12;10407;0.0;0;0;24006675;;;;0;29;#F8F8F8;#4068E0;#4068E0;True
102;Pyunik Yerevan;Pyunik;Arménie;754;;2001;False;1;102;5400;Premier League d'Arménie;59006196;Vahagn Tumasyan Stadium;59006836;3100;3100;4;1;14;14;15;15;900;500;8000;€;1827878.07;1575757;0.0;0;0.0;0;0.0;0;2321.16;2001;0.0;0;0;617907;;;;0;1;#C82030;#F89818;#F89818;True
103;Shirak Gyumri;Shirak;Arménie;754;;1958;False;1;103;4300;Premier League d'Arménie;59006196;Gyumri City Stadium;484461;2844;2844;2;0;11;11;13;14;750;400;6000;€;753245.98;649350;0.0;0;0.0;0;0.0;0;0.0;0;0.0;0;0;0;;;;0;12;#F86000;#F84008;#F8F8F8;True
152;FK Austria Wien;Austria Wien;Autriche;755;;1911;False;1;152;6500;Première Ligue autrichienne;136543;Franz-Horr Stadion;1605;20404;17500;2;18;17;17;18;17;13140;10374;16425;€;3.48;3;0.0;0;0.0;0;0.0;0;62943.92;54262;0.0;0;0;330419929;;;;0;1;#603888;#F8F8F8;#E00000;True
154;Linzer ASK;LASK Linz;Autriche;755;;1908;False;1;154;6350;Première Ligue autrichienne;136543;LASK Arena;2000218189;19080;17580;3;15;12;12;14;15;12611;9800;20000;€;10491677.7;9044550;0.0;0;0.0;0;0.0;0;116169.36;100146;0.0;0;0;360586984;;;;0;16;#F8F8F8;#080808;#F8F000;True
155;SK Rapid Wien;SK Rapid;Autriche;755;;1899;False;1;155;6750;Première Ligue autrichienne;136543;Weststadion;16152805;28345;25907;2;18;17;17;18;17;18858;13400;35000;€;6314733.58;5443736;0.0;0;0.0;0;0.0;0;89729.48;77353;0.0;0;0;341866054;;;;0;48;#009860;#F8F8F8;#F8F8F8;True
156;SK Puntigamer Sturm Graz;SK Sturm;Autriche;755;;1909;False;1;156;6700;Première Ligue autrichienne;136543;Bundesstadion Graz-Liebenau;105468;16364;15323;2;17;15;16;15;16;14873;10000;20000;€;6689390.37;5766716;0.0;0;0.0;0;0.0;0;109036.52;93997;0.0;0;0;64657677;;;;0;10;#181818;#080808;#181818;True
158;FC Red Bull Salzburg;RB Salzburg;Autriche;755;;2005;False;1;158;7000;Première Ligue autrichienne;136543;Stadion Wals-Siezenheim;1300080;29527;29527;2;18;19;19;18;18;12063;10000;20000;€;46694346.34;40253748;0.0;0;0.0;0;0.0;0;206007.87;177593;0.0;0;0;391397683;;;;0;2;#F8F8F8;#D01028;#D01028;True
167;Neftçi Peşakar Futbol Klubu;Neftçi PFK;Azerbaïdjan;756;;1937;False;1;167;5500;Yuksak Liqa d'Azerbaïjan;59006943;Neftçi Arena;59092066;11000;11000;2;2;14;12;11;13;2016;300;9355;€;4891565.58;4216867;0.0;0;0.0;0;0.0;0;6175.84;5324;0.0;0;0;2076167;;;;0;2;#080808;#F8F8F8;#F8F8F8;True
168;KAA Gent;KAA Gent;Belgique;757;;1900;False;1;168;6300;Jupiler Pro League;1;Planet Group Arena;8154209;20000;20000;2;6;17;15;14;13;15216;5000;20000;€;5300465.57;4569367;0.0;0;0.0;0;0.0;0;57262.24;49364;0.0;0;0;316229409;;;;0;1;#104078;#F8F8F8;#F8F8F8;True
169;RAAL La Louvière;RAAL La Louvière;Belgique;757;;2017;False;1;169;5250;Jupiler Pro League;1;Easi Arena;2000458138;8056;8056;4;9;12;13;14;10;5500;1500;8056;€;245252.99;211425;0.0;0;0.0;0;0.0;0;18450.96;15906;0.0;0;0;4647423;;;;0;7;#F8F8F8;#50A868;#F8F8F8;True
184;KSV Cercle Brugge;Cercle Brugge;Belgique;757;;1899;False;1;184;5700;Jupiler Pro League;1;Jan Breydelstadion;746;29062;29062;2;11;14;13;14;14;5404;2875;24797;€;3549263.5;3059710;0.0;0;0.0;0;0.0;0;24434.24;21064;0.0;0;0;16155321;;;;0;12;#080808;#78C058;#78C058;True
186;Club Brugge KV;Club Brugge;Belgique;757;;1891;False;1;186;7150;Jupiler Pro League;1;Jan Breydelstadion;746;29062;29062;2;21;18;18;16;17;20876;14000;29423;€;32812120.98;28286312;0.0;0;0.0;0;0.0;0;323963.63;279279;0.0;0;0;1073537080;;;;0;12;#080808;#0060B8;#0060B8;True
199;FCV Dender EH;Dender EH;Belgique;757;;2005;False;1;199;5550;Jupiler Pro League;1;DENDER Football Complex;764;6429;5164;4;4;12;14;13;10;989;400;6000;€;120416.12;103807;0.0;0;0.0;0;0.0;0;6346.36;5471;0.0;0;0;2931974;;;;0;2;#0060C0;#002080;#002080;True
232;Yellow Red KV Mechelen;KV Mechelen;Belgique;757;;1904;False;1;232;5750;Jupiler Pro League;1;Achter de Kazerne;750;17320;10020;2;6;14;14;15;13;13156;4000;20000;€;1142697.41;985084;0.0;0;0.0;0;0.0;0;31995.12;27582;0.0;0;0;307033366;;;;0;56;#E00000;#F8D030;#F8D030;True
250;Royal Standard de Liège;Standard Liège;Belgique;757;;1898;False;1;250;5950;Jupiler Pro League;1;Stade Maurice Dufrasne (Sclessin);752;27670;27670;2;11;17;19;17;18;19907;12000;27670;€;2.32;2;0.0;0;0.0;0;0.0;0;69000.28;59483;0.0;0;0;17909420;;;;0;1;#E00000;#F8F8F8;#F8F8F8;True
256;Royal Sporting Club Anderlecht;Anderlecht;Belgique;757;;1908;False;1;256;6450;Jupiler Pro League;1;Lotto Park;755;21500;19000;2;17;18;17;19;18;21136;14000;26420;€;250619.15;216051;0.0;0;0.0;0;0.0;0;123480.84;106449;0.0;0;0;382052236;;;;0;19;#382060;#503078;#F8F8F8;True
258;K Racing Club Genk;KRC Genk;Belgique;757;;1988;False;1;258;6650;Jupiler Pro League;1;Cegeka Arena;753;24956;24604;2;9;17;17;16;17;17738;11000;25061;€;12425100.68;10711294;0.0;0;0.0;0;0.0;0;102347.96;88231;0.0;0;0;345358876;;;;0;48;#0088E8;#0048B8;#F8F8F8;True
262;Royal Antwerp FC;Antwerp FC;Belgique;757;;1880;False;1;262;6350;Jupiler Pro League;1;Bosuil;751;22911;18128;2;7;15;13;14;10;14260;4000;40000;€;344691.67;297148;0.0;0;0.0;0;0.0;0;41472.32;35752;0.0;0;0;62753851;;;;0;15;#C80008;#F8F8F8;#F8F8F8;True
263;Royal Charleroi Sporting Club;Charleroi;Belgique;757;;1904;False;1;263;5900;Jupiler Pro League;1;Stade du Pays de Charleroi;757;17824;17824;2;12;14;15;12;14;7707;4000;22774;€;1179385.89;1016712;0.0;0;0.0;0;0.0;0;41070.96;35406;0.0;0;0;14316788;;;;0;53;#F8F8F8;#080808;#080808;True
278;Koninklijke Sint-Truidense VV;Sint-Truiden;Belgique;757;;1924;False;1;278;5600;Jupiler Pro League;1;Daio Wasabi Stayen Stadium;759;14600;14109;2;10;14;14;14;14;6245;2500;12000;€;1800861.67;1552467;0.0;0;0.0;0;0.0;0;45099.64;38879;0.0;0;0;43868699;;;;0;2;#F8F030;#1070C8;#F8F030;True
280;Oud-Heverlee Leuven;OH Leuven;Belgique;757;;2002;False;1;280;5800;Jupiler Pro League;1;Den Dreef (King Power Stadium);807;10020;10020;2;7;12;13;14;14;7714;6500;10020;€;830455.58;715910;0.0;0;0.0;0;0.0;0;24226.6;20885;0.0;0;0;7220329;;;;0;55;#F8F8F8;#E04830;#080808;True
288;Royale Union Saint-Gilloise;Union SG;Belgique;757;;1897;False;1;288;6500;Jupiler Pro League;1;Stade Joseph Marien (Parc Duden);811;8500;5000;2;11;12;11;11;10;6394;3300;8000;€;5695907.24;4910265;0.0;0;0.0;0;0.0;0;86258.76;74361;0.0;0;0;46690891;;;;0;34;#F8D800;#102040;#F8D800;True
289;KVC Westerlo;Westerlo;Belgique;757;;1933;False;1;289;5800;Jupiler Pro League;1;'t Kuipje;778;8035;6798;3;9;13;13;13;12;5250;2000;10500;€;1186364.45;1022728;0.0;0;0.0;0;0.0;0;47365.12;40832;0.0;0;0;325228451;;;;0;48;#F8E028;#F8D000;#F8D000;True
299;SV Zulte-Waregem;Zulte-Waregem;Belgique;757;;2001;False;1;299;5500;Jupiler Pro League;1;Elindus Arena;777;13113;10403;2;9;15;15;15;15;5691;2000;15000;€;603900.62;520604;0.0;0;0.0;0;0.0;0;19635.32;16927;0.0;0;0;8902828;;;;0;15;#C80808;#F8F8F8;#F8F8F8;True
303;FC Dinamo Minsk;Dinamo Minsk;Biélorussie;758;;1927;False;1;303;5050;Championnat d'élite de Biélorussie;7483354;Dinamo;1300115;22000;22000;3;0;12;12;15;17;4932;500;10020;€;65439.08;56413;0.0;0;0.0;0;0.0;0;0.0;0;0.0;0;0;0;;;;0;14;#F8F8F8;#E0E0E0;#F8F8F8;True
307;FC Neman Grodno;Neman Grodno;Biélorussie;758;;1964;False;1;307;4800;Championnat d'élite de Biélorussie;7483354;GOKTSOR Grodno;484483;8800;8800;3;0;13;13;12;12;3140;500;9300;€;166176.96;143256;0.0;0;0.0;0;0.0;0;0.0;0;0.0;0;0;0;;;;0;12;#006030;#58D088;#006030;True
309;Club Bolívar;Bolívar;Bolivie;1650;;1925;False;1;309;5056;Première Division de Bolivie;86000000;Estadio Hernando Siles;308092;43243;43243;1;4;15;11;12;13;10726;100;30000;€;10870489.61;9371112;0.0;0;0.0;0;0.0;0;9118.76;7861;0.0;0;0;600710852;;;;0;1;#6898E8;#580800;#580800;True
311;Club The Strongest;The Strongest;Bolivie;1650;;1908;False;1;311;4900;Première Division de Bolivie;86000000;Estadio Hernando Siles;308092;43243;43243;1;1;12;11;11;13;8080;5500;29000;€;966076.97;832825;0.0;0;0.0;0;0.0;0;0.0;0;0.0;0;0;41772;;;;0;48;#F8D000;#080808;#F8D000;True
314;ATM;ATM;Brésil;1651;;1908;False;1;314;7050;1ère Division Nationale brésilienne;102423;Arena MRV;19342425;44892;44892;2;12;17;15;13;12;24087;23000;43000;€;20294378.06;17495154;0.0;0;0.0;0;0.0;0;186341.23;160639;0.0;0;0;1570863073;;;;0;9;#E3E3E3;#1C1C1C;#1C1C1C;True
315;BAH;BAH;Brésil;1651;;1931;False;1;315;6849;1ère Division Nationale brésilienne;102423;Arena Fonte Nova;19047509;50025;50025;2;7;16;14;9;12;38160;25000;47700;€;26711430.59;23027096;0.0;0;0.0;0;0.0;0;62008.96;53456;0.0;0;0;37587952;;;;0;1;#E2E2E2;#1A2D6D;#AC172B;True
316;BOT;BOT;Brésil;1651;;1904;False;1;316;7447;1ère Division Nationale brésilienne;102423;Estádio Nílton Santos;8832911;44461;44461;2;12;13;13;12;14;14772;8000;44611;€;8913729.74;7684250;0.0;0;0.0;0;0.0;0;196921.59;169760;0.0;0;0;1263685141;;;;0;1;#444444;#CDCDCD;#272727;True
317;Red Bull Bragantino;RB Bragantino;Brésil;1651;;1928;False;1;317;6500;1ère Division Nationale brésilienne;102423;Cícero de Souza Marques;2000374549;12000;6000;2;6;15;13;12;13;4916;2500;7500;€;12546336.92;10815808;0.0;0;0.0;0;0.0;0;50345.16;43401;0.0;0;0;43416735;;;;0;1;#E3E3E3;#C10110;#C10110;True
319;COR;COR;Brésil;1651;;1910;False;1;319;7400;1ère Division Nationale brésilienne;102423;Neo Química Arena;19141329;48905;48905;2;10;18;14;14;16;39934;30000;60000;€;4399797.51;3792929;0.0;0;0.0;0;0.0;0;263608.83;227249;0.0;0;0;343669865;;;;0;6;#E2E2E2;#DCD9AB;#E2E2E2;True
321;CEC;CEC;Brésil;1651;;1921;False;1;321;7300;1ère Division Nationale brésilienne;102423;Mineirão;102531;61846;61846;2;16;17;11;12;15;40158;25000;50197;€;26874680.87;23167829;0.0;0;0.0;0;0.0;0;272872.59;235235;0.0;0;0;1067444488;;;;0;10;#143C93;#242C4B;#242C4B;True
322;FLA;FLA;Brésil;1651;;1895;False;1;322;7749;1ère Division Nationale brésilienne;102423;Maracanã;102987;78838;78838;2;20;18;15;15;18;58554;35000;73192;€;28126814.99;24247255;0.0;0;0.0;0;0.0;0;543983.14;468951;0.0;0;0;1635275963;;;;0;10;#FF0000;#141414;#141414;True
323;FLU;FLU;Brésil;1651;;1902;False;1;323;7244;1ère Division Nationale brésilienne;102423;Maracanã;102987;78838;78838;2;13;13;13;14;18;26724;15000;35000;€;20075676.3;17306618;0.0;0;0.0;0;0.0;0;244597.59;210860;0.0;0;0;994580400;;;;0;1;#CECECE;#204E44;#CECECE;True
324;GRE;GRE;Brésil;1651;;1903;False;1;324;6750;1ère Division Nationale brésilienne;102423;Arena Grêmio;19140605;55726;55726;2;10;16;15;13;17;25515;15000;35000;€;15497400.03;13359828;0.0;0;0.0;0;0.0;0;153839.2;132620;0.0;0;0;959602353;;;;0;6;#E2E2E2;#45A7CA;#1C1C1C;True
326;INT;INT;Brésil;1651;;1909;False;1;326;6699;1ère Division Nationale brésilienne;102423;Beira-Rio;102537;50128;50128;2;8;16;11;12;17;24365;15000;35000;€;11720561.94;10103933;0.0;0;0.0;0;0.0;0;93453.08;80563;0.0;0;0;944646987;;;;0;5;#E3E3E3;#7E0000;#C90000;True
327;JUV;JUV;Brésil;1651;;1913;False;1;327;5900;1ère Division Nationale brésilienne;102423;Alfredo Jaconi;102554;20000;20000;2;1;11;10;9;12;8060;2500;12000;€;2.32;2;0.0;0;0.0;0;0.0;0;6259.36;5396;0.0;0;0;223644;;;;0;1;#007A33;#EFEFEF;#007A33;True
329;SEP;SEP;Brésil;1651;;1914;False;1;329;7650;1ère Division Nationale brésilienne;102423;Arena Crefisa Barueri;19044057;31452;31452;2;13;18;15;15;18;34935;25000;50000;€;24346701.06;20988536;0.0;0;0.0;0;0.0;0;226387.91;195162;0.0;0;0;1063469122;;;;0;1;#184C3C;#235345;#DFFFA1;True
335;SAN;SAN;Brésil;1651;;1912;False;1;335;6800;1ère Division Nationale brésilienne;102423;Vila Belmiro;102545;16068;16068;2;10;16;13;14;16;17011;10000;25000;€;10573768.58;9115318;0.0;0;0.0;0;0.0;0;186681.11;160932;0.0;0;0;723350782;;;;0;6;#FFFFFF;#232323;#FFFFFF;True
337;SPO;SPO;Brésil;1651;;1930;False;1;337;6996;1ère Division Nationale brésilienne;102423;MorumBIS;102549;77000;77000;2;15;16;17;14;16;28654;25000;60000;€;11857077.7;10221619;0.0;0;0.0;0;0.0;0;185386.55;159816;0.0;0;0;1882717555;;;;0;30;#E3E3E3;#FE0000;#1C1C1C;True
338;SPT;SPT;Brésil;1651;;1905;False;1;338;5950;1ère Division Nationale brésilienne;102423;Ilha do Retiro;102550;31520;31520;2;0;15;13;9;14;14003;8000;29000;€;185014.19;159495;0.0;0;0.0;0;0.0;0;0.0;0;0.0;0;0;0;;;;0;1;#282828;#282828;#8D7F4F;True
339;VDG;Vasco da Gama;Brésil;1651;;1898;False;1;339;6799;1ère Division Nationale brésilienne;102423;São Januário;102551;21590;21590;2;11;13;12;12;16;21471;15000;35000;€;10073642.71;8684175;0.0;0;0.0;0;0.0;0;97412.16;83976;0.0;0;0;367370340;;;;0;10;#FFFFFF;#000000;#FFFFFF;True
340;VIT;VIT;Brésil;1651;;1899;False;1;340;6250;1ère Division Nationale brésilienne;102423;Barradão;102552;34345;30793;2;1;13;13;10;15;22144;6000;35000;€;2886594.96;2488444;0.0;0;0.0;0;0.0;0;0.0;0;0.0;0;0;4803870;;;;0;7;#1C1C1C;#D53535;#D53535;True
349;PFC Levski Sofia;Levski;Bulgarie;760;;1914;False;1;349;6000;Championnat Bulgare A;7500000;Georgi Asparuhov;1300185;17688;17688;3;6;13;13;14;20;8000;4000;30000;€;3113290.27;2683871;0.0;0;0.0;0;0.0;0;18652.8;16080;0.0;0;0;9586669;;;;0;25;#0050B8;#202048;#0050B8;True
351;Lokomotiv 1926 Plovdiv;Lokomotiv Plovdiv;Bulgarie;760;;1936;False;1;351;5450;Championnat Bulgare A;7500000;Lokomotiv;1300186;10777;10777;3;4;11;10;13;14;2800;950;12000;€;2.32;2;0.0;0;0.0;0;0.0;0;2680.76;2311;0.0;0;0;905567;;;;0;3;#080808;#F8F8F8;#F8F8F8;True
393;Canon Sportif de Yaoundé;Canon Sport;Cameroun;11;;1930;False;1;393;3450;Élite One du Cameroun;13172336;Stade Omnisports Ahmadou Ahidjo;103030;42500;42500;1;0;8;8;7;10;10000;2000;15000;€;127559.4;109965;0.0;0;0.0;0;0.0;0;0.0;0;0.0;0;0;0;;;;0;0;#008030;#E8E010;#008030;True
399;Colo Colo;Colo Colo;Chili;1652;;1925;False;1;399;6348;1ère Division chilienne;5250792;Monumental David Arellano;107639;47000;47000;2;10;16;16;15;20;25340;6000;35000;€;5661662.88;4880744;0.0;0;0.0;0;0.0;0;57935.04;49944;0.0;0;0;612788513;;;;0;25;#F8F8F8;#B8B8B8;#808080;True
403;Universidad Católica;Univ. Católica;Chili;1652;;1937;False;1;403;6199;1ère Division chilienne;5250792;San Carlos de Apoquindo;107644;16000;16000;2;9;16;16;16;18;10664;6500;25000;€;2291844.41;1975728;0.0;0;0.0;0;0.0;0;53956.24;46514;0.0;0;0;903313369;;;;0;21;#F8F8F8;#3870D8;#60C0F8;True
404;Universidad de Chile;Univ. de Chile;Chili;1652;;1927;False;1;404;6200;1ère Division chilienne;5250792;Santa Laura;308134;22000;22000;2;9;17;17;14;19;41605;4000;49000;€;5822380.87;5019294;0.0;0;0.0;0;0.0;0;46934.76;40461;0.0;0;0;1802614734;;;;0;25;#3870D8;#E00000;#E00000;True
417;América de Cali S.A.;América de Cali;Colombie;1653;;1927;False;1;417;6250;1ère Division de Colombie;5260948;Estadio Olímpico Pascual Guerrero;303788;38648;38648;3;5;13;13;13;20;12400;10500;42300;€;1273217.12;1097601;0.0;0;0.0;0;0.0;0;25223.04;21744;0.0;0;0;904917092;;;;0;12;#E00000;#F8F8F8;#F8F8F8;True
419;Club Deportivo Popular Junior F.C. S.A.;Junior;Colombie;1653;;1924;False;1;419;6299;1ère Division de Colombie;5260948;Metropolitano Roberto Meléndez;303794;49612;49612;3;6;13;13;11;20;12700;9000;46692;€;2661165.2;2294108;0.0;0;0.0;0;0.0;0;56302.92;48537;0.0;0;0;602614480;;;;0;3;#F8F8F8;#B02030;#B02030;True
421;Club Profesional Deportivo Cali S.A.;Deportivo Cali;Colombie;1653;;1912;False;1;421;6200;1ère Division de Colombie;5260948;Estadio Deportivo Cali;76013736;52000;52000;3;4;14;14;13;20;14600;10000;52000;€;2.32;2;0.0;0;0.0;0;0.0;0;20335.96;17531;0.0;0;0;301054887;;;;0;2;#006030;#F8F8F8;#006030;True
423;Independiente Santa Fe S.A.;Santa Fe;Colombie;1653;;1941;False;1;423;6202;1ère Division de Colombie;5260948;Estadio Nemesio Camacho 'El Campín';102991;40312;40312;3;2;12;12;12;20;14300;9000;36343;€;3520815.66;3035186;0.0;0;0.0;0;0.0;0;12611.52;10872;0.0;0;0;600000000;;;;0;10;#E00000;#F8F8F8;#E00000;True
425;El Equipo del Pueblo S.A.;Medellín;Colombie;1653;;1913;False;1;425;6200;1ère Division de Colombie;5260948;Estadio Atanasio Girardot;303789;48700;42100;3;3;13;13;13;20;16800;13000;45943;€;2.32;2;0.0;0;0.0;0;0.0;0;21516.84;18549;0.0;0;0;303045429;;;;0;25;#B02030;#F8F8F8;#202048;True
426;Millonarios F.C. S.A.;Millonarios;Colombie;1653;;1946;False;1;426;6250;1ère Division de Colombie;5260948;Estadio Nemesio Camacho 'El Campín';102991;40312;40312;3;4;13;13;12;20;29350;21000;36687;€;1182079.41;1019034;0.0;0;0.0;0;0.0;0;30850.2;26595;0.0;0;0;300781649;;;;0;25;#0838C0;#F8F8F8;#F8F8F8;True
427;Atlético Nacional S.A.;Atlético Nacional;Colombie;1653;;1947;False;1;427;6350;1ère Division de Colombie;5260948;Estadio Atanasio Girardot;303789;48700;42100;3;7;16;16;14;20;37500;28500;46875;€;3635079.14;3133689;0.0;0;0.0;0;0.0;0;45871.04;39544;0.0;0;0;307716768;;;;0;48;#009048;#F8F8F8;#F8F8F8;True
429;Club Deportes Tolima S.A.;Tolima;Colombie;1653;;1954;False;1;429;6199;1ère Division de Colombie;5260948;Estadio Gabriel Camargo Salamanca;303799;26000;26000;2;2;11;11;12;15;10622;6500;28180;€;2012362.14;1734795;0.0;0;0.0;0;0.0;0;10022.4;8640;0.0;0;0;2760273;;;;0;2;#800000;#800000;#D0A838;True
432;GNK Dinamo Zagreb;Dinamo;Croatie;761;;1911;False;1;432;6600;1ère Division croate;129645;Maksimir;129736;35023;35023;3;18;14;15;19;20;11593;2900;22050;€;11924818.22;10280016;0.0;0;0.0;0;0.0;0;177223.63;152779;0.0;0;0;372976557;;;;0;14;#183878;#F0F0F0;#183878;True
433;HNK Hajduk;Hajduk;Croatie;761;;1911;False;1;433;6000;1ère Division croate;129645;Poljud;1300229;34448;34448;3;10;11;12;19;18;22028;10000;32700;€;1803830.11;1555026;0.0;0;0.0;0;0.0;0;74969.64;64629;0.0;0;0;318060825;;;;0;25;#F8F8F8;#0838C0;#0838C0;True
440;NK Osijek;Osijek;Croatie;761;;1947;False;1;440;5700;1ère Division croate;129645;Opus Arena;2000002959;13005;13005;2;3;19;18;17;16;5739;3800;13005;€;5508129.92;4748388;0.0;0;0.0;0;0.0;0;4775.72;4117;0.0;0;0;3151224;;;;0;13;#F8F8F8;#0030A0;#38B0D8;True
441;HNK Rijeka;Rijeka;Croatie;761;;1946;False;1;441;5800;1ère Division croate;129645;Rujevica;24050633;8279;8279;2;8;17;14;14;13;5375;4000;8279;€;1825177.59;1573429;0.0;0;0.0;0;0.0;0;22187.32;19127;0.0;0;0;11853108;;;;0;47;#F8F8F8;#58C0D8;#F8F8F8;True
448;AE Kition Larnakas;AEK Larnakas;Chypre;762;;1994;False;1;448;5750;Division A chypriote;692430;AEK Arena - Georgios Karapatakis;26034317;8058;8058;1;11;14;10;8;14;3000;1000;4500;€;1189885.05;1025763;0.0;0;0.0;0;0.0;0;31534.6;27185;0.0;0;0;1501528891;;;;0;56;#E8F820;#009888;#009888;True
451;APOEL Nicosia;APOEL;Chypre;762;;1926;False;1;451;6250;Division A chypriote;692430;GSP;1300260;22859;22859;1;9;15;12;10;15;7500;5000;10000;€;2311189.73;1992405;0.0;0;0.0;0;0.0;0;32556.56;28066;0.0;0;0;612325376;;;;0;45;#F8F000;#0050D0;#080808;True
452;Apollon Limassol;Apollon L.;Chypre;762;;1954;False;1;452;5500;Division A chypriote;692430;Alphamega Stadium;2000241590;10700;10700;1;11;12;12;10;14;4000;2000;5500;€;1207805.89;1041212;0.0;0;0.0;0;0.0;0;47856.96;41256;0.0;0;0;308870239;;;;0;10;#F8F8F8;#60C0F8;#60C0F8;True
460;Omonoia Nicosia;Omonia;Chypre;762;;1948;False;1;460;6000;Division A chypriote;692430;GSP;1300260;22859;22859;1;8;15;12;10;15;7500;5000;10000;€;2344979.37;2021534;0.0;0;0.0;0;0.0;0;38182.56;32916;0.0;0;0;303613260;;;;0;16;#F8F8F8;#008030;#008030;True
474;SK Slavia Praha;Slavia Praha;République tchèque;763;;1892;False;1;474;6750;1ère Division tchèque;131287;Fortuna Arena;1300294;20800;20800;4;16;17;16;17;16;18200;9600;22750;€;31377304.26;27049401;0.0;0;0.0;0;0.0;0;108593.4;93615;0.0;0;0;365417847;;;;0;5;#E00000;#F8F8F8;#F8F8F8;True
476;AC Sparta Praha;Sparta Praha;République tchèque;763;;1893;False;1;476;6400;1ère Division tchèque;131287;Letná;1300300;19000;19000;3;18;17;17;17;17;16080;10300;20100;€;30462619.92;26260880;0.0;0;0.0;0;0.0;0;56058.16;48326;0.0;0;0;56848557;;;;0;14;#802028;#080808;#080808;True
477;FC Viktoria Plzeň;Viktoria Plzeň;République tchèque;763;;1911;False;1;477;6300;1ère Division tchèque;131287;Stadion Města Plzně;1300298;11700;11700;3;16;16;15;15;16;8550;5190;11620;€;7247998.79;6248275;0.0;0;0.0;0;0.0;0;56239.12;48482;0.0;0;0;327373671;;;;0;8;#0050D0;#E00000;#0050D0;True
496;Brøndbyernes Idrætsforening;Brøndby IF;Danemark;764;;1964;False;1;496;6150;3F Superliga;6;Brøndby Stadion;830;28000;28000;3;7;15;14;15;18;21600;11575;27000;€;23952495.95;20648704;0.0;0;0.0;0;0.0;0;81077.04;69894;0.0;0;0;25179140;;;;0;10;#F8D828;#0058A8;#0058A8;True
505;Football Club København;FC København;Danemark;764;;1992;False;1;505;6750;3F Superliga;6;Parken;838;38265;38265;3;12;13;16;17;20;28200;20000;36000;€;15482908.15;13347335;0.0;0;0.0;0;0.0;0;253830.03;218819;0.0;0;0;406436206;;;;0;3;#F8F8F8;#000000;#1028B8;True
526;Football Club Midtjylland;FC Midtjylland;Danemark;764;;1999;False;1;526;6300;3F Superliga;6;MCH Arena;934952;12152;9862;3;11;17;17;17;20;10042;7200;12552;€;22487167.75;19385490;0.0;0;0.0;0;0.0;0;177188.83;152749;0.0;0;0;80208711;;;;0;3;#E00000;#080808;#080808;True
588;Bohemian F.C.;Bohemians;Irlande;789;;1890;False;1;588;4200;Première Ligue irlandaise;129372;Dalymount Park;1300906;4500;4500;2;21;13;11;13;15;4308;4017;5385;€;131041.72;112967;0.0;0;0.0;0;0.0;0;26059.4;22465;0.0;0;0;4899801;;;;0;25;#B00000;#080808;#B00000;True
590;Cork City;Cork City;Irlande;789;;1984;False;1;590;4000;Première Ligue irlandaise;129372;Munster FA Turner's Cross Stadium;1300907;7383;7383;2;8;10;9;11;16;3306;2572;7383;€;2.32;2;0.0;0;0.0;0;0.0;0;9667.44;8334;0.0;0;0;601411260;;;;0;10;#F8F8F8;#E00000;#008030;True
591;Derry City;Derry City;Irlande du Nord;785;;1928;False;1;591;4450;Première Ligue irlandaise;129372;Brandywell;1300908;6242;6242;2;19;11;10;10;14;3490;3061;6300;€;298391.43;257234;0.0;0;0.0;0;0.0;0;38522.44;33209;0.0;0;0;603941454;;;;0;3;#E00000;#F8F8F8;#080808;True
596;Shamrock Rovers;Shamrock Rovers;Irlande;789;;1901;False;1;596;4750;Première Ligue irlandaise;129372;Tallaght Stadium;552203;10500;10500;2;24;13;13;13;16;5790;3500;10500;€;585487.94;504731;0.0;0;0.0;0;0.0;0;37374.04;32219;0.0;0;0;1207511407;;;;0;4;#008030;#F8F8F8;#080808;True
597;Shelbourne F.C.;Shelbourne;Irlande;789;;1895;False;1;597;4250;Première Ligue irlandaise;129372;Tolka Park;1300913;9680;9680;2;21;10;9;11;12;4600;3393;5750;€;130614.84;112599;0.0;0;0.0;0;0.0;0;25384.28;21883;0.0;0;0;305559100;;;;0;1;#D81820;#F8F8F8;#F8F8F8;True
599;St. Patrick's Athletic;St. Pat's Athletic;Irlande;789;;1929;False;1;599;4200;Première Ligue irlandaise;129372;Richmond Park;1300911;5500;2800;2;21;16;11;13;15;4607;4232;5758;€;131041.72;112967;0.0;0;0.0;0;0.0;0;29387.44;25334;0.0;0;0;304908522;;;;0;50;#D81820;#F8F8F8;#D81820;True
600;AFC Bournemouth;Bournemouth;Angleterre;765;;1899;True;1;600;6450;Premier League;11;Vitality Stadium;600;11700;11700;3;58;20;20;11;13;11214;4500;20000;€;107958540.49;93067710;0.0;0;0.0;0;2028299.38;1748534;1723589.43;1485853;1284.12;1107;100;1198231218;;;;0;48;#201818;#A82830;#B09050;True
602;Arsenal;Arsenal;Angleterre;765;;1886;True;1;602;8650;Premier League;11;Emirates Stadium;5114336;60704;60704;3;80;19;16;17;15;60251;45000;95000;€;185685876.42;160074036;0.0;0;0.0;0;4489576.87;3870325;3672687.49;3166110;1096.2;945;100;1549458353;;;;0;2;#A00820;#F8F8F8;#F8F8F8;True
603;Aston Villa;Aston Villa;Angleterre;765;;1874;True;1;603;7100;Premier League;11;Villa Park;603;42883;42883;3;68;20;18;14;17;42079;25000;55000;€;67865209.93;58504493;0.0;0;0.0;0;2764463.2;2383158;2260374.77;1948599;1242.36;1071;100;1452917672;;;;0;2;#782838;#98B8D8;#782838;True
606;Barnsley;Barnsley;Angleterre;765;;1887;False;1;606;5200;Sky Bet League One;13;Oakwell;606;23287;23287;3;21;13;12;11;11;12211;4000;25000;€;280068.07;241438;0.0;0;0.0;0;0.0;0;77743.2;67020;0.0;0;0;9688470;;;;0;1;#E80020;#F8F8F8;#581830;True
609;Birmingham City;Birmingham City;Angleterre;765;;1875;False;1;609;5850;Sky Bet Championship;12;St. Andrew's @ Knighthead Park;609;29409;29409;3;32;13;12;14;13;26283;7000;50000;€;14233036.03;12269859;0.0;0;0.0;0;0.0;0;682328.22;588214;0.0;0;0;540065353;;;;0;1;#183890;#183890;#988860;True
612;Blackburn Rovers;Blackburn Rovers;Angleterre;765;;1875;False;1;612;5900;Sky Bet Championship;12;Ewood Park;612;31363;31363;3;46;15;15;15;13;16161;6500;31117;€;711545.14;613401;0.0;0;0.0;0;0.0;0;302732.15;260976;0.0;0;0;68707993;;;;0;5;#F8F8F8;#0048A8;#0048A8;True
613;Blackpool;Blackpool;Angleterre;765;;1887;False;1;613;5000;Sky Bet League One;13;Bloomfield Road;613;17338;17338;3;24;5;5;9;11;9623;3500;20000;€;1152794.05;993788;0.0;0;0.0;0;0.0;0;147647.12;127282;0.0;0;0;308913819;;;;0;10;#F06020;#F8F8F8;#F8F8F8;True
614;Bolton Wanderers;Bolton Wanderers;Angleterre;765;;1877;False;1;614;5350;Sky Bet Championship;12;The Toughsheet Community Stadium;614;28723;28723;3;32;15;13;11;13;21325;3000;30000;€;1146082.29;988002;0.0;0;0.0;0;0.0;0;287367.95;247731;0.0;0;0;376028993;;;;0;10;#F8F8F8;#101830;#101830;True
616;Bradford City;Bradford City;Angleterre;765;;1903;False;1;616;4750;Sky Bet League One;13;University of Bradford Stadium;616;25136;25136;3;24;9;9;7;8;17762;3000;25000;€;146371.12;126182;0.0;0;0.0;0;0.0;0;95498.16;82326;0.0;0;0;609374523;;;;0;12;#682038;#F8A000;#080808;True
617;Brentford;Brentford;Angleterre;765;;1889;True;1;617;6550;Premier League;11;Gtech Community Stadium;29128182;17250;17250;3;71;13;13;9;10;17094;12000;24000;€;56444121.7;48658727;0.0;0;0.0;0;1825481.51;1573691;1431566.4;1234109;1378.08;1188;100;831202470;;;;0;48;#F8F8F8;#C82030;#C82030;True
618;Brighton & Hove Albion;Brighton;Angleterre;765;;1901;True;1;618;6850;Premier League;11;Amex Stadium;126070;31876;31876;3;70;18;18;14;18;31482;4500;40000;€;35100401.87;30258968;0.0;0;0.0;0;1797451.27;1549527;1419329.56;1223560;1367.64;1179;100;961046844;;;;0;48;#004898;#F8F8F8;#F8F8F8;True
619;Bristol City;Bristol City;Angleterre;765;;1897;False;1;619;5800;Sky Bet Championship;12;Ashton Gate;619;26500;26500;3;45;16;15;12;11;22423;4500;28028;€;2745574.92;2366875;0.0;0;0.0;0;0.0;0;338630.67;291923;0.0;0;0;408805164;;;;0;10;#A01828;#F8F8F8;#F8F8F8;True
622;Burnley;Burnley;Angleterre;765;;1882;False;1;622;6300;Sky Bet Championship;12;Turf Moor;622;22546;22546;3;48;16;15;12;14;19876;10000;28000;€;3470293.02;2991632;0.0;0;0.0;0;0.0;0;960848.85;828318;0.0;0;0;401331237;;;;0;1;#682040;#88C8E0;#88C8E0;True
624;Cambridge United;Cambridge Utd;Angleterre;765;;1912;False;1;624;4350;Sky Bet League One;13;Cledara Abbey Stadium;624;7953;4278;3;20;12;12;10;8;6640;2000;12000;€;30031.24;25889;0.0;0;0.0;0;0.0;0;58070.76;50061;0.0;0;0;5140768;;;;0;11;#F8A000;#080808;#080808;True
625;Cardiff City;Cardiff City;Pays de Galles;801;;1899;False;1;625;5550;Sky Bet Championship;12;Cardiff City Stadium;5005130;33280;33280;3;34;15;15;11;13;19344;8000;36000;€;137665.32;118677;0.0;0;0.0;0;0.0;0;270713.83;233374;0.0;0;0;76218032;;;;0;12;#205090;#F8F8F8;#F8F8F8;True
628;Charlton Athletic;Charlton Athletic;Angleterre;765;;1905;False;1;628;5550;Sky Bet Championship;12;The Valley;628;27111;26047;3;52;13;12;15;13;20200;6500;28000;€;696695.98;600600;0.0;0;0.0;0;0.0;0;311848.59;268835;0.0;0;0;118350220;;;;0;1;#C01820;#F8F8F8;#F8F8F8;True
630;Chelsea;Chelsea;Angleterre;765;;1905;True;1;630;8400;Premier League;11;Stamford Bridge;630;40343;40343;3;78;20;20;19;18;39611;25000;60000;€;190207260.49;163971781;0.0;0;0.0;0;3636373.7;3134805;2893233.64;2494167;1200.6;1035;100;2042045329;;;;0;1;#2840B8;#F8F8F8;#F8F8F8;True
639;Coventry City;Coventry City;Angleterre;765;;1883;True;1;639;6000;Premier League;11;Coventry Building Society Arena;5009114;32604;32604;3;52;15;15;12;12;27647;10000;40000;€;9328971.45;8042217;0.0;0;0.0;0;1048967.09;904282;867509.46;747853;281.88;243;100;699756237;;;;0;1;#90C0E8;#90C0E8;#F8F8F8;True
642;Crystal Palace;Crystal Palace;Angleterre;765;;1861;True;1;642;6700;Premier League;11;Selhurst Park;642;25486;25486;3;63;15;17;14;14;25064;17000;40000;€;-2339693.25;-2016977;0.0;0;0.0;0;2484041.33;2141415;1875780.27;1617052;1670.4;1440;100;816599515;;;;0;41;#F02840;#0058C0;#F8F8F8;True
645;Derby County;Derby County;Angleterre;765;;1884;False;1;645;5650;Sky Bet Championship;12;Pride Park Stadium;107145;33597;33597;3;44;17;14;14;14;29018;12000;40000;€;2771763.08;2389451;0.0;0;0.0;0;0.0;0;380165.63;327729;0.0;0;0;435737603;;;;0;25;#F8F8F8;#080808;#080808;True
646;Doncaster Rovers;Doncaster Rovers;Angleterre;765;;1879;False;1;646;4650;Sky Bet League One;13;Eco-Power Stadium;5121942;15231;15231;3;23;15;10;8;11;8013;2500;16000;€;29459.36;25396;0.0;0;0.0;0;0.0;0;76461.4;65915;0.0;0;0;304291932;;;;0;49;#D00828;#F8F8F8;#102040;True
650;Everton;Everton;Angleterre;765;;1878;True;1;650;6650;Premier League;11;Hill Dickinson Stadium;2000002647;52769;52769;3;57;18;18;14;14;52000;23500;65000;€;39127228.07;33730370;0.0;0;0.0;0;2212655.86;1907462;1612363.99;1389969;1054.44;909;100;1163376689;;;;0;14;#203878;#304070;#304070;True
654;Fulham;Fulham;Angleterre;765;;1879;True;1;654;6600;Premier League;11;Craven Cottage;654;29600;29600;3;63;16;13;17;16;26826;10000;33532;€;39852949.57;34355992;0.0;0;0.0;0;2100483.86;1810762;1649837.79;1422274;1398.96;1206;100;681771778;;;;0;1;#F8F8F8;#080808;#080808;True
664;Huddersfield Town;Huddersfield Town;Angleterre;765;;1908;False;1;664;5400;Sky Bet League One;13;Accu Stadium;664;24590;24590;3;27;14;14;8;8;18817;8000;24000;€;1354012.28;1167252;0.0;0;0.0;0;0.0;0;241039.87;207793;0.0;0;0;21061658;;;;0;37;#0070B0;#F8F8F8;#F8F8F8;True
665;Hull City;Hull City;Angleterre;765;;1904;True;1;665;5650;Premier League;11;MKM Stadium;5105217;25586;25586;3;63;14;11;10;10;21323;6000;35000;€;2851782.2;2458433;0.0;0;0.0;0;1158404.97;998625;1013798.21;873964;1513.8;1305;100;660937949;;;;0;2;#E88820;#202020;#202020;True
667;Ipswich Town;Ipswich Town;Angleterre;765;;1878;True;1;667;6150;Premier League;11;Portman Road;667;30056;30056;3;64;15;15;13;11;29742;12000;40000;€;5007115.5;4316479;0.0;0;0.0;0;1607273.91;1385581;1340375.32;1155496;647.28;558;100;623279748;;;;0;1;#183878;#F8F8F8;#F8F8F8;True
671;Leeds United;Leeds Utd;Angleterre;765;;1919;True;1;671;6500;Premier League;11;Elland Road;671;37645;37645;3;69;18;17;15;14;36134;9000;55000;€;29814377.14;25702050;0.0;0;0.0;0;1674451.83;1443493;1403535.0;1209944;2265.48;1953;100;767428120;;;;0;1;#F8F8F8;#0050B8;#0050B8;True
673;Leicester City;Leicester City;Angleterre;765;;1884;False;1;673;6200;Sky Bet League One;13;King Power Stadium;5110660;32273;32273;3;29;20;20;15;15;31448;8000;40000;€;13410404.65;11560694;0.0;0;0.0;0;0.0;0;633980.58;546535;0.0;0;0;304733614;;;;0;25;#1048B8;#D8B028;#F8F8F8;True
674;Leyton Orient;Leyton Orient;Angleterre;765;;1881;False;1;674;4600;Sky Bet League One;13;BetWright Stadium;674;9311;9311;3;28;9;9;10;9;7890;2000;12000;€;738852.7;636942;0.0;0;0.0;0;0.0;0;160004.6;137935;0.0;0;0;325330654;;;;0;1;#E00020;#E00020;#080808;True
675;Lincoln City;Lincoln City;Angleterre;765;;1884;False;1;675;4800;Sky Bet Championship;12;LNER Stadium;675;10669;10669;3;29;13;11;10;10;9004;2200;15000;€;2625650.64;2263492;0.0;0;0.0;0;0.0;0;132107.76;113886;0.0;0;0;325710863;;;;0;48;#E00028;#F8F8F8;#080808;True
676;Liverpool;Liverpool;Angleterre;765;;1892;True;1;676;8900;Premier League;11;Anfield;676;61276;61276;3;87;20;20;17;16;60330;33000;85000;€;253902274.01;218881277;0.0;0;0.0;0;5349908.25;4611990;3997089.6;3445767;2004.48;1728;100;1436932804;;;;0;1;#782028;#F8F8F8;#F8F8F8;True
677;Luton Town;Luton Town;Angleterre;765;;1885;False;1;677;5550;Sky Bet League One;13;Kenilworth Road;677;12175;12175;3;27;14;14;10;9;11555;2000;25000;€;13932940.56;12011156;0.0;0;0.0;0;0.0;0;206750.27;178233;0.0;0;0;45524032;;;;0;2;#D03018;#081828;#081828;True
679;Manchester City;Man City;Angleterre;765;;1894;True;1;679;9150;Premier League;11;Etihad Stadium;5114325;53400;53400;3;74;20;20;19;20;52591;50000;85000;€;469579348.69;404809795;0.0;0;0.0;0;4815435.94;4151238;3872563.61;3338417;783.0;675;100;2095976976;;;;0;8;#68A0D0;#F8F8F8;#F8F8F8;True
680;Manchester United;Man Utd;Angleterre;765;;1878;True;1;680;8200;Premier League;11;Old Trafford;680;74879;74879;3;86;19;18;18;18;73747;50000;120000;€;324138000.71;279429319;0.0;0;0.0;0;4523015.03;3899151;3718381.05;3205501;2432.52;2097;100;1250201521;;;;0;1;#C81018;#C81018;#080808;True
681;Mansfield Town;Mansfield Town;Angleterre;765;;1897;False;1;681;4600;Sky Bet League One;13;One Call Stadium;681;9348;9348;3;23;10;10;6;6;7769;1500;12000;€;161722.56;139416;0.0;0;0.0;0;0.0;0;95563.12;82382;0.0;0;0;905234968;;;;0;53;#F8D040;#083870;#083870;True
685;Middlesbrough;Middlesbrough;Angleterre;765;;1876;False;1;685;6050;Sky Bet Championship;12;Riverside Stadium;685;34752;34752;3;54;18;18;14;15;25416;12000;34000;€;8468918.48;7300792;0.0;0;0.0;0;0.0;0;546448.14;471076;0.0;0;0;212590719;;;;0;15;#B81028;#F8F8F8;#F8F8F8;True
686;Millwall;Millwall;Angleterre;765;;1885;False;1;686;5650;Sky Bet Championship;12;Den;686;20146;20146;3;39;14;14;13;10;15490;7000;25000;€;3114721.71;2685105;0.0;0;0.0;0;0.0;0;350270.11;301957;0.0;0;0;91339922;;;;0;1;#182038;#182038;#F8F8F8;True
688;Newcastle United;Newcastle Utd;Angleterre;765;;1892;True;1;688;7650;Premier League;11;St. James' Park;688;52305;52305;3;77;16;14;13;17;52187;49000;75000;€;12190553.33;10509098;0.0;0;0.0;0;2427348.65;2092542;1929343.26;1663227;1795.68;1548;100;902324448;;;;0;3;#080808;#F8F8F8;#080808;True
691;Norwich City;Norwich City;Angleterre;765;;1902;False;1;691;6050;Sky Bet Championship;12;Carrow Road;691;27359;27359;3;52;16;16;14;14;26316;15000;33000;€;5627188.84;4851025;0.0;0;0.0;0;0.0;0;454119.11;391482;0.0;0;0;488874464;;;;0;1;#E8E018;#108038;#108038;True
692;Nottingham Forest;Nottingham Forest;Angleterre;765;;1865;True;1;692;6600;Premier League;11;City Ground;692;31576;31576;3;60;13;13;13;12;30059;13000;42000;€;-36240818.72;-31242086;0.0;0;1202975.65;1037048;2571898.57;2217154;2141619.78;1846224;908.28;783;100;1221026165;;;;0;12;#E02830;#601830;#F8F8F8;True
693;Notts County;Notts County;Angleterre;765;;1862;False;1;693;4550;Sky Bet League One;13;Meadow Lane;693;20211;20211;3;24;10;5;8;9;10550;2500;20300;€;1034796.53;892066;0.0;0;0.0;0;0.0;0;63497.24;54739;0.0;0;0;6363547;;;;0;48;#080808;#F8F8F8;#F8F8F8;True
695;Oxford United;Oxford Utd;Angleterre;765;;1893;False;1;695;5400;Sky Bet League One;13;Kassam Stadium;5105151;12573;12573;3;24;10;8;8;11;11358;4000;20000;€;703029.58;606060;0.0;0;0.0;0;0.0;0;202328.35;174421;0.0;0;0;42854667;;;;0;2;#F8C800;#101830;#101830;True
696;Peterborough United;Peterborough Utd;Angleterre;765;;1934;False;1;696;4900;Sky Bet League One;13;ABAX Stadium;696;13511;13511;3;25;8;10;10;10;9151;3000;15314;€;2028921.14;1749070;0.0;0;0.0;0;0.0;0;82086.24;70764;0.0;0;0;9152072;;;;0;10;#0050B0;#083068;#303040;True
697;Plymouth Argyle;Plymouth Argyle;Angleterre;765;;1886;False;1;697;5300;Sky Bet League One;13;Home Park;697;18214;18214;3;22;9;9;9;10;16537;5000;35000;€;1414633.88;1219512;0.0;0;0.0;0;0.0;0;130987.2;112920;0.0;0;0;18982736;;;;0;1;#204038;#F8F8F8;#F8F8F8;True
699;Portsmouth;Portsmouth;Angleterre;765;;1898;False;1;699;5500;Sky Bet Championship;12;Fratton Park;699;21444;21444;3;33;14;10;11;10;20263;10000;35000;€;139757.96;120481;0.0;0;0.0;0;0.0;0;295493.75;254736;0.0;0;0;360939152;;;;0;1;#205890;#205890;#F8F8F8;True
700;Preston North End;Preston North End;Angleterre;765;;1880;False;1;700;5650;Sky Bet Championship;12;Deepdale;700;23404;23404;3;32;16;11;9;11;16505;5000;32000;€;4432238.07;3820895;0.0;0;0.0;0;0.0;0;285282.27;245933;0.0;0;0;376458703;;;;0;1;#F8F8F8;#202850;#F8F8F8;True
701;Queens Park Rangers;QPR;Angleterre;765;;1882;False;1;701;5650;Sky Bet Championship;12;MATRADE Loftus Road;701;18224;18224;3;41;14;14;11;12;15856;8000;30000;€;-26443.36;-22796;0.0;0;0.0;0;0.0;0;402732.27;347183;0.0;0;0;133407524;;;;0;13;#F8F8F8;#083068;#083068;True
702;Reading;Reading;Angleterre;765;;1871;False;1;702;5200;Sky Bet League One;13;Select Car Leasing Stadium;4800054;24376;24376;3;26;17;15;14;13;12535;4000;28000;€;3372.12;2907;0.0;0;0.0;0;0.0;0;130966.32;112902;0.0;0;0;618530910;;;;0;49;#F8F8F8;#2858B8;#2858B8;True
708;Sheffield United;Sheffield Utd;Angleterre;765;;1889;False;1;708;6200;Sky Bet Championship;12;Bramall Lane;708;33301;33301;3;39;13;12;13;15;28087;10000;35108;€;34870830.92;30061062;0.0;0;0.0;0;0.0;0;577441.02;497794;0.0;0;0;175282763;;;;0;3;#F8F8F8;#E82030;#080808;True
709;Sheffield Wednesday;Sheffield Wednesday;Angleterre;765;;1867;False;1;709;5700;Sky Bet League One;13;Hillsborough;709;40576;40576;3;30;11;10;10;12;26636;12000;50000;€;2.32;2;0.0;0;0.0;0;0.0;0;265577.35;228946;0.0;0;0;48067098;;;;0;3;#0030A0;#F8F8F8;#F8F8F8;True
713;Southampton;Southampton;Angleterre;765;;1885;False;1;713;6200;Sky Bet Championship;12;St. Mary's Stadium;5102453;32384;32384;3;68;19;17;15;17;28695;15000;48000;€;45606197.93;39315689;0.0;0;0.0;0;0.0;0;720387.82;621024;0.0;0;0;409780327;;;;0;37;#F8F8F8;#E82028;#E82028;True
719;Stevenage;Stevenage;Angleterre;765;;1976;False;1;719;4550;Sky Bet League One;13;Lamex Stadium;719;6861;5100;3;21;11;8;7;5;3989;2100;7800;€;2.32;2;0.0;0;0.0;0;0.0;0;83547.84;72024;0.0;0;0;8550544;;;;0;2;#F8F8F8;#A81028;#C81028;True
720;Stockport County;Stockport County;Angleterre;765;;1883;False;1;720;4850;Sky Bet League One;13;Edgeley Park;720;11041;11041;3;24;13;8;7;10;9603;1800;12500;€;581817.7;501567;0.0;0;0.0;0;0.0;0;127877.24;110239;0.0;0;0;314962897;;;;0;10;#0050B0;#F8F8F8;#282840;True
721;Stoke City;Stoke City;Angleterre;765;;1863;False;1;721;5800;Sky Bet Championship;12;bet365 Stadium;100076;30560;30560;3;39;16;16;11;14;22804;7500;42500;€;1040641.77;897105;0.0;0;0.0;0;0.0;0;501448.27;432283;0.0;0;0;154975492;;;;0;3;#C80030;#F8F8F8;#080808;True
722;Sunderland;Sunderland;Angleterre;765;;1879;True;1;722;6250;Premier League;11;Stadium of Light;722;49000;49000;3;63;18;17;14;14;40425;12000;50531;€;-36078245.88;-31101937;0.0;0;0.0;0;1781645.11;1535901;1395700.36;1203190;1346.76;1161;100;855891796;;;;0;48;#E81820;#F8F8F8;#080808;True
724;Swansea City;Swansea City;Pays de Galles;801;;1912;False;1;724;5800;Sky Bet Championship;12;Swansea.com Stadium;4000723;21088;21088;3;36;14;14;12;14;15503;8500;35000;€;1375930.48;1186147;0.0;0;0.0;0;0.0;0;354977.39;306015;0.0;0;0;435359808;;;;0;48;#F8F8F8;#F0F0F0;#505050;True
728;Tottenham Hotspur;Tottenham Hotspur;Angleterre;765;;1882;True;1;728;7750;Premier League;11;Tottenham Hotspur Stadium;28096287;62850;62850;3;83;20;20;16;16;61127;40000;80000;€;281320088.91;242517325;0.0;0;0.0;0;4207557.68;3627205;3063615.59;2641048;887.4;765;100;1451074795;;;;0;25;#F8F8F8;#183068;#183068;True
732;Watford;Watford;Angleterre;765;;1881;False;1;732;5950;Sky Bet Championship;12;Vicarage Road;732;22200;22200;3;34;18;14;12;15;19379;8000;35000;€;1205367.57;1039110;0.0;0;0.0;0;0.0;0;454114.47;391478;0.0;0;0;172100163;;;;0;3;#E82020;#F8E820;#080808;True
734;West Bromwich Albion;West Brom;Angleterre;765;;1878;False;1;734;6050;Sky Bet Championship;12;Hawthorns;734;26699;26699;3;40;15;15;13;13;25057;12000;35000;€;-19054.16;-16426;0.0;0;0.0;0;0.0;0;331163.75;285486;0.0;0;0;116273558;;;;0;3;#002058;#F8F8F8;#002058;True
735;West Ham United;West Ham Utd;Angleterre;765;;1895;False;1;735;6750;Sky Bet Championship;12;London Stadium;29076584;62500;62500;3;53;14;15;15;15;62464;30230;80000;€;27037791.94;23308442;0.0;0;0.0;0;0.0;0;1440978.64;1242223;0.0;0;0;600413533;;;;0;1;#703040;#98B0D0;#98B0D0;True
737;Wigan Athletic;Wigan Athletic;Angleterre;765;;1932;False;1;737;4800;Sky Bet League One;13;Brick Community Stadium;737;25168;25168;3;23;11;12;12;10;9946;3800;25133;€;-599.72;-517;0.0;0;0.0;0;0.0;0;84693.92;73012;0.0;0;0;315151410;;;;0;11;#084080;#F8F8F8;#084080;True
740;Wolverhampton Wanderers;Wolverhampton Wanderers;Angleterre;765;;1877;False;1;740;6550;Sky Bet Championship;12;Molineux Stadium;740;31852;31852;3;50;17;17;14;15;30660;14000;38325;€;-49005.36;-42246;0.0;0;0.0;0;0.0;0;1144175.25;986358;0.0;0;0;643294470;;;;0;7;#E8B038;#E0A828;#080808;True
741;Wrexham;Wrexham;Pays de Galles;801;;1864;False;1;741;5650;Sky Bet Championship;12;STōK Cae Ras;741;10859;10859;3;28;12;8;9;10;12781;4000;22000;€;2381323.33;2052865;0.0;0;0.0;0;0.0;0;542143.38;467365;0.0;0;0;794472124;;;;0;1;#C81028;#C81028;#F8F8F8;True
742;Wycombe Wanderers;Wycombe Wanderers;Angleterre;765;;1887;False;1;742;5000;Sky Bet League One;13;Adams Park;742;9446;8250;3;24;11;10;8;10;5362;1300;14000;€;864595.54;745341;0.0;0;0.0;0;0.0;0;148004.4;127590;0.0;0;0;311628338;;;;0;6;#002040;#48B0E0;#F8F8F8;True
746;FC Flora Tallinn;Flora;Estonie;766;;1990;False;1;746;3500;Première Ligue d'Estonie;7681558;Lilleküla staadion;5220182;14336;14336;3;0;8;9;10;10;530;184;2500;€;1400723.16;1207520;0.0;0;0.0;0;0.0;0;0.0;0;0.0;0;0;0;;;;0;2;#008058;#58B070;#008058;True
751;JK Narva Trans;Trans;Estonie;766;;1979;False;1;751;2800;Première Ligue d'Estonie;7681558;Kreenholmi staadion;1300320;1065;1065;2;1;7;7;7;8;221;174;2500;€;173088.24;149214;0.0;0;0.0;0;0.0;0;285.36;246;0.0;0;0;98807;;;;0;34;#C80020;#283858;#C80020;True
806;Klaksvíkar Ítróttarfelag;KÍ;Îles Féroé;767;;1904;False;2;806;5000;Premiership des Iles Féroé;8300358;við Djúpumýrar;8300374;2500;1335;3;0;11;11;13;18;800;400;2500;€;583840.74;503311;0.0;0;0.0;0;0.0;0;0.0;0;0.0;0;0;0;;;;0;1;#0030A0;#F8F8F8;#F8F8F8;True
816;Helsingin Jalkapalloklubi;HJK;Finlande;768;;1907;False;1;816;5100;Première Ligue finlandaise;129120;Töölön jalkapallostadion;115602;10770;10770;2;5;14;12;15;16;6240;2012;10250;€;1904043.67;1641417;0.0;0;0.0;0;0.0;0;11697.44;10084;0.0;0;0;301166740;;;;0;48;#F8F8F8;#0050B8;#0050B8;True
818;Kuopion Palloseura;KuPS;Finlande;768;;1923;False;1;818;5250;Première Ligue finlandaise;129120;Kuopion keskuskenttä;521612;8000;3200;2;5;12;8;10;12;2300;1400;5500;€;1697918.63;1463723;0.0;0;0.0;0;0.0;0;4171.36;3596;0.0;0;0;301149216;;;;0;10;#F8E010;#F8D000;#F8D000;True
824;AJ Auxerre;Auxerre;France;769;;1905;True;1;824;6250;Ligue 1 McDonald's;16;Stade Abbé-Deschamps;919;17997;17997;3;80;16;16;13;12;16635;15381;20793;€;7261187.99;6259645;0.0;0;0.0;0;251036.75;216411;237222.31;204502;1078.8;930;100;418838334;;;;0;1;#F8F8F8;#0030A0;#0030A0;True
825;Association Sportive Cannes Football;Cannes;France;769;;1902;False;2;825;3500;National 2 - Groupe C;914523;Stade Pierre de Coubertin;923;10000;10000;3;26;11;7;6;8;200;100;2500;€;0.0;0;0.0;0;0.0;0;0.0;0;27823.76;23986;0.0;0;0;1738205;;;;0;3;#F8F8F8;#E00000;#E00000;True
826;AS Monaco;Monaco;France;769;;1924;True;1;826;7600;Ligue 1 McDonald's;16;Stade Louis II;926;17000;16500;3;81;18;18;15;15;9348;5336;14252;€;97930314.1;84422687;0.0;0;0.0;0;1163564.65;1003073;1005784.93;867056;661.2;570;100;631249569;;;;0;43;#F8F8F8;#D00830;#F8F8F8;True
827;AS Nancy Lorraine;Nancy;France;769;;1967;True;1;827;5300;Ligue 2 BKT;17;Stade Marcel-Picot;927;20087;20087;3;53;14;15;12;13;13157;100;16446;€;512918.35;442171;0.0;0;0.0;0;63367.32;54627;54260.16;46776;319.0;275;100;18790537;;;;0;31;#F8F8F8;#E00000;#E00000;True
828;AS Saint-Étienne;Saint-Étienne;France;769;;1933;True;1;828;6500;Ligue 2 BKT;17;Stade Geoffroy-Guichard;928;42000;42000;3;67;16;15;15;15;31157;100;38946;€;27518794.05;23723099;0.0;0;0.0;0;212157.03;182894;175897.75;151636;638.0;550;100;83087969;;;;0;2;#088860;#F8F8F8;#F8F8F8;True
831;Amiens SC;Amiens;France;769;;1901;True;1;831;5650;Championnat National;18;Stade Crédit Agricole La Licorne;6200321;12999;12999;3;73;11;12;9;10;7608;100;9510;€;4910755.46;4233410;0.0;0;0.0;0;34354.56;29616;28694.92;24737;435.0;375;100;7865093;;;;0;5;#F8F8F8;#080808;#F8F8F8;True
834;AS Beauvais Oise;Beauvais;France;769;;1945;False;2;834;3250;National 2 - Groupe B;914522;Stade Pierre-Brisson;922;10178;6663;3;1;7;5;6;8;626;378;2500;€;2.32;2;0.0;0;0.0;0;0.0;0;317.84;274;0.0;0;0;9222;;;;0;2;#E00000;#E83038;#E00000;True
839;Dijon FCO;Dijon;France;769;;1998;True;1;839;5100;Ligue 2 BKT;17;Stade Gaston-Gérard;934;17085;15459;3;76;15;15;12;11;4407;100;5508;€;2231652.02;1923838;0.0;0;0.0;0;52753.32;45477;44515.0;38375;377.0;325;10;5040134;;;;0;1;#E00000;#E00000;#E00000;True
840;En Avant Guingamp;Guingamp;France;769;;1912;True;1;840;5800;Ligue 2 BKT;17;Stade de Roudourou;942;19069;17500;3;74;14;15;12;12;7734;100;9667;€;6207477.66;5351274;0.0;0;0.0;0;82786.88;71368;67928.44;58559;551.0;475;100;312883738;;;;0;48;#E00010;#080808;#080808;True
844;FC Metz;Metz;France;769;;1932;True;1;844;6100;Ligue 2 BKT;17;Stade Saint-Symphorien;950;28800;28800;3;76;14;16;12;12;19361;100;24201;€;4751557.06;4096170;0.0;0;0.0;0;148270.04;127819;121070.36;104371;899.0;775;100;48673795;;;;0;1;#500800;#901818;#901818;True
846;FC Nantes;Nantes;France;769;;1943;True;1;846;6700;Ligue 2 BKT;17;Stade de la Beaujoire;952;35322;35322;3;76;14;15;16;14;30269;25050;37836;€;7187454.91;6196082;0.0;0;0.0;0;323521.67;278898;269003.99;231900;725.0;625;100;95949945;;;;0;12;#F8C800;#009858;#009858;True
851;FC Girondins de Bordeaux;Bordeaux;France;769;;1881;False;2;851;4250;National 2 - Groupe A;19;Matmut Atlantique;48031770;42115;41458;3;26;15;14;11;11;12000;100;41170;€;0.0;0;0.0;0;0.0;0;0.0;0;22867.08;19713;0.0;0;0;1643687;;;;0;29;#283048;#F8F8F8;#F8F8F8;True
852;Grenoble Foot 38;Grenoble;France;769;;1997;True;1;852;5550;Ligue 2 BKT;17;Stade des Alpes;8430432;20068;20068;3;55;10;10;8;8;3580;1000;5370;€;3957008.13;3411214;0.0;0;0.0;0;89884.92;77487;73556.76;63411;232.0;200;100;315642450;;;;0;54;#0050D0;#0050D0;#002080;True
854;Istres FC;Istres;France;769;;1920;False;2;854;3250;National 2 - Groupe C;914523;Stade Parsemain;8434673;17170;12670;3;15;8;5;7;6;450;150;2500;€;2.32;2;0.0;0;0.0;0;0.0;0;5797.68;4998;0.0;0;0;542800;;;;0;34;#604090;#202020;#F8F8F8;True
855;Châteauroux;Châteauroux;France;769;;1883;False;2;855;4500;National 2 - Groupe A;19;Stade Gaston-Petit;936;17173;14500;3;32;14;14;12;12;2801;100;3501;€;2.32;2;0.0;0;0.0;0;0.0;0;20746.6;17885;0.0;0;0;1289638;;;;0;48;#E00000;#002080;#F8F8F8;True
856;Havre AC;Havre AC;France;769;;1872;True;1;856;6000;Ligue 1 McDonald's;16;Stade Océane;8442058;24500;24500;3;81;15;15;14;13;20219;17071;25273;€;2090555.42;1802203;0.0;0;0.0;0;190362.95;164106;194200.23;167414;1287.6;1110;100;93097736;;;;0;5;#60B0D0;#001830;#080808;True
857;Le Mans FC;Le Mans;France;769;;1985;True;1;857;5200;Ligue 1 McDonald's;16;Stade Marie Marvingt;8437659;25064;25064;3;53;12;10;7;8;9659;100;12073;€;165652.64;142804;0.0;0;0.0;0;94804.48;81728;88187.84;76024;382.8;330;100;915472499;;;;0;48;#E00000;#F8F000;#E00000;True
858;LOSC Lille;Lille;France;769;;1944;True;1;858;7300;Ligue 1 McDonald's;16;Decathlon Arena - Stade Pierre Mauroy;34012570;49966;49966;3;86;16;16;11;13;42417;36906;53021;€;49362744.14;42554091;0.0;0;0.0;0;591477.02;509894;563692.7;485942;696.0;600;100;909630025;;;;0;12;#C82020;#902028;#902028;True
859;Montpellier Hérault SC;Montpellier;France;769;;1974;True;1;859;6400;Ligue 2 BKT;17;Stade de la Mosson;967;19872;19872;3;75;14;15;12;13;8860;100;11075;€;3813873.41;3287822;0.0;0;0.0;0;103353.68;89098;89531.12;77182;870.0;750;100;626190737;;;;0;29;#102840;#F84800;#F84800;True
860;Nîmes Olympique;Nîmes;France;769;;1937;False;2;860;4250;National 2 - Groupe C;914523;Stade des Antonins;2000218382;8033;8033;3;26;13;14;10;12;1582;100;2500;€;1306161.12;1126001;0.0;0;0.0;0;0.0;0;27973.4;24115;0.0;0;0;301246272;;;;0;1;#E00000;#E00000;#F8F8F8;True
862;OGC Nice;Nice;France;769;;1904;True;1;862;7100;Ligue 1 McDonald's;16;Allianz Riviera;8437525;27000;27000;3;74;17;17;15;16;24417;18389;31017;€;55760316.8;48069240;0.0;0;0.0;0;587099.18;506120;395073.95;340581;417.6;360;100;489055490;;;;0;37;#D01818;#181810;#181818;True
865;Olympique Lyonnais;Lyon;France;769;;1950;True;1;865;7750;Ligue 1 McDonald's;16;Groupama Stadium;85015271;59186;59000;3;77;17;18;17;17;51003;42592;63753;€;37680455.24;32483152;0.0;0;0.0;0;872957.97;752550;807643.02;696244;835.2;720;100;918512183;;;;0;24;#F8F8F8;#082098;#F00040;True
866;Olympique de Marseille;Marseille;France;769;;1899;True;1;866;7800;Ligue 1 McDonald's;16;Orange Vélodrome;975;67000;67000;3;87;16;16;13;12;63553;54568;79441;€;157092711.28;135424755;0.0;0;0.0;0;804884.54;693866;684054.3;589702;1044.0;900;100;274192064;;;;0;1;#F8F8F8;#2098C8;#2098C8;True
867;Paris FC;Paris FC;France;769;;1972;True;1;867;6150;Ligue 1 McDonald's;16;Stade Jean-Bouin;48043073;20000;20000;3;74;13;12;10;11;10277;100;12846;€;20376268.25;17565749;0.0;0;0.0;0;485838.15;418826;398651.39;343665;904.8;780;100;740162347;;;;0;25;#001038;#F8F8F8;#F8F8F8;True
868;Paris Saint-Germain;PSG;France;769;;1970;True;1;868;8750;Ligue 1 McDonald's;16;Parc des Princes;977;47926;47926;3;83;20;20;17;19;47565;46583;59456;€;50185600.56;43263450;0.0;0;0.0;0;3833696.65;3304911;3260480.35;2810759;696.0;600;100;1936341990;;;;0;16;#004070;#D82818;#004070;True
871;RC Lens;Lens;France;769;;1906;True;1;871;7000;Ligue 1 McDonald's;16;Stade Bollaert-Delelis;980;38223;37705;3;74;16;16;14;13;37936;37301;47420;€;35406748.58;30523060;0.0;0;0.0;0;496401.11;427932;533493.26;459908;522.0;450;100;1146923356;;;;0;12;#F8D000;#E00000;#E00000;True
872;RC Strasbourg Alsace;Strasbourg;France;769;;1906;True;1;872;6550;Ligue 1 McDonald's;16;Stade de La Meinau;981;32047;32047;3;76;13;14;11;12;19378;19026;24222;€;35414906.86;30530093;0.0;0;0.0;0;371964.43;320659;381863.87;329193;1113.6;960;100;346734209;;;;0;10;#283040;#283040;#F8F8F8;True
873;Red Star FC;Red Star;France;769;;1897;True;1;873;5300;Ligue 2 BKT;17;Stade Bauer;982;4766;4766;3;82;12;12;8;8;4518;100;5647;€;82067.68;70748;0.0;0;0.0;0;89068.28;76783;63902.08;55088;667.0;575;100;322147904;;;;0;56;#004020;#F8F8F8;#F8F8F8;True
874;FC Rouen 1899;Rouen;France;769;;1899;True;2;874;4500;Championnat National;18;Stade Robert-Diochon;954;12171;12171;3;69;8;5;6;6;5907;100;7383;€;116013.92;100012;0.0;0;0.0;0;34139.96;29431;28060.4;24190;361.92;312;40;2182321;;;;0;1;#E00000;#F8F8F8;#F8F8F8;True
875;Angers SCO;Angers;France;769;;1919;True;1;875;6250;Ligue 1 McDonald's;16;Stade Raymond-Kopa;986;18500;18500;3;61;12;14;11;12;13131;8526;17325;€;2344752.01;2021338;0.0;0;0.0;0;288225.19;248470;257664.99;222125;730.8;630;100;965657644;;;;0;48;#080808;#F8F8F8;#D8B028;True
876;SC Bastia;Bastia;France;769;;1905;True;1;876;5600;Championnat National;18;Stade Armand-Cesari;987;16048;16048;3;57;12;10;8;8;10355;100;12943;€;2773334.88;2390806;0.0;0;0.0;0;29663.52;25572;36388.04;31369;406.0;350;100;8984012;;;;0;30;#0050D0;#F8F8F8;#F8F8F8;True
877;Stade Malherbe Caen;Caen;France;769;;1913;True;1;877;5500;Championnat National;18;Stade Michel-d'Ornano;992;20300;20300;3;52;14;15;15;14;11847;100;14808;€;2976580.79;2566018;0.0;0;0.0;0;60528.8;52180;47941.64;41329;464.0;400;100;603477264;;;;0;48;#0050D0;#E00000;#0050D0;True
878;Stade Briochin;Stade Briochin;France;769;;1904;False;2;878;3800;National 2 - Groupe B;914522;Stade Fred Aubert;985;5101;3161;3;24;5;3;5;8;1123;100;2500;€;3.48;3;0.0;0;0.0;0;0.0;0;15624.04;13469;0.0;0;0;799642;;;;0;1;#002060;#002060;#60C0F8;True
881;SAS Épinal;Épinal;France;769;;1941;False;2;881;3500;National 2 - Groupe B;914522;Stade de la Colombière;989;7200;2250;3;28;5;4;5;6;1281;320;2500;€;2.32;2;0.0;0;0.0;0;0.0;0;15103.2;13020;0.0;0;0;837492;;;;0;10;#F8D000;#0050D0;#0050D0;True
884;Stade Rennais FC;Rennes;France;769;;1901;True;1;884;7150;Ligue 1 McDonald's;16;Roazhon Park;995;29194;29194;3;76;16;17;17;18;27374;26026;34217;€;18004937.16;15521498;0.0;0;0.0;0;778005.02;670694;671678.26;579033;939.6;810;100;1144834148;;;;0;2;#E03030;#080808;#080808;True
886;Toulouse FC;Toulouse;France;769;;1937;True;1;886;6350;Ligue 1 McDonald's;16;Stadium de Toulouse;996;31800;31800;3;73;15;15;16;14;26214;22042;32767;€;4826657.78;4160912;0.0;0;0.0;0;200591.83;172924;192868.55;166266;1044.0;900;100;144905226;;;;0;5;#F8F8F8;#503888;#6850A0;True
888;Valenciennes FC;Valenciennes;France;769;;1913;True;1;888;5150;Championnat National;18;Stade du Hainaut;34007838;25172;24926;3;63;15;13;13;13;7042;100;8802;€;8037188.53;6928611;0.0;0;0.0;0;33631.88;28993;28571.96;24631;551.0;475;100;4354814;;;;0;29;#E00000;#F8F8F8;#F8F8F8;True
890;Dila Gori;Dila Gori;Géorgie;770;;1949;False;1;890;5200;Georgian National League;59126495;Tengiz Burjanadzis Sakhelobis Stadioni;1300396;8230;8230;2;1;10;10;10;12;1470;403;7000;€;1280981.0;1104294;0.0;0;0.0;0;0.0;0;2554.32;2202;0.0;0;0;926640;;;;0;25;#E00000;#F8F8F8;#E00000;True
891;Dinamo Batumi;Dinamo Batumi;Géorgie;770;;1923;False;1;891;5400;Georgian National League;59126495;Batumi Arena;2000007092;20035;20035;2;1;11;11;12;12;3450;1479;20000;€;1054544.37;909090;0.0;0;0.0;0;0.0;0;3496.24;3014;0.0;0;0;1920000;;;;0;1;#1850F8;#0030A0;#0030A0;True
892;Dinamo Tbilisi;Dinamo Tbilisi;Géorgie;770;;1925;False;1;892;5450;Georgian National League;59126495;Boris Paichadzis Sakhelobis Dinamo Arena;1300401;54549;54549;3;4;13;15;16;20;967;327;35000;€;1822355.31;1570996;0.0;0;0.0;0;0.0;0;8660.56;7466;0.0;0;0;302384450;;;;0;15;#2858E8;#F8F8F8;#F8F8F8;True
899;1. FC Nürnberg;Nürnberg;Allemagne;771;;1900;False;1;899;6300;Bundesliga 2;23;Max-Morlock-Stadion;1287;50000;36771;2;51;14;14;16;12;37408;25000;46760;€;1853244.95;1597625;0.0;0;0.0;0;0.0;0;183761.39;158415;0.0;0;0;341333490;;;;0;5;#582030;#080808;#F8F8F8;True
900;TSV Alemannia Aachen;Alemannia Aachen;Allemagne;771;;1900;False;1;900;4500;3. Liga;35010926;Tivoli;91013556;32960;21279;2;23;12;12;8;9;26043;6500;32553;€;2.32;2;0.0;0;0.0;0;0.0;0;115074.32;99202;0.0;0;0;7584463;;;;0;21;#F8F038;#080808;#080808;True
901;Bayer 04 Leverkusen;Bayer Leverkusen;Allemagne;771;;1904;True;1;901;8000;Bundesliga;22;BayArena;1291;30210;25710;2;57;17;14;14;17;29961;25000;40000;€;37708109.63;32506992;0.0;0;0.0;0;2405003.57;2073279;2039449.3;1758146;345.68;298;100;1426619169;;;;0;12;#080808;#080808;#A84038;True
904;DSC Arminia Bielefeld;Arminia Bielefeld;Allemagne;771;;1905;False;1;904;5900;Bundesliga 2;23;SchücoArena;1297;27332;19392;2;31;13;12;8;10;21285;12500;27332;€;1179385.89;1016712;0.0;0;0.0;0;0.0;0;140046.8;120730;0.0;0;0;23229348;;;;0;12;#183868;#085098;#F8F8F8;True
905;VfL Bochum 1848;Bochum;Allemagne;771;;1938;False;1;905;6400;Bundesliga 2;23;Vonovia Ruhrstadion;1348;26000;15574;2;56;13;14;14;13;25546;13000;31932;€;1718536.47;1481497;0.0;0;0.0;0;0.0;0;213394.75;183961;0.0;0;0;926648444;;;;0;1;#202840;#003058;#F8F8F8;True
907;Borussia Dortmund;Borussia Dortmund;Allemagne;771;;1909;True;1;907;8150;Bundesliga;22;SIGNAL IDUNA PARK;1293;81365;53028;2;84;19;18;16;17;81365;75000;101706;€;70663496.41;60916809;0.0;0;0.0;0;2408159.93;2076000;1993754.58;1718754;867.68;748;100;780818078;;;;0;50;#D0C028;#303030;#303030;True
908;Borussia Mönchengladbach;Borussia M'gladbach;Allemagne;771;;1900;True;1;908;7000;Bundesliga;22;BORUSSIA-PARK;8701015;54042;37869;2;76;15;15;12;14;53078;35000;66347;€;18239518.16;15723723;0.0;0;0.0;0;905879.93;780931;793066.46;683678;345.68;298;100;148898885;;;;0;1;#F8F8F8;#080808;#080808;True
911;SG Dynamo Dresden;Dynamo Dresden;Allemagne;771;;1953;False;1;911;6000;Bundesliga 2;23;Rudolf-Harbig-Stadion;1284;31859;21055;2;32;14;13;10;9;29074;15000;36342;€;1067034.09;919857;0.0;0;0.0;0;0.0;0;163860.44;141259;0.0;0;0;25181808;;;;0;1;#F8C038;#080808;#080808;True
912;Eintracht Frankfurt;Eintracht Frankfurt;Allemagne;771;;1899;True;1;912;7350;Bundesliga;22;Deutsche Bank Park;1299;58000;38000;2;90;15;15;12;13;57600;48000;72000;€;33319524.68;28723729;0.0;0;501239.47;432103;973730.65;839423;816418.42;703809;912.92;787;100;750386199;;;;0;37;#181818;#F03820;#080808;True
915;FC Bayern München;FC Bayern;Allemagne;771;;1900;True;1;915;8800;Bundesliga;22;Allianz-Arena;8700726;75000;61682;2;109;19;19;16;18;75000;72000;93750;€;155776532.4;134290118;0.0;0;0.0;0;5507005.88;4747419;4686207.31;4039834;1350.24;1164;100;1363402846;;;;0;37;#B03038;#F8F8F8;#F8F8F8;True
916;1. FC Köln;Köln;Allemagne;771;;1948;True;1;916;6950;Bundesliga;22;RheinEnergieSTADION;1286;50000;41825;2;79;15;15;12;15;49929;40000;65000;€;14889398.81;12835689;0.0;0;0.0;0;699766.5;603247;604332.14;520976;586.96;506;100;475315751;;;;0;48;#F8F8F8;#B02830;#F8F8F8;True
918;1. FSV Mainz 05;Mainz;Allemagne;771;;1905;True;1;918;6650;Bundesliga;22;MEWA Arena;29074561;33305;19500;2;77;16;15;14;13;32390;20000;40487;€;15480680.95;13345415;0.0;0;0.0;0;877117.73;756136;753903.7;649917;469.8;405;100;1325920018;;;;0;2;#C83030;#F8F8F8;#C83030;True
919;SV Meppen;SV Meppen;Allemagne;771;;1912;False;1;919;4650;3. Liga;35010926;Hänsch-Arena;1337;14112;6762;2;20;9;9;6;7;7629;6008;12730;€;2.32;2;0.0;0;0.0;0;0.0;0;27328.44;23559;0.0;0;0;1531191;;;;0;25;#3860D0;#F8F8F8;#F8F8F8;True
920;FC Schalke 04;Schalke 04;Allemagne;771;;1904;True;1;920;7100;Bundesliga;22;VELTINS-Arena;1311;62271;45962;2;75;16;16;18;16;61639;52271;77048;€;10605709.17;9142853;0.0;0;0.0;0;516030.63;444854;430069.99;370750;358.44;309;100;725035065;;;;0;25;#283880;#F8F8F8;#283880;True
921;Fortuna Düsseldorf 1895;Fortuna Düsseldorf;Allemagne;771;;1895;False;1;921;6350;3. Liga;35010926;MERKUR SPIEL-ARENA;8718293;53500;44683;2;32;12;12;10;10;41488;23000;51860;€;1588809.03;1369663;0.0;0;0.0;0;0.0;0;127996.72;110342;0.0;0;0;13392401;;;;0;14;#782838;#F8F8F8;#782838;True
922;SC Fortuna Köln;Fortuna Köln;Allemagne;771;;1948;False;1;922;4250;3. Liga;35010926;Südstadion;1323;14944;1918;2;32;9;8;6;5;2088;800;4051;€;2.32;2;0.0;0;0.0;0;0.0;0;97402.88;83968;0.0;0;0;3113466;;;;0;12;#F8F8F8;#E00000;#E00000;True
927;Hannover 96;Hannover 96;Allemagne;771;;1896;False;1;927;6350;Bundesliga 2;23;Heinz von Heiden Arena;1316;49000;41000;2;48;15;13;12;12;38300;24000;47875;€;1148973.01;990494;0.0;0;0.0;0;0.0;0;219668.03;189369;0.0;0;0;34394991;;;;0;3;#D03038;#080808;#080808;True
928;FC Hansa Rostock;F.C. Hansa Rostock;Allemagne;771;;1965;False;1;928;5450;3. Liga;35010926;Ostseestadion;1306;29000;20000;2;27;14;12;10;11;24253;15000;30316;€;363436.11;313307;0.0;0;0.0;0;0.0;0;86545.28;74608;0.0;0;0;6885059;;;;0;10;#0070B8;#E00000;#F8F8F8;True
931;Karlsruher SC;Karlsruhe;Allemagne;771;;1894;False;1;931;5950;Bundesliga 2;23;BBBank Wildpark;1318;32190;20604;2;32;14;13;16;12;29492;13000;36865;€;1763893.63;1520598;0.0;0;0.0;0;0.0;0;160542.84;138399;0.0;0;0;323560279;;;;0;1;#104088;#F8F8F8;#103860;True
933;MSV Duisburg;Duisburg;Allemagne;771;;1902;False;1;933;5100;3. Liga;35010926;Schauinsland-Reisen-Arena;1322;31512;29640;2;25;12;11;8;9;16959;12204;27117;€;2.32;2;0.0;0;0.0;0;0.0;0;86801.64;74829;0.0;0;0;6598863;;;;0;49;#F8F8F8;#0050B8;#0050B8;True
935;SC Preußen Münster;Münster;Allemagne;771;;1906;False;1;935;5250;3. Liga;35010926;LVM-Preußenstadion;1325;15050;2973;2;28;10;12;10;8;12254;3000;15317;€;613135.38;528565;0.0;0;0.0;0;0.0;0;88178.56;76016;0.0;0;0;10082086;;;;0;48;#085048;#18A060;#F8F8F8;True
937;VfL Osnabrück;VfL Osnabrück;Allemagne;771;;1899;False;1;937;5300;Bundesliga 2;23;Stadion an der Bremer Brücke;1350;16000;6241;2;25;10;11;8;11;14651;5200;18313;€;244504.79;210780;0.0;0;0.0;0;0.0;0;84026.92;72437;0.0;0;0;313558302;;;;0;41;#503090;#F8F8F8;#804090;True
943;SV Waldhof Mannheim 07;SV Waldhof;Allemagne;771;;1907;False;1;943;4950;3. Liga;35010926;Carl-Benz-Stadion;1338;26000;15000;2;35;12;12;8;10;12979;2200;16223;€;2.32;2;0.0;0;0.0;0;0.0;0;70725.2;60970;0.0;0;0;4196639;;;;0;41;#186090;#303030;#080808;True
944;Sport-Club Freiburg;Freiburg;Allemagne;771;;1904;True;1;944;6800;Bundesliga;22;Europa-Park Stadion;91183670;34700;22800;2;72;18;15;14;14;34188;25000;42735;€;24541828.13;21156749;0.0;0;0.0;0;873810.57;753285;744126.06;641488;169.36;146;100;147973178;;;;0;48;#D8D8E8;#E84848;#080808;True
945;1. FC Kaiserslautern;Kaiserslautern;Allemagne;771;;1900;False;1;945;6250;Bundesliga 2;23;Fritz-Walter-Stadion;1285;49327;32532;2;40;14;13;10;10;46348;25000;57935;€;1690376.31;1457221;0.0;0;0.0;0;0.0;0;199194.03;171719;0.0;0;0;39144335;;;;0;1;#D02028;#A00820;#F8F8F8;True
946;FC St. Pauli;St. Pauli;Allemagne;771;;1910;False;1;946;6150;Bundesliga 2;23;Millerntor-Stadion;1312;29546;12606;2;51;12;12;9;8;29506;20000;36882;€;3486885.66;3005936;0.0;0;0.0;0;0.0;0;317491.99;273700;0.0;0;0;47696357;;;;0;3;#584038;#F8F8F8;#F8F8F8;True
947;Hamburger SV;Hamburg;Allemagne;771;;1887;True;1;947;7000;Bundesliga;22;Volksparkstadion;1315;57000;47000;2;69;16;14;12;11;56324;37500;70405;€;18085885.44;15591281;0.0;0;0.0;0;669505.58;577160;580363.06;500313;325.96;281;100;554713132;;;;0;50;#F8F8F8;#204080;#204080;True
948;SV Werder Bremen;Werder Bremen;Allemagne;771;;1899;True;1;948;6900;Bundesliga;22;Weserstadion;1339;45100;31500;2;88;17;14;12;12;41403;27000;51753;€;21831549.69;18820302;0.0;0;0.0;0;840883.98;724900;581437.22;501239;462.84;399;100;458401706;;;;0;12;#105838;#F8F8F8;#F8F8F8;True
949;1. FC Saarbrücken;1. FC Saarbrücken;Allemagne;771;;1903;False;1;949;5400;3. Liga;35010926;Ludwigspark Stadion;1288;16003;10030;2;28;10;10;7;8;13003;4500;16253;€;390322.59;336485;0.0;0;0.0;0;0.0;0;80687.28;69558;0.0;0;0;8881990;;;;0;41;#081018;#0838C0;#F8F000;True
960;VfB Stuttgart;Stuttgart;Allemagne;771;;1893;True;1;960;7250;Bundesliga;22;MHPArena Stuttgart;1347;60058;49224;2;71;16;15;14;16;59265;35000;74081;€;33911884.46;29234384;0.0;0;0.0;0;1332142.8;1148399;1148464.93;990056;156.6;135;100;709343853;;;;0;15;#F8F8F8;#E00000;#E00000;True
961;VfL Wolfsburg;Wolfsburg;Allemagne;771;;1945;False;1;961;7050;Bundesliga 2;23;Volkswagen Arena;1351;28917;23568;2;37;15;16;12;12;24596;18000;30745;€;27712713.56;23890271;0.0;0;0.0;0;0.0;0;794410.9;684837;0.0;0;0;184138196;;;;0;12;#105030;#90B058;#084820;True
967;AEK Athens;AEK;Grèce;772;;1924;False;1;967;6900;1ère Division grecque;129650;Agia Sofia;36087483;31527;31527;2;15;13;13;12;13;26000;10000;36000;€;7540016.02;6500014;0.0;0;0.0;0;0.0;0;349320.07;301138;0.0;0;0;723881016;;;;0;48;#F8D808;#181818;#181818;True
969;AS Aris Salonika;Aris;Grèce;772;;1914;False;1;969;6250;1ère Division grecque;129650;Kleanthis Vikelidis;1300545;22574;22574;2;9;10;7;8;5;8500;4000;20000;€;3555677.14;3065239;0.0;0;0.0;0;0.0;0;95147.84;82024;0.0;0;0;69056016;;;;0;3;#080808;#F8F000;#080808;True
978;AE Larisas;Larisa;Grèce;772;;1964;False;1;978;5300;1ère Division grecque;129650;AEL FC Arena;36036395;16118;16118;2;0;10;10;8;8;6500;1000;12000;€;376161.31;324277;0.0;0;0.0;0;0.0;0;0.0;0;0.0;0;0;0;;;;0;1;#800020;#800020;#800020;True
979;APO Levadeiakos;Levadeiakos;Grèce;772;;1961;False;1;979;5300;1ère Division grecque;129650;Labros Katsonis;686786;5915;5915;2;1;10;8;9;8;1600;200;6000;€;3.48;3;0.0;0;0.0;0;0.0;0;19224.68;16573;0.0;0;0;3616043;;;;0;12;#185048;#F8F8F8;#185048;True
980;OFI Crete;OFI Crète;Grèce;772;;1925;False;1;980;5600;1ère Division grecque;129650;Apostolos Nikolaidis;681875;16000;16000;2;6;12;11;11;12;7000;1500;15000;€;1108222.21;955364;0.0;0;0.0;0;0.0;0;25263.64;21779;0.0;0;0;309272359;;;;0;2;#080808;#F8F8F8;#080808;True
981;Olympiacos SF Piraeus;Olympiacos;Grèce;772;;1925;False;1;981;7250;1ère Division grecque;129650;Georgios Karaiskakis;1300548;33449;33449;3;26;16;17;14;19;30000;10000;45000;€;13042508.34;11243542;0.0;0;0.0;0;0.0;0;582379.14;502051;0.0;0;0;1738053439;;;;0;48;#F8F8F8;#D00818;#D00818;True
982;AS PAOK Salonika;PAOK;Grèce;772;;1926;False;1;982;6950;1ère Division grecque;129650;Toumba;1300556;28703;28703;3;20;15;16;14;20;20500;6000;37000;€;10570779.26;9112741;0.0;0;0.0;0;0.0;0;369412.43;318459;0.0;0;0;416994544;;;;0;3;#080808;#F8F8F8;#080808;True
983;Panathinaikos AO;Panathinaikos;Grèce;772;;1908;False;1;983;6950;1ère Division grecque;129650;OAKA Spyros Louis;1300553;39700;39700;2;19;13;12;13;14;18000;5000;35000;€;15445936.64;13315463;0.0;0;0.0;0;0.0;0;478447.79;412455;0.0;0;0;191697460;;;;0;2;#185840;#F8F8F8;#F8F8F8;True
986;ADO Den Haag;ADO Den Haag;Pays-Bas;784;;1905;False;1;986;5250;VriendenLoterij Eredivisie;29;WerkTalent Stadion;1436;15000;15000;3;6;12;13;11;13;11846;7500;14807;€;0.0;0;0.0;0;0.0;0;0.0;0;25677.76;22136;0.0;0;0;23907122;;;;0;48;#F8D000;#006040;#F8D000;True
991;AZ Alkmaar;AZ;Pays-Bas;784;;1967;False;1;991;6900;VriendenLoterij Eredivisie;29;AFAS Stadion;37002796;19500;19500;3;15;18;18;18;19;16967;13000;21208;€;17717145.81;15273402;0.0;0;0.0;0;0.0;0;104286.32;89902;0.0;0;0;534999735;;;;0;1;#C80008;#F8F8F8;#F8F8F8;True
992;AFC Ajax;Ajax;Pays-Bas;784;;1900;False;1;992;7400;VriendenLoterij Eredivisie;29;Ajax Arena;1417;55500;55500;3;32;18;16;18;19;53582;45000;66977;€;21862259.53;18846776;0.0;0;0.0;0;0.0;0;775284.82;668349;0.0;0;0;548174622;;;;0;9;#F8F8F8;#C81018;#C81018;True
994;SC Cambuur;SC Cambuur;Pays-Bas;784;;1964;False;1;994;5300;VriendenLoterij Eredivisie;29;Kooi Stadion;2000187364;15000;15000;4;9;11;9;9;9;9699;700;12500;€;427886.87;368868;0.0;0;0.0;0;0.0;0;10806.56;9316;0.0;0;0;20988623;;;;0;1;#F8D800;#1850A8;#1850A8;True
1004;Excelsior Rotterdam;Excelsior;Pays-Bas;784;;1902;False;1;1004;5300;VriendenLoterij Eredivisie;29;Stadion Woudestein;1424;4400;3527;3;8;11;11;12;10;4336;2175;5420;€;122252.4;105390;0.0;0;0.0;0;0.0;0;10792.64;9304;0.0;0;0;15902037;;;;0;1;#282820;#E02018;#080808;True
1007;FC Groningen;FC Groningen;Pays-Bas;784;;1971;False;1;1007;5700;VriendenLoterij Eredivisie;29;Euroborg;1426;22525;22525;3;7;16;16;15;14;17959;15000;22550;€;2386854.21;2057633;0.0;0;0.0;0;0.0;0;39678.96;34206;0.0;0;0;39631764;;;;0;11;#F8F8F8;#008858;#F8F8F8;True
1009;FC Twente;FC Twente;Pays-Bas;784;;1965;False;1;1009;6450;VriendenLoterij Eredivisie;29;De Grolsch Veste;1427;30205;30205;3;13;15;13;14;13;29212;22250;36515;€;5712135.64;4924255;0.0;0;0.0;0;0.0;0;69284.48;59728;0.0;0;0;381034139;;;;0;7;#E00010;#C80810;#F8F8F8;True
1010;FC Utrecht;FC Utrecht;Pays-Bas;784;;1970;False;1;1010;6300;VriendenLoterij Eredivisie;29;Stadion Galgenwaard;1428;23750;23750;3;15;17;15;14;15;19769;16500;24711;€;4609100.95;3973363;0.0;0;0.0;0;0.0;0;47424.28;40883;0.0;0;0;657425478;;;;0;28;#D02828;#F8F8F8;#D02828;True
1012;PEC Zwolle;PEC Zwolle;Pays-Bas;784;;1910;False;1;1012;5550;VriendenLoterij Eredivisie;29;MAC³PARK stadion;1430;14000;14000;4;6;12;12;14;13;13379;9000;16723;€;0.0;0;0.0;0;0.0;0;0.0;0;14915.28;12858;0.0;0;0;626145555;;;;0;49;#202048;#F8F8F8;#F8F8F8;True
1013;Feyenoord Rotterdam;Feyenoord;Pays-Bas;784;;1908;False;1;1013;7250;VriendenLoterij Eredivisie;29;De Kuip;1431;51177;51177;3;26;17;17;17;17;47500;37500;59375;€;21852420.41;18838294;0.0;0;0.0;0;0.0;0;204082.27;175933;0.0;0;0;308761315;;;;0;5;#E02018;#F8F8F8;#080808;True
1014;Fortuna Sittard;Fortuna Sittard;Pays-Bas;784;;1968;False;1;1014;5750;VriendenLoterij Eredivisie;29;Fortuna Sittard Stadion;1432;12240;12240;4;6;11;11;12;12;10187;6000;12733;€;1784829.31;1538646;0.0;0;0.0;0;0.0;0;23549.16;20301;0.0;0;0;611643410;;;;0;1;#F8D800;#006848;#006848;True
1015;Go Ahead Eagles;Go Ahead Eagles;Pays-Bas;784;;1902;False;1;1015;5900;VriendenLoterij Eredivisie;29;De Adelaarshorst;1433;9979;7874;4;2;9;10;11;14;9679;6250;12098;€;2358772.93;2033425;0.0;0;0.0;0;0.0;0;6514.56;5616;0.0;0;0;4364381;;;;0;16;#C81018;#F8E800;#C81018;True
1025;N.E.C. Nijmegen;N.E.C.;Pays-Bas;784;;1900;False;1;1025;5950;VriendenLoterij Eredivisie;29;Goffertstadion;1439;12650;12650;4;13;12;14;12;13;12405;9800;15506;€;9407435.01;8109858;0.0;0;0.0;0;0.0;0;62474.12;53857;0.0;0;0;650693173;;;;0;15;#E81010;#008048;#080808;True
1028;PSV;PSV;Pays-Bas;784;;1913;False;1;1028;7450;VriendenLoterij Eredivisie;29;Philips Stadion;1440;35150;35150;3;30;18;19;18;18;31923;28000;39903;€;32425223.87;27952780;0.0;0;0.0;0;0.0;0;412954.19;355995;0.0;0;0;647128414;;;;0;48;#F8F8F8;#E02018;#080808;True
1036;sc Heerenveen;sc Heerenveen;Pays-Bas;784;;1920;False;1;1036;5900;VriendenLoterij Eredivisie;29;Abe Lenstra stadion;1444;26200;26200;3;7;13;13;14;15;23389;20809;29236;€;1510953.32;1302546;0.0;0;0.0;0;0.0;0;16110.08;13888;0.0;0;0;16667781;;;;0;3;#0050D0;#F8F8F8;#F8F8F8;True
1039;Sparta Rotterdam;Sparta Rotterdam;Pays-Bas;784;;1888;False;1;1039;5900;VriendenLoterij Eredivisie;29;Het Kasteel;7200005;10599;10599;3;4;12;12;14;16;10229;6500;12786;€;884539.41;762534;0.0;0;0.0;0;0.0;0;9300.88;8018;0.0;0;0;17699006;;;;0;3;#F8F8F8;#E81830;#F8F8F8;True
1043;SC Telstar;Telstar;Pays-Bas;784;;1963;False;1;1043;4600;VriendenLoterij Eredivisie;29;BUKO. Stadion;1447;5332;5332;3;3;8;8;9;9;1955;1100;2900;€;63851.04;55044;0.0;0;0.0;0;0.0;0;5080.8;4380;0.0;0;0;772178;;;;0;1;#F8F8E8;#F8F8E8;#F8F8E8;True
1047;Willem II;Willem II;Pays-Bas;784;;1896;False;1;1047;5600;VriendenLoterij Eredivisie;29;Koning Willem II stadion;1452;15000;15000;4;5;15;15;14;15;13600;12150;17000;€;360171.87;310493;0.0;0;0.0;0;0.0;0;43735.48;37703;0.0;0;0;23487801;;;;0;56;#F8F8F8;#303050;#E00830;True
1052;Debreceni Vasutas Sport Club;Debrecen;Hongrie;773;;1902;False;1;1052;5500;Division I hongroise;7520391;Nagyerdei Stadion;38037135;20340;20340;3;5;11;11;11;15;5700;2000;20000;€;1207805.89;1041212;0.0;0;0.0;0;0.0;0;15707.56;13541;0.0;0;0;1257108;;;;0;25;#F8F8F8;#B02030;#B02030;True
1055;Ferencvárosi Torna Club;Ferencváros;Hongrie;773;;1899;False;1;1055;6747;Division I hongroise;7520391;Groupama Aréna;38037284;22000;22000;3;12;13;12;9;19;11500;5000;50000;€;11232266.92;9682989;0.0;0;0.0;0;0.0;0;95120.0;82000;0.0;0;0;14563219;;;;0;44;#F8F8F8;#209840;#F8F8F8;True
1064;Újpest Football Club;Újpest;Hongrie;773;;1885;False;1;1064;5750;Division I hongroise;7520391;Szusza Ferenc Stadion;1300592;13500;13500;3;3;12;12;12;12;6500;1800;15000;€;4759545.98;4103057;0.0;0;0.0;0;0.0;0;23229.0;20025;0.0;0;0;301415233;;;;0;3;#F8F8F8;#6038A8;#6038A8;True
1069;Ungmennafélagið Breiðablik;Breiðablik;Islande;774;;1950;False;2;1069;5500;Première Ligue islandaise;7840132;Kópavogsvöllur;7840047;3009;1709;2;0;15;16;15;14;961;540;3000;€;1463701.88;1261812;0.0;0;0.0;0;0.0;0;0.0;0;0.0;0;0;0;;;;0;2;#309060;#58D088;#207850;True
1080;Knattspyrnufélagið Valur;Valur;Islande;774;;1911;False;2;1080;5450;Première Ligue islandaise;7840132;Hlíðarendi;7840064;2465;1201;2;0;14;13;12;9;909;590;3500;€;715105.18;616470;0.0;0;0.0;0;0.0;0;0.0;0;0.0;0;0;0;;;;0;49;#E00000;#E00000;#F8F8F8;True
1083;Beitar Jerusalem;Betar Jérusalem;Israël;775;;1936;False;1;1083;5650;Première Ligue d'Israël;7860000;HaMoshava;7870755;11500;11500;2;0;11;10;10;9;17000;7500;25000;€;60685.4;52315;0.0;0;0.0;0;0.0;0;0.0;0;0.0;0;0;0;;;;0;50;#F8F000;#080808;#080808;True
1085;Hapoel Be'er-Sheva;H. Be'er-Sheva;Israël;775;;1949;False;1;1085;6050;Première Ligue d'Israël;7860000;Turner Stadium;42012282;16126;16126;2;3;14;14;13;13;13500;7000;20000;€;1169071.17;1007820;0.0;0;0.0;0;0.0;0;20755.88;17893;0.0;0;0;4710556;;;;0;14;#E00000;#901000;#F8F8F8;True
1090;Hapoel Tel-Aviv;Hapoel Tel-Aviv;Israël;775;;1927;False;1;1090;5350;Première Ligue d'Israël;7860000;Bloomfield;1300656;29106;29106;2;2;15;13;12;14;16000;7500;22000;€;195008.75;168111;0.0;0;0.0;0;0.0;0;10537.44;9084;0.0;0;0;2181688;;;;0;25;#E00808;#F8F8F8;#F8F8F8;True
1093;Maccabi Haifa;M. Haifa;Israël;775;;1913;False;1;1093;5900;Première Ligue d'Israël;7860000;Haifa International Stadium;42001759;30870;30870;2;4;15;17;16;17;23500;16000;32500;€;1179385.89;1016712;0.0;0;0.0;0;0.0;0;31302.6;26985;0.0;0;0;3307870;;;;0;38;#008030;#F8F8F8;#F8F8F8;True
1097;Maccabi Tel-Aviv;M. Tel-Aviv;Israël;775;;1906;False;1;1097;6150;Première Ligue d'Israël;7860000;Bloomfield;1300656;29106;29106;2;4;15;17;17;18;22000;15500;30000;€;2680962.92;2311175;0.0;0;0.0;0;0.0;0;35528.48;30628;0.0;0;0;4275342;;;;0;37;#F8F000;#002890;#F8F000;True
1099;Casciavit Milano;Milan AC;Italie;776;;1899;True;1;1099;8350;Italian Serie A;32;Comunale Milano;156312;80018;80018;4;98;19;19;15;19;71800;50000;89750;€;61969626.1;53422093;0.0;0;0.0;0;2406067.29;2074196;1994331.1;1719251;3190.0;2750;100;1293080888;;;;0;8;#E00818;#101010;#101010;True
1100;A.S. Roma;Roma;Italie;776;;1927;True;1;1100;7950;Italian Serie A;32;Olimpico;1211;68708;68708;3;70;18;18;15;18;62000;55000;77500;€;45758195.04;39446721;0.0;0;0.0;0;2309876.61;1991273;1886826.95;1626575;2679.6;2310;100;1322919454;;;;0;10;#602838;#D07820;#D07820;True
1105;Ascoli Calcio 1898 F.C.;Ascoli;Italie;776;;1898;False;1;1105;5350;Serie BKT;33;Cino e Lillo Del Duca;1162;11295;11295;3;35;13;9;10;11;6900;6000;9000;€;2812332.92;2424425;0.0;0;0.0;0;0.0;0;78709.48;67853;0.0;0;0;30245982;;;;0;3;#080808;#F8F8F8;#F8F8F8;True
1106;Bergamo;Bergamo;Italie;776;;1907;True;1;1106;7700;Italian Serie A;32;Bergamo Stadium;1163;23439;23439;4;118;17;18;17;18;18535;16644;23168;€;42288609.62;36455699;0.0;0;0.0;0;1546710.32;1333371;1276111.32;1100096;3955.6;3410;100;1149046668;;;;0;3;#2068B0;#080808;#080808;True
1108;U.S. Avellino 1912;U.S. Avellino 1912;Italie;776;;1912;False;1;1108;5350;Serie BKT;33;"Stadio Partenio ""Adriano Lombardi""";1165;26000;26000;3;46;5;9;8;8;6500;5800;12300;€;5158556.97;4447032;0.0;0;0.0;0;0.0;0;121813.92;105012;0.0;0;0;945038122;;;;0;1;#007800;#007800;#F8F8F8;True
1110;S.S.C. Bari;SSC Bari;Italie;776;;1908;False;1;1110;5850;Série C/C italienne;43127174;San Nicola;1168;56000;56000;3;22;11;11;10;11;20000;13000;48000;€;4731465.86;4078850;0.0;0;0.0;0;0.0;0;103585.68;89298;0.0;0;0;16926774;;;;0;12;#F8F8F8;#D00818;#D00818;True
1111;Bologna F.C. 1909;Bologna;Italie;776;;1909;True;1;1111;7150;Italian Serie A;32;Renato Dall'Ara;1172;31007;31007;3;80;16;16;13;14;22900;18376;30000;€;35309812.02;30439494;0.0;0;0.0;0;945383.73;814986;756763.1;652382;2552.0;2200;100;298169412;;;;0;37;#303858;#E00038;#303858;True
1114;Cagliari Calcio;Cagliari;Italie;776;;1920;True;1;1114;6450;Italian Serie A;32;Unipol Domus;43358366;16412;16412;3;63;14;13;12;12;15399;14000;19248;€;26765608.39;23073801;0.0;0;0.0;0;476326.15;410626;368902.03;318019;2934.8;2530;100;476748869;;;;0;5;#D02028;#002050;#002050;True
1115;Carpi;Carpi;Italie;776;;1909;False;1;1115;4300;Série C/B italienne;43127173;Sandro Cabassi;1176;5510;5510;3;19;8;7;7;8;650;100;2500;€;1301920.16;1122345;0.0;0;0.0;0;0.0;0;14359.64;12379;0.0;0;0;302321686;;;;0;10;#F8F8F8;#E00000;#E00000;True
1116;Carrarese Calcio 1908;Carrarese;Italie;776;;1908;False;1;1116;5350;Serie BKT;33;Stadio Dei Marmi;1177;5500;5500;3;39;6;8;8;8;1257;1002;2500;€;3656460.25;3152121;0.0;0;0.0;0;0.0;0;99176.52;85497;0.0;0;0;57590876;;;;0;12;#4070B8;#4080C0;#F0E830;True
1117;S.S.D. Casarano Calcio;Casarano;Italie;776;;1927;False;1;1117;3750;Série C/C italienne;43127174;Giuseppe Capozza;1178;4500;4500;3;18;7;6;5;6;400;100;2500;€;810083.66;698348;0.0;0;0.0;0;0.0;0;27378.32;23602;0.0;0;0;301853035;;;;0;3;#E00000;#0030A0;#0030A0;True
1119;U.S. Catanzaro 1929;Catanzaro;Italie;776;;1929;False;1;1119;5550;Serie BKT;33;Nicola Ceravolo;1182;13500;13500;3;51;13;10;8;9;9992;6400;14000;€;4094209.44;3529491;0.0;0;0.0;0;0.0;0;113529.2;97870;0.0;0;0;641106501;;;;0;2;#C80000;#F8D828;#C80000;True
1120;Cesena F.C.;Cesena FC;Italie;776;;1940;False;1;1120;5550;Serie BKT;33;Orogel Stadium - Dino Manuzzi;1183;23680;23680;3;65;13;14;14;13;10146;9319;15500;€;4214626.72;3633299;0.0;0;0.0;0;0.0;0;136776.76;117911;0.0;0;0;339914593;;;;0;10;#F8F8F8;#080808;#080808;True
1123;Como 1907;Como;Italie;776;;1907;True;1;1123;6800;Italian Serie A;32;Giuseppe Sinigaglia;1188;13602;13602;3;68;10;12;10;12;5140;2600;6425;€;52529348.01;45283922;0.0;0;0.0;0;1019851.09;879182;694603.34;598796;2934.8;2530;100;711704611;;;;0;25;#0050B8;#F8F8F8;#F8F8F8;True
1124;Cosenza Calcio;Cosenza;Italie;776;;1914;False;1;1124;5350;Série C/C italienne;43127174;San Vito Gigi Marulla;1189;21195;21195;3;16;12;8;8;10;6924;2600;14500;€;2315756.65;1996342;0.0;0;0.0;0;0.0;0;22368.28;19283;0.0;0;0;302558905;;;;0;48;#182050;#E00000;#182050;True
1125;U.S. Cremonese;Cremonese;Italie;776;;1903;False;1;1125;6100;Serie BKT;33;Giovanni Zini;1191;15191;14834;3;58;17;13;9;11;9000;7500;14500;€;25644833.82;22107616;0.0;0;0.0;0;0.0;0;377537.07;325463;0.0;0;0;92458752;;;;0;11;#98A0A8;#E00000;#E00000;True
1126;Empoli F.C.;Empoli FC;Italie;776;;1920;False;1;1126;6150;Serie BKT;33;Stadio Carlo Castellani;1192;16000;16000;3;46;10;14;13;17;10293;7300;15889;€;16828197.24;14507067;0.0;0;0.0;0;0.0;0;104460.32;90052;0.0;0;0;23833954;;;;0;4;#005898;#005090;#1080C8;True
1129;A.C.F. Fiorentina;Fiorentina;Italie;776;;1926;True;1;1129;7450;Italian Serie A;32;Stadio Artemio Franchi;1196;43147;43147;3;70;20;19;15;16;31135;25567;40872;€;36902487.34;31812490;0.0;0;0.0;0;1347233.24;1161408;873703.85;753193;3190.0;2750;100;935971941;;;;0;10;#603088;#F8F8F8;#F8F8F8;True
1132;Genoa C.F.C.;Genoa;Italie;776;;1893;True;1;1132;6550;Italian Serie A;32;Luigi Ferraris;1201;33205;33205;3;87;16;18;13;13;31032;30000;38790;€;24955920.28;21513725;0.0;0;0.0;0;623738.94;537706;500557.39;431515;4976.4;4290;100;221874381;;;;0;5;#B82020;#103058;#F0B808;True
1135;Blu-neri Milano;Inter Milan;Italie;776;;1908;True;1;1135;8550;Italian Serie A;32;Comunale Milano;1205;80018;80018;4;91;18;18;15;19;72600;55000;90750;€;57896527.49;49910801;0.0;0;0.0;0;3251164.39;2802728;2758824.44;2378297;3445.2;2970;100;1505175860;;;;0;8;#2068E8;#000000;#080808;True
1138;S.S. Juve Stabia;Juve Stabia;Italie;776;;1907;False;1;1138;5450;Serie BKT;33;Stadio Romeo Menti;707603;10200;7114;3;40;12;10;8;10;2474;2050;5000;€;3634366.9;3133075;0.0;0;0.0;0;0.0;0;104397.68;89998;0.0;0;0;26332341;;;;0;3;#000838;#F8D868;#000838;True
1139;Juventus F.C.;Juventus;Italie;776;;1897;True;1;1139;8450;Italian Serie A;32;Allianz Stadium;1209;41507;41507;4;101;18;18;15;16;38000;33000;47500;€;64804641.66;55866072;0.0;0;0.0;0;3059604.31;2637590;2632636.16;2269514;3317.6;2860;100;1214500269;;;;0;37;#F8F8F8;#000000;#F8A0D8;True
1140;Capitolini Celesti;Celesti;Italie;776;;1900;True;1;1140;7700;Italian Serie A;32;Olimpico;1211;68708;68708;3;87;18;19;13;18;44500;32000;60000;€;41682630.28;35933303;0.0;0;0.0;0;1424128.48;1227697;1130453.61;974529;3955.6;3410;100;922833261;;;;0;1;#80B0F0;#F8F8F8;#F8F8F8;True
1141;U.S. Lecce;Lecce;Italie;776;;1908;True;1;1141;6300;Italian Serie A;32;Via del Mare;1212;38200;38200;3;72;15;12;11;14;24000;22500;30000;€;25408089.43;21903526;0.0;0;0.0;0;372298.51;320947;356237.15;307101;2552.0;2200;100;421758721;;;;0;48;#E00000;#F8F000;#001040;True
1142;U.C. AlbinoLeffe;AlbinoLeffe;Italie;776;;1998;False;1;1142;4850;Série C/A italienne;43127172;AlbinoLeffe Stadium;2000134335;1791;1791;3;17;14;12;9;10;823;769;2500;€;1257025.84;1083643;0.0;0;0.0;0;0.0;0;21750.0;18750;0.0;0;0;2297508;;;;0;14;#98D0F0;#002060;#002060;True
1145;F.C. Lumezzane;Lumezzane;Italie;776;;1946;False;1;1145;3950;Série C/A italienne;43127172;Tullio Saleri;1218;4004;4004;3;17;8;6;7;8;262;250;2500;€;1332197.32;1148446;0.0;0;0.0;0;0.0;0;18641.2;16070;0.0;0;0;302224303;;;;0;5;#E83038;#182050;#182050;True
1147;Modena F.C. 2018;Modena F.C.;Italie;776;;1912;False;1;1147;5600;Serie BKT;33;Stadio Alberto Braglia;1226;21151;21151;3;34;8;7;9;10;9050;7950;13000;€;4375250.75;3771768;0.0;0;0.0;0;0.0;0;141108.2;121645;0.0;0;0;626857018;;;;0;1;#F8D000;#002060;#202048;True
1149;A.C. Monza;Monza;Italie;776;;1912;True;1;1149;6150;Italian Serie A;32;"Brianteo ""U-Power Stadium""";1228;17102;17102;3;74;10;9;12;10;12413;9500;15516;€;10472662.98;9028158;0.0;0;0.0;0;517869.23;446439;364904.67;314573;3062.4;2640;100;134433453;;;;0;17;#E83038;#F8F8F8;#F8F8F8;True
1150;S.S.C. Napoli;Naples;Italie;776;;1926;True;1;1150;8200;Italian Serie A;32;Stadio Diego Armando Maradona;1229;60240;60240;3;59;17;13;12;12;45000;32000;56250;€;52753581.8;45477227;0.0;0;0.0;0;2247869.98;1937819;1791741.75;1544605;2934.8;2530;100;1484714029;;;;0;10;#20A0E0;#F8F8F8;#F8F8F8;True
1153;Novara Calcio;Novara;Italie;776;;1908;False;1;1153;4650;Série C/A italienne;43127172;Silvio Piola;1231;17875;17875;3;23;16;14;9;9;3020;2150;4300;€;1272988.6;1097404;0.0;0;0.0;0;0.0;0;35463.52;30572;0.0;0;0;303344637;;;;0;10;#0068E8;#F8F8F8;#F8F8F8;True
1154;Calcio Padova;Padova;Italie;776;;1910;False;1;1154;5400;Serie BKT;33;Stadio Euganeo;1234;18326;18326;3;41;13;9;9;11;5015;4000;7000;€;3893124.61;3356142;0.0;0;0.0;0;0.0;0;159667.04;137644;0.0;0;0;46252309;;;;0;12;#F8F8F8;#F0F0F0;#D03038;True
1156;Parma Calcio 1913;Parma;Italie;776;;1913;True;1;1156;6400;Italian Serie A;32;Ennio Tardini;1235;22352;22352;3;73;16;13;10;10;11158;8800;16300;€;24405872.66;21039546;0.0;0;0.0;0;528485.54;455591;369951.83;318924;3062.4;2640;100;139459673;;;;0;45;#F8F8F8;#080808;#080808;True
1157;A.C. Perugia Calcio;Pérouse;Italie;776;;1905;False;1;1157;5300;Série C/B italienne;43127173;Renato Curi;1238;28000;28000;3;25;14;13;11;10;6864;4500;10200;€;1711548.63;1475473;0.0;0;0.0;0;0.0;0;59281.8;51105;0.0;0;0;4948459;;;;0;1;#E00000;#E00000;#F8F8F8;True
1158;Delfino Pescara 1936;Pescara;Italie;776;;1936;False;1;1158;5400;Série C/B italienne;43127173;Adriatico - Giovanni Cornacchia;1239;23974;23974;3;19;13;15;13;12;5227;3600;12900;€;3645379.94;3142569;0.0;0;0.0;0;0.0;0;66193.08;57063;0.0;0;0;9139916;;;;0;3;#2088C8;#F8F8F8;#003858;True
1163;Ravenna F.C. 1913;Ravenne;Italie;776;;1913;False;1;1163;4350;Série C/B italienne;43127173;Bruno Benelli;1248;12020;12020;3;24;8;6;6;7;1300;800;3800;€;778624.46;671228;0.0;0;0.0;0;0.0;0;747893.74;644736;0.0;0;0;1207120043;;;;0;1;#901000;#F8C030;#901000;True
1164;A.C. Reggiana 1919;Reggiana;Italie;776;;1919;False;1;1164;5550;Série C/B italienne;43127173;Mapei Stadium;1249;21584;21584;3;22;11;9;9;9;9500;8400;14000;€;4094209.44;3529491;0.0;0;0.0;0;0.0;0;105738.64;91154;0.0;0;0;11867076;;;;0;1;#703040;#2850B0;#703040;True
1166;U.S. Salernitana 1919;Salernitana;Italie;776;;1919;False;1;1166;5900;Série C/C italienne;43127174;Stadio Arechi;1254;29739;29739;3;25;13;10;10;10;15134;10000;29739;€;5896939.87;5083569;0.0;0;0.0;0;0.0;0;72491.88;62493;0.0;0;0;19018777;;;;0;34;#981838;#F8F8F8;#F8F8F8;True
1167;U.C. Sampdoria;Sampdoria;Italie;776;;1946;False;1;1167;6150;Serie BKT;33;Luigi Ferraris;1201;33205;33205;3;39;18;13;12;11;22612;20000;28265;€;8540828.03;7362783;0.0;0;0.0;0;0.0;0;287012.99;247425;0.0;0;0;370154718;;;;0;21;#004890;#E00828;#F8F8F8;True
1169;A.S.D. U.S. Savoia 1908;Savoia;Italie;776;;1908;False;2;1169;3700;Série C/C italienne;43127174;Alfredo Giraud;6100224;10750;10750;3;17;7;6;5;6;1171;332;3092;€;32511.32;28027;0.0;0;0.0;0;0.0;0;18978.76;16361;0.0;0;0;2932617;;;;0;1;#F8F8F8;#181818;#181818;True
1173;Spezia Calcio;Spezia;Italie;776;;1906;False;1;1173;5950;Série C/A italienne;43127172;Alberto Picco;1263;12230;12230;3;32;11;13;12;11;9256;5000;11570;€;7055575.68;6082393;0.0;0;0.0;0;0.0;0;130390.96;112406;0.0;0;0;30538483;;;;0;1;#F8F8F8;#080808;#080808;True
1174;Torino F.C.;Torino;Italie;776;;1906;True;1;1174;6750;Italian Serie A;32;Stade Olimpico;43005752;28177;28177;3;79;15;14;14;14;20585;17500;26588;€;25932221.49;22355364;0.0;0;0.0;0;1056732.13;910976;826588.14;712576;3062.4;2640;100;853166686;;;;0;1;#582830;#F8F8F8;#582830;True
1176;Treviso F.B.C. 1993 S.S.D.;Treviso;Italie;776;;1993;False;2;1176;3650;Série C/A italienne;43127172;Omobono Tenni;1270;9996;9966;3;20;8;5;3;5;1223;1000;3800;€;271856.43;234359;0.0;0;0.0;0;0.0;0;33192.24;28614;0.0;0;0;302512097;;;;0;41;#F8F8F8;#A8D0F8;#F8F8F8;True
1178;Udinese Calcio;Udinese;Italie;776;;1896;True;1;1178;6500;Italian Serie A;32;Dacia Arena Friuli;1273;25132;25132;3;51;14;12;12;12;20315;16000;25393;€;24519625.73;21137609;0.0;0;0.0;0;563882.94;486106;475870.27;410233;2679.6;2310;100;1098785605;;;;0;56;#080808;#F8F8F8;#F8F8F8;True
1179;Venezia F.C.;Venezia;Italie;776;;1907;True;1;1179;6050;Italian Serie A;32;Pier Luigi Penzo;1275;12048;12048;3;67;10;10;9;10;6074;3688;9900;€;8198741.72;7067881;0.0;0;0.0;0;680502.38;586640;559184.94;482056;2679.6;2310;100;141604442;;;;0;10;#606060;#309060;#080808;True
1181;L.R. Vicenza;Vicenza;Italie;776;;1902;False;1;1181;5350;Serie BKT;33;Romeo Menti;1208;12044;12044;3;27;14;10;8;10;8539;7546;10673;€;1778794.99;1533444;0.0;0;0.0;0;0.0;0;114988.48;99128;0.0;0;0;917460470;;;;0;3;#E00000;#F8F8F8;#F8F8F8;True
1183;Avispa Fukuoka;Fukuoka;Japon;116;;1982;False;1;1183;5700;J1 League;102428;Fukuoka Stadium;107282;21570;21570;3;5;14;13;12;15;9698;3300;17161;€;17172728.83;14804077;0.0;0;0.0;0;0.0;0;31535.76;27186;0.0;0;0;5988641;;;;0;1;#181030;#F8F8F8;#181030;True
1184;Shonan Bellmare;Shonan;Japon;116;;1968;False;1;1184;5500;J1 League;102428;Hiratsuka Stadium;102564;15390;15390;3;2;14;12;9;12;11315;6803;14143;€;10595759.86;9134276;0.0;0;0.0;0;0.0;0;8020.24;6914;0.0;0;0;973577;;;;0;1;#70B840;#0848A0;#0848A0;True
1185;Cerezo Osaka;C-Osaka;Japon;116;;1957;False;1;1185;5700;J1 League;102428;Osaka Stadium;45052676;24481;24481;3;5;16;15;14;15;17903;6717;22542;€;10724976.89;9245670;0.0;0;0.0;0;0.0;0;47578.56;41016;0.0;0;0;304463274;;;;0;1;#D01060;#D81058;#283058;True
1186;Gamba Osaka;G-Osaka;Japon;116;;1980;False;1;1186;6000;J1 League;102428;Osaka Stadium;45098716;39694;39694;3;9;16;15;14;15;22686;7200;35000;€;14028182.36;12093261;0.0;0;0.0;0;0.0;0;69262.44;59709;0.0;0;0;8663584;;;;0;3;#0058A8;#080808;#080808;True
1189;Kashima Antlers;Kashima;Japon;116;;1947;False;1;1189;6000;J1 League;102428;Ibaraki Stadium;102577;40728;40728;3;8;15;14;10;17;23027;7818;56020;€;45074165.1;38857040;0.0;0;0.0;0;0.0;0;110293.96;95081;0.0;0;0;11595460;;;;0;6;#901828;#102030;#102030;True
1190;Kashiwa Reysol;Kashiwa;Japon;116;;1940;False;1;1190;5650;J1 League;102428;Kashiwa Reysol Stadium;107295;18350;18350;3;6;14;13;12;16;12070;4650;16000;€;27468743.53;23679952;0.0;0;0.0;0;0.0;0;70592.96;60856;0.0;0;0;10231409;;;;0;50;#F8F000;#080808;#080808;True
1191;Nagoya Grampus;Nagoya;Japon;116;;1991;False;1;1191;5750;J1 League;102428;Nagoya Stadium;775189;43820;43820;3;4;15;14;12;17;27650;7000;57058;€;18140164.16;15638073;0.0;0;0.0;0;0.0;0;23261.48;20053;0.0;0;0;303269578;;;;0;7;#D82028;#D82028;#F8D000;True
1192;Kyoto Sanga F.C.;Kyoto;Japon;116;;1922;False;1;1192;5500;J1 League;102428;Kyoto Stadium;107300;21600;21600;3;4;15;14;14;16;13535;5500;20323;€;8269860.16;7129190;0.0;0;0.0;0;0.0;0;22280.12;19207;0.0;0;0;3336785;;;;0;5;#080808;#503878;#C02028;True
1193;Sanfrecce Hiroshima;Hiroshima;Japon;116;;1938;False;1;1193;6100;J1 League;102428;Hiroshima Peace Stadium;2000296805;28347;28347;3;8;15;16;12;18;22517;5500;28520;€;10039074.71;8654375;0.0;0;0.0;0;0.0;0;101119.52;87172;0.0;0;0;311496640;;;;0;1;#503890;#F8F8F8;#500050;True
1194;Shimizu S-Pulse;Shimizu;Japon;116;;1991;False;1;1194;5500;J1 League;102428;Shizuoka Stadium;102575;40000;40000;3;5;14;13;12;17;17750;7000;55598;€;12210965.85;10526695;0.0;0;0.0;0;0.0;0;27772.72;23942;0.0;0;0;6577070;;;;0;1;#F08048;#002060;#184068;True
1195;Urawa Reds;Urawa;Japon;116;;1950;False;1;1195;5850;J1 League;102428;Urawa Stadium;780795;63820;63820;3;6;16;14;12;16;37519;10125;49108;€;39019085.92;33637144;0.0;0;0.0;0;0.0;0;58377.0;50325;0.0;0;0;607641567;;;;0;10;#B01828;#080808;#080808;True
1196;Tokyo Verdy 1969;Tokyo-V;Japon;116;;1969;False;1;1196;5100;J1 League;102428;Chofu Stadium;775558;50000;50000;3;2;14;13;13;16;20976;2805;48013;€;3508786.46;3024816;0.0;0;0.0;0;0.0;0;8688.4;7490;0.0;0;0;3294549;;;;0;1;#006830;#006830;#909060;True
1198;Yokohama F･Marinos;Yokohama F･M;Japon;116;;1972;False;1;1198;6000;J1 League;102428;Kanagawa Stadium;102569;72327;72327;3;9;16;15;12;16;25110;8000;47926;€;7463577.83;6434119;0.0;0;0.0;0;0.0;0;64766.28;55833;0.0;0;0;16617214;;;;0;1;#002880;#F8F8F8;#002880;True
1206;FC Balzers;Balzers;Liechtenstein;778;;1932;False;2;1206;4000;Ligue 2 suisse Interregio Gr 5;98005773;Sportplatz Rheinau;5622947;828;328;4;0;9;7;6;4;300;150;2500;€;0.0;0;0.0;0;0.0;0;0.0;0;0.0;0;0.0;0;0;0;;;;0;25;#F8D000;#184890;#F8D000;True
1207;FC Schaan;Schaan;Liechtenstein;778;;1932;False;3;1207;1750;Division inférieure suisse;137891;Sportplatz Rheinwiese;5622948;1117;1117;3;0;12;14;5;2;200;100;2500;€;0.0;0;0.0;0;0.0;0;0.0;0;0.0;0;0.0;0;0;0;;;;0;13;#F8F8F8;#0050D0;#0050D0;True
1210;USV Eschen/Mauren;Eschen/Mauren;Liechtenstein;778;;1963;False;2;1210;3650;1ère Ligue classic de Suisse - Groupe 3;5724966;Sportpark Eschen-Mauren;5622950;2050;500;4;0;5;4;4;2;457;300;2500;€;0.0;0;0.0;0;0.0;0;0.0;0;0.0;0;0.0;0;0;0;;;;0;2;#F8F8F8;#0050D0;#F8F8F8;True
1218;FK Žalgiris;Žalgiris;Lituanie;779;;1947;False;1;1218;3750;TOPsport A lyga;2300046;FK Žalgiris Namų Stadionas;2300012;5067;5067;3;2;8;8;8;8;869;260;2500;€;0.0;0;0.0;0;0.0;0;0.0;0;1324.72;1142;0.0;0;0;943192;;;;0;48;#009058;#F8F8F8;#009058;True
1224;F91 Dudelange;Dudelange;Luxembourg;780;;1991;False;2;1224;4050;Division Nationale du Luxembourg;5340000;Stade Jos Nosbaum;1300756;2558;1558;1;1;8;6;4;18;426;400;2500;€;0.0;0;0.0;0;0.0;0;0.0;0;319.0;275;0.0;0;0;13773;;;;0;10;#F8F838;#F8B048;#F8F838;True
1227;FC Progrès Niederkorn;Progrès;Luxembourg;780;;1919;False;2;1227;3800;Division Nationale du Luxembourg;5340000;Stade Jos Haupert;8162022;2800;800;1;5;8;6;8;13;685;150;2500;€;0.0;0;0.0;0;0.0;0;0.0;0;4050.72;3492;0.0;0;0;51199;;;;0;56;#F8F038;#F8F038;#080808;True
1228;FC Differdange 03;Differdange;Luxembourg;780;;2002;False;2;1228;3950;Division Nationale du Luxembourg;5340000;Stade Municipal de la Ville de Differdange;18044648;3500;1922;1;4;10;6;4;12;1057;300;2500;€;0.0;0;0.0;0;0.0;0;0.0;0;2844.32;2452;0.0;0;0;28318;;;;0;16;#C01828;#A01030;#C01828;True
1230;Swift Hesperange;Swift Hesperange;Luxembourg;780;;1916;False;2;1230;3850;Division Nationale du Luxembourg;5340000;Stade Alphonse Theis;95054426;4100;600;1;3;9;5;6;18;370;200;2500;€;0.0;0;0.0;0;0.0;0;0.0;0;756.32;652;0.0;0;0;40866;;;;0;1;#C82030;#080808;#A83040;True
1237;FC Sileks Kratovo;Sileks;Macédoine du Nord;781;;1965;False;1;1237;3800;Ligue 1 de Macédoine du Nord;8401070;Gradski stadion Kratovo;116201;2600;2500;1;0;7;6;6;7;600;200;2500;€;672802.3;580002;0.0;0;0.0;0;0.0;0;0.0;0;0.0;0;0;0;;;;0;48;#B00000;#002080;#002080;True
1239;FK Vardar Skopje;Vardar;Macédoine du Nord;781;;1947;False;1;1239;4400;Ligue 1 de Macédoine du Nord;8401070;Toše Proeski National Arena;102971;36460;34460;1;0;15;14;12;16;2500;850;15000;€;1940283.22;1672658;0.0;0;0.0;0;0.0;0;0.0;0;0.0;0;0;0;;;;0;48;#E00000;#080808;#080808;True
1240;Birkirkara FC;Birkirkara;Malte;782;;1950;False;2;1240;2250;Premiership maltaise;2300050;Ta' Qali National Stadium;1300785;17797;16969;1;2;4;2;6;17;700;280;6000;€;19656.2;16945;0.0;0;0.0;0;0.0;0;2964.96;2556;0.0;0;0;115741;;;;0;1;#E84848;#F8D808;#E84848;True
1241;Floriana;Floriana;Malte;782;;1894;False;2;1241;2300;Premiership maltaise;2300050;Ta' Qali National Stadium;1300785;17797;16969;1;0;3;2;5;9;350;80;2500;€;44886.2;38695;0.0;0;0.0;0;0.0;0;0.0;0;0.0;0;0;0;;;;0;3;#F8F8F8;#008030;#F8F8F8;True
1242;Hamrun Spartans;Ħamrun S.;Malte;782;;1907;False;2;1242;2600;Premiership maltaise;2300050;Ta' Qali National Stadium;1300785;17797;16969;1;5;4;2;4;12;750;350;5500;€;0.0;0;0.0;0;0.0;0;0.0;0;5620.2;4845;0.0;0;0;470043;;;;0;10;#E00000;#080808;#080808;True
1243;Hibernians FC;Hibernians;Malte;782;;1922;False;2;1243;2200;Premiership maltaise;2300050;Tony Bezzina Stadium;5410623;2500;2500;1;3;5;2;6;8;450;210;2500;€;30148.4;25990;0.0;0;0.0;0;0.0;0;3426.64;2954;0.0;0;0;262749;;;;0;1;#F8F8F8;#080808;#080808;True
1247;Sliema Wanderers;Sliema Wanderers;Malte;782;;1909;False;2;1247;2200;Premiership maltaise;2300050;Centenary Stadium;2302622;1000;1000;1;2;4;2;5;16;250;80;2500;€;30148.4;25990;0.0;0;0.0;0;0.0;0;2100.76;1811;0.0;0;0;203841;;;;0;2;#0050B8;#98B8D8;#E0D800;True
1253;Club de Fútbol América;Club América;Mexique;379;;1916;False;1;1253;7300;1ère Division mexicaine;135973;Estadio Ciudad de los Deportes;104466;35161;35161;3;21;15;14;13;20;42162;26000;75000;€;28002218.23;24139844;0.0;0;0.0;0;0.0;0;269782.35;232571;0.0;0;0;101054306;;;;0;50;#E0C800;#080808;#E83038;True
1254;Club Deportivo Cruz Azul;Cruz Azul;Mexique;379;;1927;False;1;1254;7100;1ère Division mexicaine;135973;Estadio Cuauhtémoc;115443;50754;50754;3;15;15;12;11;15;20500;10250;30750;€;18873287.62;16270076;0.0;0;0.0;0;0.0;0;214589.55;184991;0.0;0;0;375367486;;;;0;36;#0040A0;#B00000;#F8F8F8;True
1255;Club Deportivo Guadalajara;Chivas;Mexique;379;;1906;False;1;1255;7200;1ère Division mexicaine;135973;Estadio Akron;51008486;49850;49850;3;12;15;13;13;19;35387;23000;45000;€;9385076.01;8090583;0.0;0;0.0;0;0.0;0;140826.32;121402;0.0;0;0;655070279;;;;0;48;#D80008;#F8F8F8;#183048;True
1257;Club de Fútbol Monterrey Rayados;Monterrey;Mexique;379;;1945;False;1;1257;6900;1ère Division mexicaine;135973;Estadio BBVA;51014707;52000;52000;3;16;14;12;12;13;42619;35000;53273;€;28624488.62;24676284;0.0;0;0.0;0;0.0;0;259105.71;223367;0.0;0;0;373431492;;;;0;37;#F8F8F8;#001048;#001048;True
1258;Deportivo Necaxa;Necaxa;Mexique;379;;1923;False;1;1258;6250;1ère Division mexicaine;135973;Estadio Victoria;5664699;25000;25000;3;4;12;10;11;12;17461;9000;23000;€;3959583.33;3413434;0.0;0;0.0;0;0.0;0;46995.08;40513;0.0;0;0;10874204;;;;0;12;#F8F8F8;#E00000;#008030;True
1259;Club León;León;Mexique;379;;1944;False;1;1259;6600;1ère Division mexicaine;135973;Nuevo Estadio León;29221930;35000;35000;3;10;11;10;12;11;28000;18000;35000;€;7762572.46;6691873;0.0;0;0.0;0;0.0;0;117363.0;101175;0.0;0;0;342326650;;;;0;48;#006030;#187048;#F8F8F8;True
1260;Club Universidad Nacional;Pumas;Mexique;379;;1954;False;1;1260;7000;1ère Division mexicaine;135973;Estadio Olímpico Universitario;104467;68954;68954;3;13;15;14;13;16;26482;20000;38000;€;7591023.54;6543986;0.0;0;0.0;0;0.0;0;148843.08;128313;0.0;0;0;38540388;;;;0;21;#F8F8F8;#D8B078;#082868;True
1265;Olimpia Balti;Olimpia Balti;Moldavie;783;;1984;False;2;1265;3000;Liga 2 Nord de Moldavie;59008472;Stadionul Locomotiv;57117807;1450;0;1;0;9;3;5;15;250;100;7500;€;0.0;0;0.0;0;0.0;0;0.0;0;0.0;0;0.0;0;0;0;;;;0;1;#F8F8F8;#E00000;#E00000;True
1268;FC Zimbru Chişinău;FC Zimbru;Moldavie;783;;1947;False;1;1268;4100;Super Liga de Moldavie;59007607;Zimbru;5410249;10500;10500;2;3;12;8;10;10;893;478;2500;€;263808.35;227421;0.0;0;0.0;0;0.0;0;1916.32;1652;0.0;0;0;880239;;;;0;7;#F8D000;#108830;#108830;True
1284;Linfield;Linfield;Irlande du Nord;785;;1886;False;1;1284;4350;Sports Direct Premiership;130023;Windsor Park;1300842;18434;18434;3;15;10;11;10;14;2884;1500;9500;€;150160.84;129449;0.0;0;0.0;0;0.0;0;15131.04;13044;0.0;0;0;301382810;;;;0;1;#003098;#F8F8F8;#F8F8F8;True
1293;FK Bodø/Glimt;Bodø/Glimt;Norvège;786;;1916;False;1;1293;6500;Première division de Norvège;1300397;Aspmyra Stadion;1300458;8270;8270;3;18;15;15;13;14;6640;2500;10000;€;52849403.6;45559832;0.0;0;0.0;0;0.0;0;56077.88;48343;0.0;0;0;377106203;;;;0;1;#F8E010;#F8E010;#F8E010;True
1353;Molde FK;Molde;Norvège;786;;1911;False;1;1353;6250;Première division de Norvège;1300397;Aker Stadion;1300473;11249;11249;3;6;15;15;13;20;7171;3500;11800;€;10913780.81;9408432;0.0;0;0.0;0;0.0;0;30647.2;26420;0.0;0;0;314961669;;;;0;7;#0050B8;#0838C0;#0050B8;True
1378;SK Brann;Brann;Norvège;786;;1908;False;1;1378;6100;Première division de Norvège;1300397;Brann Stadion;1300484;17685;16685;3;7;14;14;15;16;15775;9000;24000;€;5407844.44;4661935;0.0;0;0.0;0;0.0;0;13143.96;11331;0.0;0;0;19582449;;;;0;1;#C81018;#C81018;#B02030;True
1422;Viking FK;Viking;Norvège;786;;1899;False;1;1422;6150;Première division de Norvège;1300397;Lyse Arena;763486;16300;15800;3;9;14;15;16;16;12364;6000;18000;€;4493472.15;3873683;0.0;0;0.0;0;0.0;0;30951.12;26682;0.0;0;0;920249871;;;;0;1;#101838;#182850;#F8F8F8;True
1445;Club Cerro Porteño;Cerro Porteño;Paraguay;1655;;1912;False;1;1445;6000;1ère division paraguayenne;79010950;General Pablo Rojas;107636;44000;40000;2;10;15;16;15;17;10000;3500;22000;€;6453227.13;5563127;0.0;0;0.0;0;0.0;0;44656.52;38497;0.0;0;0;1503941037;;;;0;5;#B00000;#002060;#F8F8F8;True
1450;Club Universitario de Deportes;Universitario;Pérou;1656;;1924;False;1;1450;6154;1ère Division péruvienne;5290551;Estadio Monumental;8826792;80000;80000;3;3;15;15;12;14;45000;25000;60000;€;5249107.73;4525093;0.0;0;0.0;0;0.0;0;4268.8;3680;0.0;0;0;600252644;;;;0;1;#F8F0E8;#F0D090;#901000;True
1455;Lech Poznań;Lech;Pologne;787;;1922;False;1;1455;6200;PKO Bank Polski Ekstraklasa;129558;Enea Stadion;1300867;42837;42837;3;10;18;18;16;20;30991;24303;42837;€;1681106.75;1449230;0.0;0;0.0;0;0.0;0;70867.88;61093;0.0;0;0;322720456;;;;0;12;#0050D0;#002060;#F8F8F8;True
1456;Legia Warszawa;Legia;Pologne;787;;1916;False;1;1456;6450;PKO Bank Polski Ekstraklasa;129558;Stadion Miejski im. Marszałka Józefa Piłsudskiego;1300868;31103;31103;3;3;18;18;16;20;25405;22488;31756;€;359936.39;310290;0.0;0;0.0;0;0.0;0;12128.96;10456;0.0;0;0;3646005;;;;0;36;#F8F8F8;#B00000;#080808;True
1459;Pogoń Szczecin;Pogoń;Pologne;787;;1948;False;1;1459;5850;PKO Bank Polski Ekstraklasa;129558;Stadion Miejski im. Floriana Krygiera;96135495;21163;21163;3;9;12;14;13;16;19510;18834;24387;€;3431645.3;2958315;0.0;0;0.0;0;0.0;0;35797.6;30860;0.0;0;0;5996873;;;;0;12;#082040;#880818;#D8B028;True
1476;Clube Sport Marítimo;CS Marítimo;Portugal;788;;1910;False;1;1476;5600;Première Ligue portugaise;60;Estádio do Marítimo;1526;10600;10565;4;12;14;12;12;11;5579;3265;8125;€;0.0;0;0.0;0;0.0;0;0.0;0;30453.48;26253;0.0;0;0;23463818;;;;0;56;#E00000;#287850;#287850;True
1478;Futebol Clube do Porto;FC Porto;Portugal;788;;1893;False;1;1478;8100;Première Ligue portugaise;60;Estádio do Dragão;745265;50033;50033;3;25;16;15;18;18;40609;27374;50761;€;8609080.11;7421621;0.0;0;0.0;0;0.0;0;761486.62;656454;0.0;0;0;833817807;;;;0;3;#F8F8F8;#203878;#B0A078;True
1481;Gil Vicente Futebol Clube;Gil Vicente;Portugal;788;;1924;False;1;1481;5700;Première Ligue portugaise;60;Estádio Cidade de Barcelos;1464;12046;12029;3;10;13;11;10;11;5496;2643;11010;€;7160568.43;6172904;0.0;0;0.0;0;0.0;0;18307.12;15782;0.0;0;0;331531459;;;;0;1;#D02028;#D02028;#0050D0;True
1487;Sport Lisboa e Benfica;SL Benfica;Portugal;788;;1904;False;1;1487;8150;Première Ligue portugaise;60;Estádio da Luz;741564;68118;68118;3;25;20;20;17;20;58746;48601;73432;€;39145029.43;33745716;0.0;0;0.0;0;0.0;0;1187352.77;1023580;0.0;0;0;1368161934;;;;0;25;#C82028;#F8F8F8;#080808;True
1488;Sporting Clube de Braga;Sp. Braga;Portugal;788;;1921;False;1;1488;6650;Première Ligue portugaise;60;Estádio Municipal de Braga;741568;30286;29984;3;20;18;17;16;16;13868;5627;21215;€;22591094.47;19475082;0.0;0;0.0;0;0.0;0;247690.15;213526;0.0;0;0;601682510;;;;0;2;#C81018;#F8F8F8;#F8F8F8;True
1489;Sporting Clube de Portugal;Sporting CP;Portugal;788;;1906;False;1;1489;7600;Première Ligue portugaise;60;José Alvalade Stadium;741565;52350;52350;3;24;20;19;19;19;42529;27120;53161;€;0.0;0;0.0;0;0.0;0;0.0;0;477575.47;411703;0.0;0;0;972867567;;;;0;49;#F8F8F8;#186038;#080808;True
1494;Vitória Sport Club;Vit. Guimarães;Portugal;788;;1922;False;1;1494;6250;Première Ligue portugaise;60;Estádio D. Afonso Henriques;1458;30008;29454;3;9;16;15;15;14;18447;11317;28994;€;4622382.95;3984813;0.0;0;0.0;0;0.0;0;25456.2;21945;0.0;0;0;28106758;;;;0;1;#F8F8F8;#F8F8F8;#080808;True
1513;Fotbal Club FCSB;FCSB;Roumanie;790;;2003;False;1;1513;5950;D1 roumaine;7540024;Arena Naţională;57069488;55634;55634;3;13;14;15;16;19;9925;2642;30903;€;1411114.44;1216478;0.0;0;0.0;0;0.0;0;60801.4;52415;0.0;0;0;618329456;;;;0;10;#C80020;#0058C0;#0058C0;True
1518;CSKA Moscow;CSKA Moscow;Russie;791;;1911;False;1;1518;7000;Première Ligue russe;130486;Arena CSKA;1301089;30114;30000;3;8;14;12;11;14;14967;9000;30000;€;6646274.33;5729547;0.0;0;0.0;0;0.0;0;146141.44;125984;0.0;0;0;21890682;;;;0;36;#C82030;#283850;#283850;True
1520;Dinamo Moscow;Dinamo Moscow;Russie;791;;1923;False;1;1520;6650;Première Ligue russe;130486;Central Stadium Dinamo;1301087;26319;26319;3;7;16;13;15;14;15278;5000;22000;€;11295547.23;9737541;0.0;0;0.0;0;0.0;0;133543.84;115124;0.0;0;0;24210114;;;;0;10;#F8F8F8;#0050D0;#0050D0;True
1525;Lokomotiv Moscow;Lokomotiv Moscow;Russie;791;;1936;False;1;1525;6750;Première Ligue russe;130486;Lokomotiv Moscow;1301092;27320;27320;3;3;14;12;10;12;13133;6500;28000;€;673935.62;580979;0.0;0;0.0;0;0.0;0;68025.88;58643;0.0;0;0;13482107;;;;0;9;#E00000;#F8F8F8;#006030;True
1529;Spartak Moscow;Spartak Moscow;Russie;791;;1922;False;1;1529;6750;Première Ligue russe;130486;Spartak Moscow;58024495;46990;46990;3;6;15;17;12;17;23183;10000;50000;€;33696799.59;29048966;0.0;0;0.0;0;0.0;0;205510.23;177164;0.0;0;0;62007894;;;;0;15;#E00000;#F8F8F8;#F8F8F8;True
1535;Al-Shabab Football Club;Al-Shabab;Arabie saoudite;133;;1948;True;1;1535;5400;Première division saoudienne;7920263;Al-Shabab Club Stadium;2000179948;13537;13537;1;17;15;14;10;13;5243;3000;17000;€;20229473.74;17439202;0.0;0;0.0;0;1471820.72;1268811;1233027.76;1062955;0.0;0;100;443102932;;;;0;12;#F8F8F8;#080808;#F8F8F8;True
1536;Aberdeen;Aberdeen;Écosse;793;;1903;False;1;1536;5750;William Hill Premiership;45;Pittodrie Stadium;102578;20961;20961;4;29;14;14;14;18;17725;12000;22156;€;1376853.84;1186943;0.0;0;0.0;0;0.0;0;77825.56;67091;0.0;0;0;316160426;;;;0;10;#D00018;#500000;#D00018;True
1555;Dundee;Dundee;Écosse;793;;1893;False;1;1555;5250;William Hill Premiership;45;The Scot Foam Stadium;102622;11850;11850;4;24;12;10;11;13;7072;3000;11506;€;141895.84;122324;0.0;0;0.0;0;0.0;0;48674.76;41961;0.0;0;0;305218814;;;;0;16;#102840;#F8F8F8;#E00000;True
1556;Dundee United;Dundee United;Écosse;793;;1909;False;1;1556;5500;William Hill Premiership;45;CalForth Construction Arena at Tannadice Park;102623;14223;14223;4;21;14;11;12;12;11066;8000;14223;€;666074.3;574202;0.0;0;0.0;0;0.0;0;40087.28;34558;0.0;0;0;15213832;;;;0;48;#F86820;#080808;#080808;True
1563;Falkirk;Falkirk;Écosse;793;;1876;False;1;1563;4750;William Hill Premiership;45;Falkirk Stadium;5208610;7937;7937;4;27;14;13;11;12;7557;3100;9446;€;146371.12;126182;0.0;0;0.0;0;0.0;0;27881.76;24036;0.0;0;0;605801346;;;;0;2;#083858;#F8F8F8;#E00000;True
1569;Celtic;Celtic;Écosse;793;;1888;False;1;1569;6900;William Hill Premiership;45;Celtic Park;102618;60363;60363;4;31;17;14;14;20;58795;20000;73493;€;13109821.98;11301571;0.0;0;0.0;0;0.0;0;531531.7;458217;0.0;0;0;476138188;;;;0;4;#F8F8F8;#38A850;#207830;True
1570;Rangers;Rangers;Écosse;793;;1872;False;1;1570;6600;William Hill Premiership;45;Ibrox Stadium;102642;51286;51286;4;30;17;15;14;20;48225;18000;60281;€;4564682.23;3935071;0.0;0;0.0;0;0.0;0;461704.35;398021;0.0;0;0;198072344;;;;0;1;#1850C8;#F8F8F8;#F8F8F8;True
1573;Heart Of Midlothian;Hearts;Écosse;793;;1874;False;1;1573;5700;William Hill Premiership;45;Tynecastle Park;102631;20099;20099;4;33;16;16;14;16;18536;6500;23170;€;3397812.74;2929149;0.0;0;0.0;0;0.0;0;80405.4;69315;0.0;0;0;29199274;;;;0;1;#702020;#801818;#801818;True
1575;Hibernian;Hibernian;Écosse;793;;1875;False;1;1575;5700;William Hill Premiership;45;Easter Road;102632;20246;20246;4;25;16;16;17;15;17172;14500;21465;€;780081.42;672484;0.0;0;0.0;0;0.0;0;73060.28;62983;0.0;0;0;328703556;;;;0;2;#306058;#F8F8F8;#F8F8F8;True
1580;Kilmarnock;Kilmarnock;Écosse;793;;1869;False;1;1580;5150;William Hill Premiership;45;The BBSP Stadium, Rugby Park;102634;18128;18128;4;21;12;15;12;13;6358;2500;13000;€;228430.67;196923;0.0;0;0.0;0;0.0;0;38661.64;33329;0.0;0;0;8558038;;;;0;48;#2860F0;#F8F8F8;#F8F8F8;True
1584;Motherwell;Motherwell;Écosse;793;;1886;False;1;1584;5350;William Hill Premiership;45;Fir Park Stadium;102637;13409;13409;4;29;11;15;13;16;5899;2500;10000;€;282066.75;243161;0.0;0;0.0;0;0.0;0;46147.12;39782;0.0;0;0;12459425;;;;0;15;#F8B048;#702028;#702028;True
1596;St Johnstone;St Johnstone;Écosse;793;;1884;False;1;1596;5150;William Hill Premiership;45;McDiarmid Park;102644;10696;10696;4;25;13;13;9;12;4663;2600;7000;€;0.0;0;0.0;0;0.0;0;0.0;0;25753.16;22201;0.0;0;0;5674746;;;;0;1;#0060C8;#F8F8F8;#F8F8F8;True
1597;St Mirren;St Mirren;Écosse;793;;1877;False;1;1597;5150;William Hill Premiership;45;The SMISA Stadium;61014157;8002;8002;4;23;13;13;11;11;6939;5400;8673;€;285537.47;246153;0.0;0;0.0;0;0.0;0;51120.04;44069;0.0;0;0;6457611;;;;0;3;#F8F8F8;#080808;#080808;True
1609;Tampines Rovers FC;Tampines;Singapour;134;;1945;False;1;1609;2900;Championnat de Singapour;5395850;Jalan Besar Stadium;106744;8000;8000;2;0;5;2;3;15;1315;457;2907;€;152950.64;131854;0.0;0;0.0;0;0.0;0;0.0;0;0.0;0;0;0;;;;0;3;#F8F000;#101010;#101010;True
1614;FK DAC 1904 Dunajská Streda;Dun. Streda;Slovaquie;794;;1904;False;1;1614;5750;1ère Division slovaque;7560276;MOL Aréna;1301159;12700;12700;2;1;14;15;14;15;5000;3500;12700;€;1784829.31;1538646;0.0;0;0.0;0;0.0;0;3800.16;3276;0.0;0;0;300000000;;;;0;3;#F8D000;#0030A0;#0030A0;True
1620;MSK Žilina;Žilina;Slovaquie;794;;1908;False;1;1620;5750;1ère Division slovaque;7560276;Pod Dubňom;1301168;11258;11258;3;2;14;14;16;18;3500;1500;8000;€;1189885.05;1025763;0.0;0;0.0;0;0.0;0;2931.32;2527;0.0;0;0;557131;;;;0;2;#F8D808;#F8C030;#F8D808;True
1622;ŠK Slovan Bratislava;Slovan Bratislava;Slovaquie;794;;1919;False;1;1622;6250;1ère Division slovaque;7560276;Tehelné pole;63010504;22500;22500;3;5;13;12;13;18;7000;3500;22500;€;4622382.95;3984813;0.0;0;0.0;0;0.0;0;16777.08;14463;0.0;0;0;4790057;;;;0;10;#70B8F0;#202048;#080808;True
1623;FC Spartak Trnava;Trnava;Slovaquie;794;;1923;False;1;1623;5750;1ère Division slovaque;7560276;City Aréna - Štadión Antona Malatinského;63025723;18124;18124;2;4;13;11;13;15;6000;2500;15000;€;1189885.05;1025763;0.0;0;0.0;0;0.0;0;8188.44;7059;0.0;0;0;1049335;;;;0;48;#080808;#E00000;#F8F8F8;True
1629;NK Maribor;Maribor;Slovénie;795;;1960;False;1;1629;5400;1ère Division slovène;7580000;Ljudski vrt;1301191;11709;11709;2;5;15;15;14;19;3750;1900;7700;€;2392864.17;2062814;0.0;0;0.0;0;0.0;0;8880.96;7656;0.0;0;0;2508949;;;;0;25;#503090;#F8F8F8;#F8F8F8;True
1632;FC Luka Koper;Koper;Slovénie;795;;1920;False;1;1632;5200;1ère Division slovène;7580000;ŠRC Bonifika;138172;4047;4047;2;10;12;12;12;13;900;410;2500;€;851560.62;734104;0.0;0;0.0;0;0.0;0;6382.32;5502;0.0;0;0;2276760;;;;0;14;#F8F000;#0078F8;#0078F8;True
1637;NK Celje;Celje;Slovénie;795;;1919;False;1;1637;5450;1ère Division slovène;7580000;Stadion Z'dežele;7584356;13059;13059;2;1;13;12;12;16;2050;630;3800;€;2240343.9;1931331;0.0;0;0.0;0;0.0;0;1164.64;1004;0.0;0;0;56362;;;;0;2;#283858;#0058C0;#F0E020;True
1639;NK Olimpija Ljubljana;Olimpia;Slovénie;795;;1911;False;1;1639;5350;1ère Division slovène;7580000;Stožice;64016210;16038;16038;2;1;15;14;14;18;2850;1250;7700;€;3562703.26;3071296;0.0;0;0.0;0;0.0;0;998.76;861;0.0;0;0;368217;;;;0;12;#E8F8D8;#F8F8F8;#105038;True
1644;Mamelodi Sundowns;Sundowns;Afrique du Sud;45;;1970;False;1;1644;6000;Premier League d'Afrique du Sud;131234;Loftus Versfeld;131268;51762;51762;4;30;16;14;14;18;18000;8000;60000;€;10908526.01;9403902;0.0;0;0.0;0;0.0;0;87313.2;75270;0.0;0;0;306780342;;;;0;1;#F8E010;#008030;#008030;True
1645;Orlando Pirates Football Club;Orlando Pirates;Afrique du Sud;45;;1937;False;1;1645;5850;Premier League d'Afrique du Sud;131234;Orlando Stadium;104482;40000;40000;4;14;16;10;13;15;16000;7000;90000;€;3452112.34;2975959;0.0;0;0.0;0;0.0;0;50044.72;43142;0.0;0;0;13058108;;;;0;25;#080808;#F8F8F8;#F8F8F8;True
1660;Albacete Balompié;Albacete;Espagne;796;;1939;False;1;1660;5600;2ème Division d'Espagne;68;Carlos Belmonte;1006;17300;17300;2;30;14;13;13;13;9600;6000;17000;€;2401146.57;2069954;0.0;0;0.0;0;0.0;0;229178.87;197568;0.0;0;0;627217224;;;;0;10;#F8F8F8;#080808;#080808;True
1661;U.D. Almería;Almería;Espagne;796;;1989;False;1;1661;6100;2ème Division d'Espagne;68;Almería Stadium;1503686;18331;18331;2;34;14;10;11;13;11500;4500;15000;€;13988088.12;12058697;0.0;0;0.0;0;0.0;0;489362.23;421864;0.0;0;0;1291578469;;;;0;48;#F80000;#F8F8F8;#F80000;True
1664;Athletic Club;Athletic Club;Espagne;796;;1898;True;1;1664;8000;Première Division d'Espagne;67;San Mamés;67089814;53332;53332;2;76;18;19;18;18;48422;29000;60527;€;71105275.43;61297653;0.0;0;0.0;0;1671941.59;1441329;1421595.04;1225513;0.0;0;100;1461095930;;;;0;3;#C80000;#F8F8F8;#202020;True
1665;Bilbao Athletic;Bilbao Athletic;Espagne;796;;1964;False;1;1665;4950;Première Division A de la Fédération espagnole;2000048844;Lezama;108999;3200;3200;1;0;1;1;1;2;2000;700;10000;€;2.32;2;0.0;0;0.0;0;0.0;0;43679.8;37655;0.0;0;0;23758323;;;;0;37;#C80000;#F8F8F8;#202020;True
1666;Club Atlético de Madrid B;Atlético Madrileño;Espagne;796;;1963;False;1;1666;4650;Première Division B de la Fédération espagnole;2000048846;Nuevo Cerro del Espino;109070;4165;3865;1;0;2;1;1;2;2000;500;5000;€;2.32;2;0.0;0;0.0;0;0.0;0;47409.2;40870;0.0;0;0;30088298;;;;0;;;;;False
1667;Barakaldo C.F.;Barakaldo;Espagne;796;;1917;False;1;1667;4150;Première Division A de la Fédération espagnole;2000048844;Lasesarre;1012;7960;7960;2;20;9;8;7;10;1500;850;12000;€;2.32;2;0.0;0;0.0;0;0.0;0;70864.4;61090;0.0;0;0;1801096;;;;0;48;#202020;#F8F000;#202020;True
1675;C.E. Sabadell F.C.;Sabadell;Espagne;796;;1903;False;1;1675;4700;2ème Division d'Espagne;68;La Nova Creu Alta;1027;11908;11908;2;30;13;14;13;13;4000;1500;11000;€;2.32;2;0.0;0;0.0;0;0.0;0;84471.2;72820;0.0;0;0;15024159;;;;0;6;#002890;#F8F8F8;#002890;True
1676;C.P. Cacereño;Cacereño;Espagne;796;;1918;False;1;1676;3900;Première Division A de la Fédération espagnole;2000048844;Príncipe Felipe;1028;9000;9000;2;18;8;8;10;8;2600;1000;7000;€;0.0;0;0.0;0;0.0;0;0.0;0;48662.0;41950;0.0;0;0;1639309;;;;0;29;#006030;#F8F8F8;#D8B028;True
1678;C.D. Leganés;Leganés;Espagne;796;;1928;False;1;1678;6200;2ème Division d'Espagne;68;Butarque;1014;14422;14422;2;28;12;10;11;12;10844;4500;13555;€;13907232.64;11988994;0.0;0;0.0;0;0.0;0;294382.47;253778;0.0;0;0;51066268;;;;0;56;#F8F8F8;#185090;#185090;True
1680;C.D. Tenerife;Tenerife;Espagne;796;;1922;False;1;1680;5750;2ème Division d'Espagne;68;Heliodoro Rodríguez López;1025;21968;21968;2;36;15;16;14;14;13000;10000;23500;€;909792.61;784304;0.0;0;0.0;0;0.0;0;95775.4;82565;0.0;0;0;618227905;;;;0;10;#F8F8F8;#305098;#305098;True
1682;Cádiz C.F.;Cádiz;Espagne;796;;1910;False;1;1682;6300;2ème Division d'Espagne;68;Nuevo Mirandilla;1030;21061;21061;2;33;15;15;13;14;14491;11337;18113;€;2.32;2;0.0;0;0.0;0;0.0;0;176771.23;152389;0.0;0;0;76834377;;;;0;36;#F8F000;#0050D0;#0050D0;True
1685;Club Atlético Osasuna;Osasuna;Espagne;796;;1920;True;1;1685;7150;Première Division d'Espagne;67;El Sadar;1032;23576;23576;2;67;15;15;15;15;20300;12000;25375;€;25958466.49;22377989;0.0;0;0.0;0;863682.62;744554;717559.74;618586;0.0;0;100;577855487;;;;0;25;#E00000;#101830;#E00000;True
1687;Club Atlético de Madrid;Atlético;Espagne;796;;1903;True;1;1687;8800;Première Division d'Espagne;67;Metropolitano de Madrid;67089815;70692;70692;2;101;17;18;16;18;61161;35000;76451;€;60763996.37;52382757;0.0;0;1002478.93;864206;2934786.0;2529988;2502321.77;2157174;156.6;135;100;1316074050;;;;0;3;#C80020;#F8F8F8;#F8F8F8;True
1688;Deportivo Alavés;Alavés;Espagne;796;;1921;True;1;1688;6750;Première Division d'Espagne;67;Mendizorroza;1015;19200;19200;2;71;13;14;14;14;16932;8500;21165;€;31305171.98;26987218;0.0;0;0.0;0;534531.46;460803;446268.23;384714;0.0;0;100;211246270;;;;0;48;#1058A8;#F8F8F8;#1058A8;True
1690;C.D. Castellón;Castellón;Espagne;796;;1922;False;1;1690;5100;2ème Division d'Espagne;68;Castalia;1018;15500;15500;2;41;14;9;11;12;11000;7500;16000;€;1485154.92;1280306;0.0;0;0.0;0;0.0;0;180356.79;155480;0.0;0;0;25199062;;;;0;3;#080808;#F8F8F8;#080808;True
1695;C.D. Lugo;Lugo;Espagne;796;;1953;False;1;1695;5250;Première Division A de la Fédération espagnole;2000048844;Anxo Carro;1021;7114;7114;2;22;10;8;11;12;2500;1500;6500;€;0.0;0;0.0;0;0.0;0;0.0;0;50070.24;43164;0.0;0;0;3436862;;;;0;41;#C80000;#F8F8F8;#5898E0;True
1704;Córdoba C.F.;Córdoba;Espagne;796;;1954;False;1;1704;5200;2ème Division d'Espagne;68;Nuevo Arcángel;1033;21822;21822;2;32;13;12;12;13;15804;10000;19755;€;1012605.73;872936;0.0;0;0.0;0;0.0;0;181901.91;156812;0.0;0;0;331682426;;;;0;48;#F8F8F8;#288850;#080808;True
1705;R.C. Deportivo de La Coruña;Deportivo;Espagne;796;;1906;True;1;1705;5550;Première Division d'Espagne;67;Riazor;1035;34610;34610;2;73;14;14;14;14;21500;13000;29079;€;11437838.63;9860206;0.0;0;0.0;0;535902.58;461985;498159.67;429448;0.0;0;100;561669332;;;;0;11;#4068E0;#F8F8F8;#D8B028;True
1707;Elche C.F.;Elche;Espagne;796;;1923;True;1;1707;6150;Première Division d'Espagne;67;Martínez Valero;1037;33732;33732;2;60;15;15;14;13;19000;8000;23750;€;25350976.83;21854291;0.0;0;0.0;0;545842.62;470554;358663.87;309193;0.0;0;100;169371921;;;;0;15;#F8F8F8;#008818;#008818;True
1708;F.C. Barcelona;Barcelona;Espagne;796;;1899;True;1;1708;9100;Première Division d'Espagne;67;Camp Nou;1040;62500;62500;2;129;19;20;20;20;70000;45000;90000;€;35846150.77;30901855;0.0;0;0.0;0;4296854.48;3704185;3662339.13;3157189;313.2;270;30;1842366857;;;;0;0;#003098;#B81850;#D81058;True
1709;F.C. Andorra;Andorra;Andorre;753;;1942;False;1;1709;5250;2ème Division d'Espagne;68;Estadi de la FAF;2000485807;5108;5108;2;29;12;12;10;13;1500;250;5000;€;1.16;1;0.0;0;0.0;0;0.0;0;87832.88;75718;0.0;0;0;612816919;;;;0;1;#183068;#F8D808;#F8D808;True
1710;Getafe C.F.;Getafe;Espagne;796;;1983;True;1;1710;6950;Première Division d'Espagne;67;Coliseum;1042;16500;10500;2;62;16;15;12;13;10900;5000;15000;€;20936236.2;18048480;0.0;0;0.0;0;727889.54;627491;645722.1;556657;52.2;45;100;532033349;;;;0;10;#1030F0;#F8F000;#C82030;True
1714;Granada C.F.;Granada;Espagne;796;;1931;False;1;1714;6450;2ème Division d'Espagne;68;Nuevo Los Cármenes;1043;21366;21366;2;20;15;15;13;13;15000;10000;19000;€;6854561.6;5909105;0.0;0;0.0;0;0.0;0;183357.71;158067;0.0;0;0;625183372;;;;0;49;#C81018;#F8F8F8;#C81018;True
1716;Hércules de Alicante C.F.;Hércules;Espagne;796;;1922;False;1;1716;4400;Première Division B de la Fédération espagnole;2000048846;José Rico Pérez;1044;29500;29500;2;26;14;10;10;11;5000;3000;23000;€;0.0;0;0.0;0;0.0;0;0.0;0;93781.36;80846;0.0;0;0;4261475;;;;0;11;#0050D0;#F8F8F8;#0050D0;True
1717;Levante U.D.;Levante;Espagne;796;;1909;True;1;1717;6450;Première Division d'Espagne;67;Ciutat de València;1046;26354;26354;2;55;15;15;14;15;15900;9000;22000;€;11832182.94;10200158;0.0;0;0.0;0;370947.11;319782;366666.71;316092;32.48;28;100;203864198;;;;0;37;#182058;#C80030;#F8F8D8;True
1723;Pontevedra C.F.;Pontevedra;Espagne;796;;1941;False;1;1723;4200;Première Division A de la Fédération espagnole;2000048844;Pasarón;1048;12000;12000;2;13;10;8;11;9;2500;1000;10000;€;2.32;2;0.0;0;0.0;0;0.0;0;45753.88;39443;0.0;0;0;1196097;;;;0;1;#702048;#986030;#F8F8F8;True
1724;R.C. Celta de Vigo;Celta;Espagne;796;;1923;True;1;1724;7200;Première Division d'Espagne;67;Balaídos;1031;24870;20739;2;67;16;16;14;15;22469;11000;28086;€;56127238.7;48385552;0.0;0;0.0;0;1028977.97;887050;875980.93;755156;52.2;45;100;1317444452;;;;0;10;#88D0F0;#002060;#E00000;True
1725;R.C.D. Espanyol de Barcelona;Espanyol;Espagne;796;;1900;True;1;1725;6700;Première Division d'Espagne;67;Estadio Cornellà-El Prat;67015508;40000;40000;2;87;17;17;17;15;23750;12000;29687;€;29839082.82;25723348;0.0;0;0.0;0;469381.23;404639;445274.11;383857;52.2;45;100;325269682;;;;0;48;#F8F8F8;#2080C0;#3860E0;True
1726;R.C.D. Mallorca;Mallorca;Espagne;796;;1916;False;1;1726;6550;2ème Division d'Espagne;68;Son Moix;6700010;23142;23142;2;33;14;13;14;14;19265;9000;24081;€;13631450.77;11751251;0.0;0;0.0;0;0.0;0;406796.91;350687;0.0;0;0;193196510;;;;0;56;#C80020;#C80020;#181818;True
1727;Racing Club Ferrol;Racing de Ferrol;Espagne;796;;1919;False;1;1727;5200;Première Division A de la Fédération espagnole;2000048844;A Malata;1050;12043;8500;2;22;9;9;10;10;5800;2500;7500;€;0.0;0;0.0;0;0.0;0;0.0;0;58386.28;50333;0.0;0;0;4769714;;;;0;10;#006030;#08A028;#006030;True
1728;Real Racing Club de Santander;Racing;Espagne;796;;1913;True;1;1728;5600;Première Division d'Espagne;67;El Sardinero;1051;22308;22308;2;67;15;15;14;14;20000;12000;25000;€;4443793.99;3830857;0.0;0;0.0;0;560023.62;482779;394367.51;339972;0.0;0;100;509355984;;;;0;10;#F8F8F8;#408820;#408820;True
1729;Rayo Vallecano de Madrid;Rayo Vallecano;Espagne;796;;1924;True;1;1729;6650;Première Division d'Espagne;67;Estadio de Vallecas;1052;14708;14708;2;69;9;7;14;15;13272;10000;16590;€;41947796.99;36161895;0.0;0;0.0;0;565416.46;487428;483385.91;416712;0.0;0;100;1109865729;;;;0;8;#F8F8F8;#D81820;#080808;True
1733;Real Betis Balompié;Real Betis;Espagne;796;;1907;True;1;1733;8000;Première Division d'Espagne;67;Estadio La Cartuja;7452614;70000;70000;2;101;15;17;15;14;57500;38000;71875;€;41448244.17;35731246;0.0;0;0.0;0;1454006.6;1253454;1188124.17;1024245;32.48;28;100;1189692612;;;;0;37;#F8F8F8;#188848;#188848;True
1736;Real Madrid C.F.;Real Madrid;Espagne;796;;1902;True;1;1736;9100;Première Division d'Espagne;67;Santiago Bernabéu;1056;83186;83186;2;140;18;19;18;19;73170;45000;91462;€;117313911.22;101132685;0.0;0;0.0;0;5883736.75;5072187;4964483.18;4279727;208.8;180;15;1994572833;;;;0;36;#F8F8F8;#F8C028;#283030;True
1737;Real Madrid Castilla C.F.;Castilla;Espagne;796;;1972;False;1;1737;5550;Première Division A de la Fédération espagnole;2000048844;Alfredo Di Stéfano;67000003;6000;6000;1;0;2;1;1;2;2000;800;10000;€;1.16;1;0.0;0;0.0;0;0.0;0;40017.68;34498;0.0;0;0;42586815;;;;0;;;;;False
1739;Real Murcia C.F.;Real Murcia;Espagne;796;;1908;False;1;1739;4950;Première Division B de la Fédération espagnole;2000048846;Enrique Roca de Murcia;67004819;33045;33045;2;19;11;12;12;12;9000;5000;25000;€;2.32;2;0.0;0;0.0;0;0.0;0;62202.68;53623;0.0;0;0;3342121;;;;0;2;#C81018;#F8F8F8;#F8F8F8;True
1741;Real Oviedo;Real Oviedo;Espagne;796;;1926;False;1;1741;6000;2ème Division d'Espagne;68;Nuevo Carlos Tartiere;1060;30500;30500;2;31;15;13;14;13;20600;11500;25750;€;2344979.37;2021534;0.0;0;0.0;0;0.0;0;264502.03;228019;0.0;0;0;88332210;;;;0;7;#0838C0;#0050B8;#D8B028;True
1742;Real Sociedad de Fútbol;Real Sociedad;Espagne;796;;1909;True;1;1742;8100;Première Division d'Espagne;67;Anoeta;1061;39500;39313;2;65;18;18;16;15;32288;17000;40360;€;55708725.8;48024765;0.0;0;0.0;0;1093862.57;942985;900144.89;775987;0.0;0;100;691004139;;;;0;48;#F8F8F8;#003098;#080808;True
1743;Real Sociedad de Fútbol B;Real Sociedad B;Espagne;796;;1951;False;1;1743;5350;2ème Division d'Espagne;68;Zubieta (Z1);67141613;2500;2500;1;0;3;2;1;15;750;250;2500;€;3.48;3;0.0;0;0.0;0;0.0;0;44437.28;38308;0.0;0;0;18728837;;;;0;48;#F8F8F8;#2038B8;#F8F8F8;True
1744;Real Sporting de Gijón;Real Sporting;Espagne;796;;1905;False;1;1744;5900;2ème Division d'Espagne;68;El Molinón - Enrique Castro Quini;1071;30000;29371;2;33;16;16;15;15;18505;10000;30000;€;0.0;0;0.0;0;0.0;0;0.0;0;217846.83;187799;0.0;0;0;369324927;;;;0;37;#E00818;#F8F8F8;#F8F8F8;True
1746;Real Unión Club;Real Unión;Espagne;796;;1915;False;1;1746;4500;Première Division A de la Fédération espagnole;2000048844;Stadium Gal;1063;5000;3000;2;15;8;8;8;11;1500;800;4800;€;2.32;2;0.0;0;0.0;0;0.0;0;63005.4;54315;0.0;0;0;1740462;;;;0;56;#F8F8F8;#080808;#080808;True
1747;Real Valladolid C.F.;Real Valladolid;Espagne;796;;1928;False;1;1747;6450;2ème Division d'Espagne;68;Nuevo José Zorrilla;1064;27618;27618;2;32;14;14;13;13;20400;8500;25500;€;7996987.57;6893955;0.0;0;0.0;0;0.0;0;231690.27;199733;0.0;0;0;59491357;;;;0;3;#F8F8F8;#804090;#F8F8F8;True
1749;Real Zaragoza;Real Zaragoza;Espagne;796;;1932;False;1;1749;5800;Première Division B de la Fédération espagnole;2000048846;Mini Romareda;2000412799;20000;20000;2;26;14;14;14;13;18000;15000;30000;€;1423638.96;1227275;0.0;0;0.0;0;0.0;0;107614.36;92771;0.0;0;0;21779676;;;;0;25;#F8F8F8;#70B8F0;#70B8F0;True
1753;S.D. Eibar;Eibar;Espagne;796;;1940;False;1;1753;6300;2ème Division d'Espagne;68;Ipurúa;1067;8050;8050;2;31;13;13;13;12;5000;2500;8100;€;1728412.71;1490011;0.0;0;0.0;0;0.0;0;251155.07;216513;0.0;0;0;331123335;;;;0;56;#083060;#901000;#B00000;True
1759;Sevilla F.C.;Sevilla;Espagne;796;;1890;True;1;1759;7600;Première Division d'Espagne;67;Ramón Sánchez-Pizjuán;1070;45500;45500;2;73;16;16;16;16;35429;25000;44286;€;61188383.52;52748608;0.0;0;0.0;0;675777.7;582567;697622.82;601399;0.0;0;100;418423462;;;;0;25;#F8F8F8;#C81018;#C81018;True
1772;U.D. Las Palmas;Las Palmas;Espagne;796;;1949;False;1;1772;6300;2ème Division d'Espagne;68;Estadio de Gran Canaria;7454220;32400;32400;2;39;15;16;16;15;23780;11000;29725;€;4083419.12;3520189;0.0;0;0.0;0;0.0;0;189836.31;163652;0.0;0;0;672786800;;;;0;1;#F8E050;#0050D0;#0050D0;True
1775;Valencia C.F.;Valencia;Espagne;796;;1919;True;1;1775;7400;Première Division d'Espagne;67;Mestalla;1078;49430;49430;2;78;17;17;17;16;42422;30000;53027;€;50701545.34;43708230;0.0;0;0.0;0;1222043.72;1053486;923361.13;796001;104.4;90;100;1019385129;;;;0;1;#F8F8F8;#080808;#F8F8F8;True
1777;Villarreal C.F.;Villarreal;Espagne;796;;1923;True;1;1777;8100;Première Division d'Espagne;67;Estadio de La Cerámica;1080;23000;23000;2;100;17;17;17;18;18256;9500;23000;€;40594937.75;34995637;0.0;0;0.0;0;1466314.2;1264064;1255234.8;1082099;0.0;0;100;1863899448;;;;0;56;#F8E000;#F8E000;#283850;True
1847;BSC Young Boys;Young Boys;Suisse;798;;1898;False;1;1847;6400;Super League suisse;137889;Neufeld;5722528;14000;3000;3;16;13;12;15;17;28156;15000;35195;€;18270297.59;15750257;0.0;0;0.0;0;0.0;0;295977.47;255153;0.0;0;0;364684974;;;;0;1;#F8D800;#080808;#080808;True
1849;FC Basel 1893;Basel;Suisse;798;;1893;False;1;1849;6400;Super League suisse;137889;St. Jakob-Park;5722520;38512;38512;3;12;16;16;18;20;26267;12000;33500;€;21924358.97;18900310;0.0;0;0.0;0;0.0;0;203143.83;175124;0.0;0;0;330452822;;;;0;48;#003888;#A01828;#A01828;True
1850;FC Lugano;Lugano;Suisse;798;;2003;False;1;1850;6000;Super League suisse;137889;Cornaredo;1301214;14873;4873;3;15;11;10;10;11;4077;2800;5096;€;0.0;0;0.0;0;0.0;0;0.0;0;167413.52;144322;0.0;0;0;619885865;;;;0;2;#080808;#F8F8F8;#F8F8F8;True
1851;FC Luzern;Luzern;Suisse;798;;1901;False;1;1851;5850;Super League suisse;137889;swissporarena;98005981;18000;15600;3;7;13;13;17;15;13573;10000;16966;€;0.0;0;0.0;0;0.0;0;0.0;0;72964.0;62900;0.0;0;0;307058070;;;;0;1;#104098;#F8F8F8;#104098;True
1852;FC Sion;Sion;Suisse;798;;1909;False;1;1852;5650;Super League suisse;137889;Stade de Tourbillon;5722525;20200;20200;3;10;12;12;17;15;11350;7500;14187;€;0.0;0;0.0;0;0.0;0;0.0;0;53805.44;46384;0.0;0;0;8788388;;;;0;12;#F8F8F8;#C82820;#C82820;True
1853;FC St. Gallen 1879;St. Gallen;Suisse;798;;1879;False;1;1853;6000;Super League suisse;137889;Kybunpark;98004802;20029;13843;3;18;14;14;16;16;18974;17000;23717;€;7479068.46;6447473;0.0;0;0.0;0;0.0;0;134310.6;115785;0.0;0;0;315598281;;;;0;1;#206858;#007840;#F8F8F8;True
1854;FC Zürich;Zürich;Suisse;798;;1896;False;1;1854;5900;Super League suisse;137889;Letzigrund;5722523;26104;20646;3;8;14;15;17;18;13032;10000;17000;€;0.0;0;0.0;0;0.0;0;0.0;0;42348.12;36507;0.0;0;0;610258866;;;;0;2;#F8F8F8;#283048;#283048;True
1855;Grasshopper-Club Zürich;Grasshoppers;Suisse;798;;1886;False;1;1855;5500;Super League suisse;137889;Letzigrund;5722523;26104;20646;3;13;15;15;17;18;6378;4000;8000;€;0.0;0;0.0;0;0.0;0;0.0;0;62361.6;53760;0.0;0;0;6107765;;;;0;5;#0060C8;#F8F8F8;#0060C8;True
1856;FC Lausanne-Sport;Lausanne;Suisse;798;;1896;False;1;1856;5750;Super League suisse;137889;Stade de la Tuilière;84151491;12577;11975;3;14;15;15;14;16;6001;4500;9000;€;2530010.97;2181044;0.0;0;0.0;0;0.0;0;86938.52;74947;0.0;0;0;26601854;;;;0;15;#F8F8F8;#003080;#F8F8F8;True
1858;Servette FC;Servette FC;Suisse;798;;1890;False;1;1858;6100;Super League suisse;137889;Stade de Genève;1301218;30000;30000;3;15;13;16;16;16;7192;6000;8990;€;0.0;0;0.0;0;0.0;0;0.0;0;148988.08;128438;0.0;0;0;27565463;;;;0;25;#601828;#F0E860;#F0E860;True
1866;Beşiktaş A.Ş.;Beşiktaş;Turquie;799;;1903;False;1;1866;7300;Turkish Super League;130286;Beşiktaş Park;70086181;42445;42445;2;26;15;10;11;15;29143;17500;36428;€;16177980.13;13946535;0.0;0;0.0;0;0.0;0;1033557.65;890998;0.0;0;0;656306973;;;;0;25;#F0F0F0;#C81018;#080808;True
1870;Fenerbahçe A.Ş.;Fenerbahçe;Turquie;799;;1907;False;1;1870;7500;Turkish Super League;130286;Şükrü Saracoğlu Spor Kompleksi;1301242;47430;47430;2;47;14;13;11;15;34599;25000;45000;€;28634739.54;24685121;0.0;0;0.0;0;0.0;0;2240463.38;1931434;0.0;0;0;2046017883;;;;0;56;#002870;#F0F040;#F0F040;True
1871;Galatasaray A.Ş.;Galatasaray;Turquie;799;;1905;False;1;1871;7900;Turkish Super League;130286;Ali Sami Yen Spor Kompleksi;70023831;53978;53978;2;24;16;8;11;15;42792;25000;53490;€;17366096.18;14970773;0.0;0;0.0;0;0.0;0;2073191.38;1787234;0.0;0;0;514525108;;;;0;5;#F8B010;#A02038;#A02038;True
1873;Gençlerbirliği;Gençlerbirliği;Turquie;799;;1923;False;1;1873;5400;Turkish Super League;130286;Yeni Ankara 19 Mayıs Stadyumu;70111113;45000;45000;2;9;15;15;10;12;3500;1500;5500;€;3037816.03;2618807;0.0;0;0.0;0;0.0;0;75817.6;65360;0.0;0;0;321609877;;;;0;56;#C80020;#181818;#181818;True
1876;Kocaelispor;Kocaelispor;Turquie;799;;1966;False;1;1876;5400;Turkish Super League;130286;Kocaeli Stadyumu;70086096;34829;34829;2;15;6;6;9;6;18000;7000;22500;€;4860506.58;4190092;0.0;0;0.0;0;0.0;0;172443.28;148658;0.0;0;0;339077265;;;;0;11;#080808;#084830;#080808;True
1878;Yılport Samsunspor;Samsunspor;Turquie;799;;1965;False;1;1878;5800;Turkish Super League;130286;Samsun Yeni 19 Mayıs Stadyumu;70081853;33303;33303;2;33;14;16;9;8;15903;8000;19878;€;3559099.14;3068189;0.0;0;0.0;0;0.0;0;255565.39;220315;0.0;0;0;389741210;;;;0;48;#F0F0F0;#B82028;#101010;True
1879;Trabzonspor A.Ş.;Trabzonspor;Turquie;799;;1967;False;1;1879;6950;Turkish Super League;130286;Şenol Güneş Spor Kompleksi;70086091;40782;40782;2;23;14;16;12;10;20952;15000;27500;€;17772494.05;15321116;0.0;0;0.0;0;0.0;0;825061.58;711260;0.0;0;0;784327151;;;;0;56;#6098C0;#781010;#781010;True
1885;Dinamo Kyiv;Dinamo Kiev;Ukraine;800;;1927;False;1;1885;6000;Championnat d'Ukraine;5314301;NSC Olympiyskyi;1301278;70050;70050;2;5;18;18;14;18;16000;9000;70050;€;5021839.38;4329172;0.0;0;0.0;0;0.0;0;31374.52;27047;0.0;0;0;315650438;;;;0;1;#F8F8F8;#0050D0;#0050D0;True
1895;Shakhtar Donetsk;Shakhtar;Ukraine;800;;1936;False;1;1895;6500;Championnat d'Ukraine;5314301;Arena Lviv;71016259;33400;33400;2;7;17;17;15;20;12500;9300;70050;€;48736812.8;42014495;0.0;0;0.0;0;0.0;0;77224.68;66573;0.0;0;0;118453664;;;;0;48;#F86000;#080808;#080808;True
1903;Colorado Rapids;Colorado;États-Unis;390;;1996;False;1;1903;5900;Major League Soccer;40;Dick's Sporting Goods Park;981291;18061;18061;1;10;15;13;10;11;15181;10439;35000;€;1649386.55;1421885;0.0;0;0.0;0;0.0;0;159145.04;137194;0.0;0;0;345187555;;;;0;4;#502830;#401020;#90B8D0;True
1904;Columbus Crew;Columbus;États-Unis;390;;1996;False;1;1904;6650;Major League Soccer;40;Lower.com Field;29144036;20371;20000;1;17;18;15;10;10;20658;18000;27000;€;4063870.8;3503337;0.0;0;0.0;0;0.0;0;342498.11;295257;0.0;0;0;711220457;;;;0;15;#F8F000;#080808;#080808;True
1905;FC Dallas;FC Dallas;États-Unis;390;;1996;False;1;1905;6200;Major League Soccer;40;Toyota Stadium;979452;20000;10000;1;10;17;17;13;18;19094;11500;24000;€;2382615.57;2053979;0.0;0;0.0;0;0.0;0;111764.84;96349;0.0;0;0;324332470;;;;0;5;#D03038;#183070;#F8F8F8;True
1907;LA Galaxy;LA Galaxy;États-Unis;390;;1996;True;1;1907;6800;Major League Soccer;40;Dignity Health Sports Park;72040432;27000;27000;1;11;17;17;12;20;25880;17500;68000;€;46544636.74;40124688;0.0;0;0.0;0;384891.47;331803;259188.07;223438;0.0;0;100;942779157;;;;0;25;#F8F8F8;#F0A038;#A8A8A8;True
1909;New England Revolution;New England;États-Unis;390;;1996;False;1;1909;6050;Major League Soccer;40;Revolution Stadium;29144035;19000;19000;1;9;18;17;12;13;19000;14500;30353;€;40057595.61;34532411;0.0;0;0.0;0;0.0;0;273047.75;235386;0.0;0;0;356574344;;;;0;2;#082040;#C82020;#F8F8F8;True
1910;San Jose Earthquakes;San Jose;États-Unis;390;;1974;False;1;1910;5900;Major League Soccer;40;PayPal Park;72013735;18000;18000;1;7;14;14;10;14;17501;13500;55000;€;2525687.65;2177317;0.0;0;0.0;0;0.0;0;149919.56;129241;0.0;0;0;326605143;;;;0;9;#080808;#0090D8;#F84030;True
1913;D.C. United;D.C. United;États-Unis;390;;1996;False;1;1913;6050;Major League Soccer;40;Audi Field;29144034;19993;19993;1;5;17;17;12;14;18061;11218;35000;€;4005758.28;3453240;0.0;0;0.0;0;0.0;0;70093.0;60425;0.0;0;0;9074755;;;;0;1;#080808;#080808;#E00000;True
1920;Liverpool Fútbol Club;Liverpool FC;Uruguay;1657;;1915;False;1;1920;5050;1ère Division uruguayenne;5512770;Parque Alfredo Víctor Viera;104438;9064;9064;3;1;7;13;16;14;708;350;5500;€;744413.74;641736;0.0;0;0.0;0;0.0;0;591.6;510;0.0;0;0;335793;;;;0;48;#101010;#0078F8;#101010;True
1921;Club Nacional de Football;Nacional;Uruguay;1657;;1899;False;1;1921;6153;1ère Division uruguayenne;5512770;Gran Parque Central;8826798;31395;31395;3;9;10;14;17;20;25000;8000;40000;€;3675259.21;3168327;0.0;0;0.0;0;0.0;0;53734.68;46323;0.0;0;0;1809157348;;;;0;1;#F8F8F8;#0050D0;#0050D0;True
1922;Club Atlético Peñarol;Peñarol;Uruguay;1657;;1891;False;1;1922;6050;1ère Division uruguayenne;5512770;Campeón del Siglo;78070678;40000;40000;3;9;11;16;15;14;25000;8000;40000;€;3571469.38;3078853;0.0;0;0.0;0;0.0;0;64841.68;55898;0.0;0;0;919749625;;;;0;37;#F8E010;#080808;#080808;True
1940;The New Saints;The New Saints;Angleterre;765;;1959;False;1;1940;2750;JD Cymru Premier;130672;Park Hall;350024;1804;0;2;11;7;7;7;7;380;210;2500;€;184259.03;158844;0.0;0;0.0;0;0.0;0;8120.0;7000;0.0;0;0;466639;;;;0;13;#F8F8F8;#209840;#209840;True
1952;FC Partizan Belgrade;Partizan;Serbie;802;;1945;False;1;1952;6250;Super League de Serbie;132321;Stadion FK Partizan;1301364;29775;29775;3;7;16;16;16;20;3842;2500;27000;€;3053237.07;2632101;0.0;0;0.0;0;0.0;0;38029.44;32784;0.0;0;0;10265482;;;;0;37;#080808;#F8F8F8;#F8F8F8;True
1955;FK Crvena zvezda Beograd;Crvena zvezda;Serbie;802;;1945;False;1;1955;6500;Super League de Serbie;132321;Rajko Mitić;1301367;51755;51755;3;11;16;16;16;20;10880;6120;36000;€;6626304.93;5712332;0.0;0;0.0;0;0.0;0;78461.24;67639;0.0;0;0;30118904;;;;0;37;#E00000;#F8F8F8;#F8F8F8;True
1957;FK Vojvodina Novi Sad;Vojvodina;Serbie;802;;1914;False;1;1957;5400;Super League de Serbie;132321;Karađorđe;5741841;14853;14853;3;3;14;14;14;15;2262;1550;11500;€;2308739.81;1990293;0.0;0;0.0;0;0.0;0;12055.88;10393;0.0;0;0;3873938;;;;0;5;#E00000;#F8F8F8;#F8F8F8;True
1958;Football Club Dieppois;FC Dieppe;France;769;;1897;False;2;1958;3000;National 2 - Groupe B;914522;Stade Jean Dasnias (ex des Vertus);34007009;2600;1600;3;31;4;3;5;5;600;600;2500;€;0.0;0;0.0;0;0.0;0;0.0;0;8920.4;7690;0.0;0;0;713601;;;;0;2;#0050D0;#F8F8F8;#F8F8F8;True
1971;ESTAC Troyes;Troyes;France;769;;1899;True;1;1971;5600;Ligue 1 McDonald's;16;Stade de l'Aube;929;20192;20192;3;78;14;15;11;12;6970;100;8712;€;10194588.95;8788439;0.0;0;0.0;0;115841.08;99863;120643.48;104003;835.2;720;100;39173086;;;;0;1;#204870;#F8F8F8;#F8F8F8;True
1980;Football Bourg-en-Bresse Péronnas 01;Bourg-Péronnas;France;769;;1942;True;2;1980;4400;Championnat National;18;Stade Marcel Verchère;48037316;11400;4868;3;41;7;4;6;5;1171;100;2500;€;15208.76;13111;0.0;0;0.0;0;25967.76;22386;22052.76;19011;0.0;0;10;1048629;;;;0;25;#0050D0;#F8F8F8;#0050D0;True
1986;Union Sportive de Chantilly;US Chantilly;France;769;;1902;False;2;1986;3250;National 2 - Groupe B;914522;Stade des Bourgognes;914599;3000;430;3;22;3;3;3;3;100;100;2500;€;0.0;0;0.0;0;0.0;0;0.0;0;16018.44;13809;0.0;0;0;918049;;;;0;15;#008030;#F8F8F8;#006030;True
1987;Voltigeurs de Châteaubriant;Châteaubriant;France;769;;1907;False;2;1987;3250;National 2 - Groupe A;19;Stade de la Ville en Bois;8449812;2900;1200;3;19;3;3;3;2;100;100;2500;€;0.0;0;0.0;0;0.0;0;0.0;0;7096.88;6118;0.0;0;0;578911;;;;0;29;#F8F8F8;#808080;#F8F8F8;True
1992;Clermont Foot 63;Clermont;France;769;;1990;True;1;1992;5800;Ligue 2 BKT;17;Stade Gabriel-Montpied;938;17000;17000;3;70;12;10;8;8;5197;100;6496;€;8006890.49;6902492;0.0;0;0.0;0;86623.0;74675;68390.12;58957;812.0;700;100;21218745;;;;0;48;#A80030;#102038;#102038;True
2002;US Boulogne CO;Boulogne;France;769;;1898;True;1;2002;5000;Ligue 2 BKT;17;Stade de la Libération;3501913;6006;6006;3;38;10;10;8;8;4395;100;5493;€;98783.28;85158;0.0;0;0.0;0;35650.28;30733;28961.72;24967;0.0;0;100;5616709;;;;0;16;#E00000;#080808;#F8F8F8;True
2005;FC Lorient;Lorient;France;769;;1926;True;1;2005;6150;Ligue 1 McDonald's;16;Stade du Moustoir - Yves Allainmat;948;16826;16826;3;79;15;15;12;11;12334;100;15417;€;2555914.93;2203375;0.0;0;0.0;0;241014.35;207771;200091.87;172493;1078.8;930;100;79860948;;;;0;7;#F84000;#080808;#080808;True
2009;FC Sochaux-Montbéliard;Sochaux;France;769;;1928;True;1;2009;5150;Ligue 2 BKT;17;Stade Auguste-Bonal;957;20002;20002;3;80;15;16;15;15;11693;100;14616;€;2605073.41;2245753;0.0;0;0.0;0;79193.2;68270;66338.08;57188;870.0;750;100;308683708;;;;0;10;#F8F000;#0030A0;#0030A0;True
2017;FC Sports Réunis Haguenau;Haguenau;France;769;;1920;False;2;2017;3250;National 2 - Groupe B;914522;Parc des Sports;6200189;7000;1700;3;26;4;3;3;3;100;100;2500;€;0.0;0;0.0;0;0.0;0;0.0;0;9008.56;7766;0.0;0;0;642587;;;;0;10;#E00000;#F8F8F8;#F8F8F8;True
2037;Angoulême Charente FC;Angoulême;France;769;;1920;False;2;2037;3250;National 2 - Groupe A;19;Stade Camille-Lebon;3500155;6500;1927;3;19;5;3;3;5;300;100;2559;€;0.0;0;0.0;0;0.0;0;0.0;0;9307.84;8024;0.0;0;0;600102;;;;0;1;#0050D0;#F8F8F8;#F8F8F8;True
2047;Stade de Reims;Stade Reims;France;769;;1931;True;1;2047;6400;Ligue 2 BKT;17;Stade Auguste-Delaune;983;20546;20546;3;75;14;15;12;12;10197;100;12746;€;10926224.13;9419159;0.0;0;0.0;0;209407.83;180524;177495.07;153013;638.0;550;100;70358739;;;;0;2;#E82020;#F8F8F8;#E82020;True
2048;Rodez Aveyron Football;Rodez;France;769;;1929;True;1;2048;5400;Ligue 2 BKT;17;Stade Paul-Lignon;984;6761;6761;3;51;8;5;7;5;5518;100;6897;€;2881007.24;2483627;0.0;0;0.0;0;56398.04;48619;45881.48;39553;377.0;325;100;11962352;;;;0;25;#882020;#F8B800;#882020;True
2051;US Saint-Malo;Saint-Malo;France;769;;1901;False;2;2051;3250;National 2 - Groupe A;19;Stade de Marville (terrain n°1);3501954;1350;1350;3;27;4;4;5;5;1171;100;2500;€;2.32;2;0.0;0;0.0;0;0.0;0;11116.28;9583;0.0;0;0;864063;;;;0;1;#080808;#080808;#A08028;True
2052;US Lusitanos Saint-Maur;Lusitanos;France;769;;1966;False;2;2052;3000;National 2 - Groupe C;914523;Stade Adolphe Chéron;3500161;3500;1500;3;15;5;3;3;3;500;300;2500;€;0.0;0;0.0;0;0.0;0;0.0;0;6193.24;5339;0.0;0;0;300351800;;;;0;50;#E00000;#008030;#E00000;True
2054;AS Saint-Priest;Saint-Priest;France;769;;1945;False;2;2054;3250;National 2 - Groupe C;914523;Stade Jacques Joly;3500162;2000;600;3;23;5;3;5;5;300;150;2500;€;0.0;0;0.0;0;0.0;0;0.0;0;9209.24;7939;0.0;0;0;521112;;;;0;56;#F8F000;#F8F000;#E00000;True
2061;Stade Brestois 29;Brest;France;769;;1950;True;1;2061;6700;Ligue 1 McDonald's;16;Stade Francis-Le Blé;990;15500;15500;3;78;12;12;10;11;14717;13121;18396;€;11125874.04;9591271;0.0;0;0.0;0;326459.95;281431;262623.99;226400;1113.6;960;100;387260442;;;;0;2;#D01018;#F8F8F8;#F8F8F8;True
2062;Stade Lavallois MFC;Laval;France;769;;1902;True;1;2062;5450;Ligue 2 BKT;17;Stade Francis Le Basser;991;9500;9500;3;63;12;13;8;12;6628;100;8285;€;1594143.87;1374262;0.0;0;0.0;0;79843.96;68831;62585.48;53953;522.0;450;100;308494066;;;;0;10;#F87000;#080808;#080808;True
2068;Union Sportive Avranches Mont-Saint-Michel;Avranches;France;769;;1897;False;2;2068;3500;National 2 - Groupe A;19;Stade René Fenouillère;997;2000;650;3;22;8;8;5;5;790;100;2500;€;2.32;2;0.0;0;0.0;0;0.0;0;16323.52;14072;0.0;0;0;694570;;;;0;50;#F8F8F8;#0050D0;#0050D0;True
2069;Union Sportive Créteil-Lusitanos Football;Créteil;France;769;;1936;False;2;2069;3500;National 2 - Groupe C;914523;Stade Dominique Duvauchelle;998;11650;11650;3;37;10;9;7;8;807;100;2500;€;2.32;2;0.0;0;0.0;0;0.0;0;33619.12;28982;0.0;0;0;2247244;;;;0;55;#0030A0;#F8F000;#F8F000;True
2072;USL Dunkerque;Dunkerque;France;769;;1909;True;1;2072;5450;Ligue 2 BKT;17;Stade Marcel-Tribut;1000;4933;4933;3;66;7;8;8;7;4140;100;5175;€;3496671.42;3014372;0.0;0;0.0;0;70905.0;61125;57734.36;49771;290.0;250;100;13916545;;;;0;1;#182848;#0030A0;#B09068;True
2075;US Orléans;Orléans;France;769;;1976;True;2;2075;5000;Championnat National;18;Stade de la Source;914708;6833;6833;3;62;8;10;8;7;2564;100;3205;€;41792.48;36028;0.0;0;0.0;0;33943.92;29262;29004.64;25004;105.56;91;35;2123674;;;;0;1;#F8F000;#F8F000;#F8F000;True
2083;FC Versailles 78;Versailles 78;France;769;;1989;True;2;2083;4400;Championnat National;18;Camp des Loges;85110850;750;0;3;52;13;5;5;5;762;100;2500;€;21214.08;18288;0.0;0;0.0;0;42337.68;36498;37299.8;32155;90.48;78;35;2029242;;;;0;1;#2850B0;#0050D0;#F8F8F8;True
2085;FC Villefranche-Beaujolais;Villefranche;France;769;;1927;True;2;2085;4400;Championnat National;18;Stade Armand Chouffet;3501931;3500;500;3;29;5;3;5;5;1439;100;2500;€;27936.28;24083;0.0;0;0.0;0;29190.24;25164;25059.48;21603;30.16;26;35;1847374;;;;0;25;#0050D0;#F8F8F8;#0050D0;True
2090;Pau FC;Pau;France;769;;1995;True;1;2090;5400;Ligue 2 BKT;17;Nouste Camp;48047769;4500;4500;3;55;13;10;8;8;3406;100;4257;€;2317873.65;1998167;0.0;0;0.0;0;89084.52;76797;75355.92;64962;174.0;150;100;908434232;;;;0;10;#F8D000;#002060;#002060;True
2091;US Granvillaise;Granville;France;769;;1918;False;2;2091;3250;National 2 - Groupe A;19;Stade Louis Dior;34001523;3000;250;3;30;3;3;3;4;900;500;2500;€;0.0;0;0.0;0;0.0;0;0.0;0;14334.12;12357;0.0;0;0;1062580;;;;0;1;#F8F8F8;#68C0E8;#0070C0;True
2092;R.C. Celta Fortuna;Celta Fortuna;Espagne;796;;1989;False;1;2092;5200;2ème Division d'Espagne;68;Barreiro;7445379;4500;1024;1;0;1;1;1;1;983;500;2500;€;0.0;0;0.0;0;0.0;0;0.0;0;25832.04;22269;0.0;0;0;10694292;;;;0;;;;;False
2093;Cultural y Deportiva Leonesa;Cultural Leonesa;Espagne;796;;1923;False;1;2093;5050;Première Division A de la Fédération espagnole;2000048844;Reino de León;1034;13451;13451;2;23;10;8;11;11;5500;2500;12500;€;0.0;0;0.0;0;0.0;0;0.0;0;58973.24;50839;0.0;0;0;6732673;;;;0;1;#F8F8F8;#C80030;#C80030;True
2094;R.C. Deportivo de La Coruña Fabril;Deportivo Fabril;Espagne;796;;1953;False;1;2094;3800;Première Division A de la Fédération espagnole;2000048844;Ciudad Deportiva de Abegondo;1503190;3000;1300;1;0;1;1;1;1;691;400;9000;€;0.0;0;0.0;0;0.0;0;0.0;0;45930.2;39595;0.0;0;0;9366958;;;;0;;;;;False
2095;Real Jaén C.F.;Real Jaén;Espagne;796;;1922;False;1;2095;3200;Première Division B de la Fédération espagnole;2000048846;Nuevo La Victoria;1045;12569;12569;2;16;8;8;8;11;5000;1500;20000;€;0.0;0;0.0;0;0.0;0;0.0;0;16037.0;13825;0.0;0;0;1370655;;;;0;50;#F8F8F8;#F8F8F8;#503098;True
2096;Málaga C.F.;Málaga;Espagne;796;;1948;True;1;2096;5600;Première Division d'Espagne;67;La Rosaleda;1047;28962;28962;2;74;15;15;16;16;24856;12758;31070;€;3248811.91;2800700;0.0;0;0.0;0;216141.63;186329;189827.03;163644;0.0;0;100;77461818;;;;0;3;#88A8D0;#F8F8F8;#0050D0;True
2185;S.S. Arezzo;Arezzo;Italie;776;;1923;False;1;2185;4400;Serie BKT;33;Città di Arezzo;1161;13128;13128;3;34;9;7;5;8;3500;2900;5600;€;1578706.59;1360954;0.0;0;0.0;0;0.0;0;117465.08;101263;0.0;0;0;16592213;;;;0;55;#901828;#781820;#F8F8F8;True
2188;Benevento Calcio;Benevento;Italie;776;;1929;False;1;2188;5350;Serie BKT;33;Ciro Vigorito;1170;14461;14461;3;38;12;12;11;11;7132;5500;15500;€;2148572.82;1852218;0.0;0;0.0;0;0.0;0;114730.96;98906;0.0;0;0;623349558;;;;0;11;#F8D000;#C80000;#080808;True
2191;Casertana F.C.;Casertana;Italie;776;;1908;False;1;2191;4450;Série C/C italienne;43127174;Alberto Pinto;1179;6817;6817;3;19;10;5;5;5;4200;2900;6000;€;1479672.76;1275580;0.0;0;0.0;0;0.0;0;31570.56;27216;0.0;0;0;604518475;;;;0;37;#102040;#B02030;#B02030;True
2193;Catania F.C.;Catania;Italie;776;;1946;False;1;2193;5200;Série C/C italienne;43127174;Angelo Massimino - Cibali;1164;20881;20881;3;26;17;12;7;11;16172;14500;20700;€;2337068.17;2014714;0.0;0;0.0;0;0.0;0;107507.64;92679;0.0;0;0;312595624;;;;0;37;#4898E8;#E00000;#080808;True
2194;Palermo F.C.;Palermo;Italie;776;;1900;False;1;2194;6000;Serie BKT;33;Stade Renzo Barbera;1186;36350;36350;3;38;14;12;12;11;20229;18200;34500;€;7374564.07;6357383;0.0;0;0.0;0;0.0;0;330591.87;284993;0.0;0;0;1252392318;;;;0;1;#E8B8C0;#E8B8C0;#080808;True
2195;A.S. Cittadella;Cittadella;Italie;776;;1973;False;1;2195;5450;Série C/A italienne;43127172;Pier Cesare Tombolato;7987373;7623;7623;3;22;8;10;9;7;3521;2400;5500;€;2180620.14;1879845;0.0;0;0.0;0;0.0;0;69693.96;60081;0.0;0;0;7584420;;;;0;25;#900820;#F8F8F8;#701828;True
2198;Forlì F.C.;Forlì;Italie;776;;1919;False;1;2198;3750;Série C/B italienne;43127173;Tullo Morgagni;1199;3385;3385;3;18;7;5;5;6;600;100;2500;€;810083.66;698348;0.0;0;0.0;0;0.0;0;15426.84;13299;0.0;0;0;2917328;;;;0;37;#C81828;#F8F8F8;#F8F8F8;True
2199;Frosinone Calcio;Frosinone;Italie;776;;1928;True;1;2199;5900;Italian Serie A;32;Stadio Benito Stirpe - PSC Arena;43156635;16000;16000;3;64;12;12;11;11;12500;12000;15625;€;9029095.22;7783703;0.0;0;0.0;0;316729.87;273043;298175.67;257048;3062.4;2640;100;398966716;;;;0;25;#F8C820;#084898;#084898;True
2201;Hellas Verona F.C.;Hellas Verona;Italie;776;;1903;False;1;2201;6500;Serie BKT;33;Marcantonio Bentegodi;1185;39210;39210;3;69;13;13;13;10;19098;15400;28654;€;34370734.05;29629944;0.0;0;0.0;0;0.0;0;394882.55;340416;0.0;0;0;95636275;;;;0;1;#002080;#002080;#F8E010;True
2205;Calcio Lecco 1912;Lecco;Italie;776;;1912;False;1;2205;5050;Série C/A italienne;43127172;Mario Rigamonti - Mario Ceppi;1213;5508;5508;3;21;7;5;8;8;4181;3900;5226;€;2234628.58;1926404;0.0;0;0.0;0;0.0;0;34349.92;29612;0.0;0;0;3666710;;;;0;3;#083078;#98D0F0;#083078;True
2206;U.S. Livorno 1915;Livorno;Italie;776;;1915;False;1;2206;4500;Série C/B italienne;43127173;Armando Picchi;1215;14267;14267;3;20;12;8;6;7;3200;1300;10000;€;771137.82;664774;0.0;0;0.0;0;0.0;0;42952.48;37028;0.0;0;0;5046533;;;;0;17;#702028;#F8F8F8;#080808;True
2213;A.C. Ospitaletto;Ospitaletto;Italie;776;;1923;False;1;2213;3700;Série C/A italienne;43127172;Gino Corioni;1233;3000;3000;3;12;5;5;5;5;340;150;2500;€;812821.26;700708;0.0;0;0.0;0;0.0;0;10007.32;8627;0.0;0;0;600900492;;;;0;1;#F84800;#0050D8;#0050D8;True
2215;Pisa S.C.;Pisa;Italie;776;;1909;False;1;2215;6050;Serie BKT;33;Stadio Garibaldi Romeo Anconetani - Cetilar Arena;1241;17000;17000;3;37;11;13;10;10;6684;100;9900;€;23381453.49;20156426;0.0;0;0.0;0;0.0;0;235387.19;202920;0.0;0;0;102132677;;;;0;41;#0050B8;#101010;#C8C098;True
2218;F.C. Pro Vercelli 1892;Pro Vercelli;Italie;776;;1892;False;1;2218;5000;Série C/A italienne;43127172;Silvio Piola;1247;5465;5465;3;20;13;12;8;10;900;650;3000;€;1245314.48;1073547;0.0;0;0.0;0;0.0;0;27439.8;23655;0.0;0;0;303816546;;;;0;10;#F8F8F8;#080808;#901000;True
2222;Torres;Torres;Italie;776;;1903;False;1;2222;4300;Série C/B italienne;43127173;Vanni Sanna;1258;6145;6145;3;22;7;6;6;6;1800;1200;4500;€;1301920.16;1122345;0.0;0;0.0;0;0.0;0;27727.48;23903;0.0;0;0;2875009;;;;0;5;#E00808;#082040;#F8F8F8;True
2227;Ternana Calcio;Ternana;Italie;776;;1925;False;1;2227;5350;Série C/B italienne;43127173;Libero Liberati;1267;14995;14995;3;5;12;9;8;8;5559;3800;9000;€;2999938.55;2586154;0.0;0;0.0;0;0.0;0;32800.16;28276;0.0;0;0;803668;;;;0;3;#B00810;#48A068;#F8C030;True
2231;Vis Pesaro dal 1898;Vis Pesaro;Italie;776;;1898;False;1;2231;4200;Série C/B italienne;43127173;Tonino Benelli;1277;4898;4898;3;13;7;7;9;8;1524;1200;2500;€;1310429.92;1129681;0.0;0;0.0;0;0.0;0;9319.44;8034;0.0;0;0;601860213;;;;0;37;#F8F8F8;#E82030;#E82030;True
2233;1. FC Magdeburg;Magdeburg;Allemagne;771;;1965;False;1;2233;5500;Bundesliga 2;23;Avnet Arena;1282;30098;15598;2;52;8;10;8;9;25300;13000;31625;€;603900.62;520604;0.0;0;0.0;0;0.0;0;129647.4;111765;0.0;0;0;638590037;;;;0;2;#005098;#003050;#F8F8F8;True
2237;Braunschweig TSV Eintracht;Braunschweig;Allemagne;771;;1895;False;1;2237;5650;Bundesliga 2;23;EINTRACHT-STADION;1302;23325;12650;2;30;11;10;7;8;21080;14000;26350;€;600284.9;517487;0.0;0;0.0;0;0.0;0;140211.52;120872;0.0;0;0;322435900;;;;0;1;#F0C000;#1068C0;#105088;True
2238;FC Augsburg;Augsburg;Allemagne;771;;1907;True;1;2238;6500;Bundesliga;22;WWK ARENA;91000175;30660;19626;2;77;15;13;12;8;29820;15000;37275;€;22345392.56;19263270;0.0;0;0.0;0;643515.78;554755;506935.07;437013;534.76;461;100;181207310;;;;0;38;#F8F8F8;#106850;#D01820;True
2240;FC Energie Cottbus;FC Energie Cottbus;Allemagne;771;;1966;False;1;2240;4400;Bundesliga 2;23;LEAG Energie Stadion;1303;22528;13528;2;28;11;11;9;9;13108;3530;18674;€;2.32;2;0.0;0;0.0;0;0.0;0;146345.6;126160;0.0;0;0;611819368;;;;0;39;#C80030;#F8F8F8;#F8F8F8;True
2245;Holstein Kiel;Holstein Kiel;Allemagne;771;;1900;False;1;2245;5750;Bundesliga 2;23;Holstein-Stadion;1310;15034;5809;2;47;10;10;8;7;14893;5000;18616;€;2379771.25;2051527;0.0;0;0.0;0;0.0;0;188864.23;162814;0.0;0;0;333923545;;;;0;1;#104088;#182030;#B09040;True
2247;Hertha BSC;Hertha BSC;Allemagne;771;;1892;False;1;2247;6850;Bundesliga 2;23;Olympiastadion Berlin;1317;73856;73856;2;52;17;15;17;15;53191;40000;66488;€;1263881.44;1089553;0.0;0;0.0;0;0.0;0;235751.43;203234;0.0;0;0;35329995;;;;0;11;#202840;#F8F8F8;#202840;True
2249;Rot-Weiss Essen 1907;RW Essen;Allemagne;771;;1907;False;1;2249;5050;3. Liga;35010926;Stadion an der Hafenstraße;91107967;19300;11610;2;25;11;11;8;10;16957;8200;21196;€;124144.36;107021;0.0;0;0.0;0;0.0;0;66390.28;57233;0.0;0;0;7073339;;;;0;9;#F8F8F8;#C01828;#C01828;True
2253;SpVgg Greuther Fürth;Greuther Fürth;Allemagne;771;;1903;False;1;2253;5800;Bundesliga 2;23;Sportpark Ronhof | Thomas Sommer;1330;16626;8126;2;29;14;13;8;11;13071;7500;17000;€;1186364.45;1022728;0.0;0;0.0;0;0.0;0;151045.92;130212;0.0;0;0;332537083;;;;0;49;#589868;#F8F8F8;#F8F8F8;True
2383;Rio Ave Futebol Clube;Rio Ave;Portugal;788;;1939;False;1;2383;5700;Première Ligue portugaise;60;Estádio dos Arcos;1469;5244;5244;3;5;13;12;12;13;2591;2009;4756;€;2.32;2;0.0;0;0.0;0;0.0;0;11913.2;10270;0.0;0;0;12832876;;;;0;48;#F8F8F8;#188860;#188860;True
2388;Académico de Viseu Futebol Clube;Ac. Viseu;Portugal;788;;1914;False;1;2388;5000;Première Ligue portugaise;60;Estádio Municipal do Fontelo;1480;8046;6785;4;9;12;11;8;11;1624;521;5145;€;2.32;2;0.0;0;0.0;0;0.0;0;29457.04;25394;0.0;0;0;29159310;;;;0;12;#080808;#202828;#F8F8F8;True
2389;Moreirense Futebol Clube;Moreirense;Portugal;788;;1938;False;1;2389;5650;Première Ligue portugaise;60;Estádio Comendador Joaquim de Almeida Freitas;1482;6153;6153;4;9;12;11;10;12;2387;1214;5817;€;2393978.93;2063775;0.0;0;0.0;0;0.0;0;15167.0;13075;0.0;0;0;31572001;;;;0;7;#F8F8F8;#006850;#F8F8F8;True
2390;Estoril Praia Futebol;Estoril Praia;Portugal;788;;1939;False;1;2390;5750;Première Ligue portugaise;60;Estádio António Coimbra da Mota;1483;8000;5094;3;16;12;11;13;13;2723;1487;5026;€;5519501.4;4758191;0.0;0;0.0;0;0.0;0;34884.68;30073;0.0;0;0;351219979;;;;0;1;#F8E010;#0050D0;#0050D0;True
2391;Futebol Clube de Alverca;Alverca SAD;Portugal;788;;2020;False;1;2391;5250;Première Ligue portugaise;60;Complexo Desportivo do Alverca;1484;7700;7700;3;11;13;12;12;14;1004;223;2521;€;2.32;2;0.0;0;0.0;0;0.0;0;47746.76;41161;0.0;0;0;46613391;;;;0;34;#0040B8;#C81018;#0040B8;True
2397;Futebol Clube Famalicão;Famalicão;Portugal;788;;1931;False;1;2397;5900;Première Ligue portugaise;60;Estádio Municipal 22 de Junho;1490;5305;5223;3;6;13;12;12;13;3781;1500;5025;€;2.32;2;0.0;0;0.0;0;0.0;0;11305.36;9746;0.0;0;0;33514280;;;;0;21;#F8F8F8;#F8E010;#002060;True
2433;Clube Desportivo Nacional;Nacional da Madeira;Portugal;788;;1910;False;1;2433;5500;Première Ligue portugaise;60;Estádio da Madeira;725047;5586;5220;4;6;15;13;11;13;2396;1425;5086;€;2.32;2;0.0;0;0.0;0;0.0;0;16650.64;14354;0.0;0;0;6818309;;;;0;37;#080808;#F8F8F8;#F8F8F8;True
2443;Casa Pia Atlético Clube;Casa Pia;Portugal;788;;1920;False;1;2443;5500;Première Ligue portugaise;60;Estádio Municipal de Rio Maior;725017;6984;6984;3;9;8;12;11;10;2043;912;7051;€;7246841.11;6247277;0.0;0;0.0;0;0.0;0;15401.32;13277;0.0;0;0;18104850;;;;0;25;#080808;#D0A838;#D0A838;True
2448;Clube Desportivo Santa Clara;Santa Clara;Portugal;788;;1921;False;1;2448;5750;Première Ligue portugaise;60;Estádio de São Miguel;1541;12800;9933;4;2;10;9;8;7;3267;1320;9933;€;1665838.83;1436068;0.0;0;0.0;0;0.0;0;1820.04;1569;0.0;0;0;4857704;;;;0;12;#C81018;#702028;#C81018;True
101345;Vado F.C. 1913;Vado;Italie;776;;1913;False;2;101345;3300;Série C/A italienne;43127172;Ferruccio Chittolina;832663;2000;2000;3;21;5;4;3;4;241;96;2500;€;41769.28;36008;0.0;0;0.0;0;0.0;0;17541.52;15122;0.0;0;0;601381458;;;;0;14;#003068;#E83038;#E83038;True
102029;Arenas Club de Getxo;Arenas Club;Espagne;796;;1909;False;1;102029;3950;Première Division A de la Fédération espagnole;2000048844;Nuevo Gobela;4209465;2000;1221;2;16;8;9;11;9;600;250;2500;€;0.0;0;0.0;0;0.0;0;0.0;0;33418.44;28809;0.0;0;0;1590352;;;;0;48;#080808;#D02028;#D02028;True
102355;Deportivo Toluca;Toluca;Mexique;379;;1917;False;1;102355;6700;1ère Division mexicaine;135973;Estadio Nemesio Díez;136006;31000;31000;3;14;12;11;12;12;25243;15000;31553;€;7718962.26;6654278;0.0;0;0.0;0;0.0;0;216009.39;186215;0.0;0;0;661066828;;;;0;1;#E00000;#080808;#080808;True
102361;CD Águila;CD Águila;Salvador;370;;1926;False;1;102361;4500;Première División du Salvador;87001116;Estadio Juan Francisco Barraza;308287;10000;7000;1;1;11;12;15;13;1100;750;11000;€;0.0;0;0.0;0;0.0;0;0.0;0;424.56;366;0.0;0;0;90995;;;;0;1;#F87000;#080808;#080808;True
102364;CSD Comunicaciones;CSD Comunicaciones;Guatemala;373;;1949;False;1;102364;4750;Ligue Nationale du Guatemala;87000495;Doroteo Guamuch Flores;103147;29950;29950;2;0;11;12;13;12;2560;1000;29950;€;0.0;0;0.0;0;0.0;0;0.0;0;0.0;0;0.0;0;0;0;;;;0;1;#F8F8F8;#002060;#002060;True
102365;CSD Municipal Guatemala;CSD Municipal;Guatemala;373;;1936;False;1;102365;4900;Ligue Nationale du Guatemala;87000495;Estadio El Trébol;308253;10000;10000;1;0;12;11;12;11;2685;1200;29950;€;0.0;0;0.0;0;0.0;0;0.0;0;0.0;0;0.0;0;0;0;;;;0;1;#B00000;#0030A0;#0030A0;True
102367;Club Deportivo Saprissa;Saprissa;Costa Rica;366;;1935;False;1;102367;5500;D1 costaricienne;80000563;Ricardo Saprissa Aymá;116163;23112;23112;1;1;15;14;14;14;10000;5000;25000;€;620769.34;535146;0.0;0;0.0;0;0.0;0;2098.44;1809;0.0;0;0;300000000;;;;0;25;#400040;#F8F8F8;#F8F8F8;True
102369;CD Olimpia Tegucigalpa;CD Olimpia;Honduras;376;;1912;False;1;102369;5000;Ligue Nationale du Honduras;87000201;Estadio Tiburcio Carias Andino;7720002;34000;34000;1;0;11;12;19;14;5354;1400;35000;€;0.0;0;0.0;0;0.0;0;0.0;0;0.0;0;0.0;0;0;0;;;;0;1;#F8F8F8;#0050D0;#0050D0;True
102371;SV Robinhood;Robinhood;Suriname;387;;1945;False;1;102371;3750;Major League du Suriname;37040965;André Kamperveen Stadion;103165;7100;7100;1;0;7;7;7;18;950;100;2500;€;0.0;0;0.0;0;0.0;0;0.0;0;0.0;0;0.0;0;0;0;;;;0;41;#E00000;#008030;#F8F8F8;True
102372;Defence Force Elite;Defence Force;Trinité-et-Tobago;389;;1974;False;1;102372;4200;TT Premier Football League Tier 1;82000461;Hasely Crawford Stadium;5625933;27000;27000;2;0;8;8;8;19;450;250;4000;€;0.0;0;0.0;0;0.0;0;0.0;0;0.0;0;0.0;0;0;0;;;;0;10;#F8F000;#0030A0;#0030A0;True
102373;Police FC (TRI);Police (TRI);Trinité-et-Tobago;389;;1970;False;1;102373;3850;TT Premier Football League Tier 1;82000461;Ken Cooke Ground;82065838;750;500;2;0;7;6;6;16;350;50;3000;€;0.0;0;0.0;0;0.0;0;0.0;0;0.0;0;0.0;0;0;0;;;;0;10;#F8F8F8;#002060;#002060;True
102467;Club Atlético Unión de Santa Fe;Unión (SF);Argentine;1649;;1907;False;1;102467;5800;1ère Division argentine;102421;15 de Abril;102469;29000;6500;3;1;12;10;10;13;16000;8000;30000;€;2392438.45;2062447;0.0;0;0.0;0;0.0;0;4247.92;3662;0.0;0;0;9416436;;;;0;3;#E00000;#F8F8F8;#002080;True
102474;Club Atlético Tucumán;Atl. Tucumán;Argentine;1649;;1902;False;1;102474;5900;1ère Division argentine;102421;Monumental José Fierro;3100077;32000;8000;3;1;12;9;9;13;19000;9000;35200;€;515238.35;444171;0.0;0;0.0;0;0.0;0;1070.68;923;0.0;0;0;599978;;;;0;37;#20B0F0;#F8F8F8;#F0F0F0;True
102485;Instituto Atlético Central Córdoba;Instituto;Argentine;1649;;1918;False;1;102485;5600;1ère Division argentine;102421;Juan Domingo Perón, 'Monumental de Alta Córdoba';108537;23000;10000;3;1;14;14;13;14;28000;7000;38000;€;771317.62;664929;0.0;0;0.0;0;0.0;0;0.0;0;0.0;0;0;267364;;;;0;3;#C80000;#F8F8F8;#F8F8F8;True
102489;Club Atlético Talleres de Córdoba;Talleres Cba.;Argentine;1649;;1913;False;1;102489;6152;1ère Division argentine;102421;Mario Alberto Kempes;102442;57000;36000;3;4;18;14;15;15;50000;35000;62500;€;11743754.98;10123927;0.0;0;0.0;0;0.0;0;19668.96;16956;0.0;0;0;325304795;;;;0;37;#002060;#F8F8F8;#002060;True
102491;Godoy Cruz Antonio Tomba;Godoy Cruz;Argentine;1649;;1921;False;1;102491;5950;1ère Division argentine;102421;Feliciano Gambarte;102492;21000;9000;3;3;13;13;11;13;10000;5000;21000;€;2981988.71;2570680;0.0;0;0.0;0;0.0;0;3753.76;3236;0.0;0;0;308751292;;;;0;41;#2868B0;#2868B0;#F8F8F8;True
102849;Al-Shorta Sports Club;Al-Shorta;Irak;115;;1932;False;1;102849;5600;Stars League d'Irak;23038303;Al-Sha'ab Stadium;103243;45000;45000;1;9;11;9;10;18;13000;6000;40000;€;2778442.36;2395209;0.0;0;0.0;0;0.0;0;9900.6;8535;0.0;0;0;300677163;;;;0;1;#20A878;#20A878;#F8F878;True
102850;Al-Ahli Saudi Football Club;Al Ahli;Arabie saoudite;133;;1937;True;1;102850;6100;Première division saoudienne;7920263;King Abdullah Sports City 'The Shining Jewel';23321112;62241;62241;1;19;16;13;11;18;20825;7500;35000;€;4788590.06;4128095;0.0;0;0.0;0;3032021.83;2613812;2578996.61;2223273;0.0;0;100;815658500;;;;0;25;#007038;#304038;#007038;True
102852;Al-Hilal Saudi Football Club;Al Hilal;Arabie saoudite;133;;1957;True;1;102852;7050;Première division saoudienne;7920263;Kingdom Arena;2000303502;26090;26090;1;22;12;14;14;18;17002;8989;40000;€;524713868.7;452339555;0.0;0;0.0;0;4668240.07;4024345;4361456.03;3759876;0.0;0;100;1433835780;;;;0;49;#0058A0;#003060;#003060;True
102853;Al-Sadd Sports Club;Al Sadd;Qatar;132;;1969;True;1;102853;6400;Stars League du Qatar;5632126;Jassim bin Hamad Stadium;5626028;12946;12946;2;24;11;11;11;20;1500;1000;10000;€;70125744.78;60453230;0.0;0;0.0;0;1698278.23;1464033;1357481.84;1170243;0.0;0;100;715838367;;;;0;1;#F8F8F8;#F8F8F8;#F8F8F8;True
102856;Esteghlal Football Club;Esteghlal;Iran;114;;1945;False;1;102856;6150;Premier League du Golfe Persique;1018789;Azadi Stadium;103242;84412;84412;1;16;10;12;12;20;20000;15000;35000;€;6973771.32;6011872;0.0;0;0.0;0;0.0;0;122161.92;105312;0.0;0;0;7656583;;;;0;1;#3860D8;#3860D8;#F8F8F8;True
102860;Persepolis Football Club;Persepolis;Iran;114;;1963;False;1;102860;6200;Premier League du Golfe Persique;1018789;Azadi Stadium;103242;84412;84412;2;14;14;10;10;15;20000;15000;35000;€;6953616.32;5994497;0.0;0;0.0;0;0.0;0;136151.52;117372;0.0;0;0;8380254;;;;0;2;#C80000;#F8F8F8;#F8F8F8;True
102861;Al-Muharraq Club;Muharraq;Bahreïn;107;;1928;False;1;102861;4500;Première Ligue du Bahreïn;1039313;Shaikh Ali Bin Mohammed Al-Khalifa Stadium;5512113;20000;20000;1;0;10;7;7;20;3000;500;15000;€;2340414.77;2017599;0.0;0;0.0;0;0.0;0;0.0;0;0.0;0;0;0;;;;0;10;#C80000;#F8F8F8;#C80000;True
102862;Al-Nassr Football Club;Al Nassr;Arabie saoudite;133;;1955;True;1;102862;6400;Première division saoudienne;7920263;King Saud University Stadium;23433838;26004;26004;1;20;12;11;13;17;15734;6500;30000;€;5304822.53;4573123;0.0;0;0.0;0;8786766.59;7574799;7628880.14;6576621;0.0;0;100;738362050;;;;0;25;#E8E030;#283858;#283858;True
102924;Club Olimpia;Olimpia;Paraguay;1655;;1902;False;1;102924;6101;1ère division paraguayenne;79010950;Manuel Ferreira;102925;25820;20000;2;14;15;16;15;15;10000;4500;20000;€;10507872.46;9058511;0.0;0;0.0;0;0.0;0;38383.24;33089;0.0;0;0;1515514139;;;;0;15;#F8F8F8;#080808;#F8F8F8;True
104360;Club Tigres U.A.N.L.;Tigres;Mexique;379;;1960;False;1;104360;6950;1ère Division mexicaine;135973;Estadio Universitario de Nuevo León;104471;42000;42000;3;14;13;10;11;12;38886;38000;48607;€;39633909.1;34167164;0.0;0;0.0;0;0.0;0;158459.48;136603;0.0;0;0;647027384;;;;0;15;#F8D000;#2850B0;#2850B0;True
104749;CEA;CEA;Brésil;1651;;1914;False;1;104749;5900;1ère Division Nationale brésilienne;102423;Arena Castelão;312272;63903;63903;2;0;11;11;10;11;34702;15000;43377;€;371117.63;319929;0.0;0;0.0;0;0.0;0;0.0;0;0.0;0;0;0;;;;0;5;#1C1C1C;#E2E2E2;#1C1C1C;True
104750;FOR;FOR;Brésil;1651;;1918;False;1;104750;6102;1ère Division Nationale brésilienne;102423;Arena Castelão;312272;63903;63903;2;1;12;9;7;12;26391;20000;40000;€;3876573.73;3341874;0.0;0;0.0;0;0.0;0;0.0;0;0.0;0;0;8853016;;;;0;13;#E8E8E8;#C83233;#1353B4;True
104776;CTB;CTB;Brésil;1651;;1909;False;1;104776;6150;2ème Division Nationale brésilienne;107191;Couto Pereira;107196;34872;34872;2;4;14;12;12;12;22048;7634;30000;€;1828697.03;1576463;0.0;0;0.0;0;0.0;0;16938.32;14602;0.0;0;0;14032493;;;;0;9;#D8D8D8;#194727;#1C5945;True
105187;CD Real España;Real España;Honduras;376;;1929;False;1;105187;4650;Ligue Nationale du Honduras;87000201;Estadio Francisco Morazán;308278;21500;21500;1;0;10;13;17;13;1700;650;25000;€;0.0;0;0.0;0;0.0;0;0.0;0;0.0;0;0.0;0;0;0;;;;0;12;#F8F000;#080808;#080808;True
105989;Cavalier FC;Cavalier FC;Jamaïque;377;;1962;False;1;105989;4000;Premier League de Jamaïque;81001093;Stadium East Field;81002788;5000;5000;1;0;8;8;9;20;5000;3000;15000;€;144226.28;124333;0.0;0;0.0;0;0.0;0;0.0;0;0.0;0;0;0;;;;0;12;#F8F8F8;#080808;#080808;True
106027;Atlas Fútbol Club;Atlas;Mexique;379;;1916;False;1;106027;6550;1ère Division mexicaine;135973;Estadio Jalisco;115442;56713;56713;3;7;16;12;12;17;19038;14000;45000;€;3892281.29;3355415;0.0;0;0.0;0;0.0;0;95691.88;82493;0.0;0;0;18188402;;;;0;16;#C81828;#080808;#080808;True
106029;Club Santos Laguna;Santos Laguna;Mexique;379;;1983;False;1;106029;6450;1ère Division mexicaine;135973;Estadio Corona (TSM);51008487;30000;30000;3;4;14;11;13;13;17128;10500;25000;€;4893073.58;4218167;0.0;0;0.0;0;0.0;0;32393.0;27925;0.0;0;0;7865549;;;;0;49;#20A860;#F8F8F8;#F8F8F8;True
106063;Al-Ittihad Club;Al-Ittihad;Arabie saoudite;133;;1927;True;1;106063;6550;Première division saoudienne;7920263;King Abdullah Sports City 'The Shining Jewel';23321112;62241;62241;1;22;16;12;11;15;33513;13823;41891;€;7931171.49;6837217;0.0;0;0.0;0;2111045.66;1819867;1762680.27;1519552;0.0;0;100;1064607408;;;;0;41;#F8E810;#181818;#181818;True
106694;Selangor FC;Selangor;Malaisie;125;;1936;False;1;106694;3400;Super League de Malaisie;5624536;Petaling Jaya;5625182;25000;25000;4;0;9;6;5;17;6550;2284;10365;€;560943.5;483572;0.0;0;0.0;0;0.0;0;0.0;0;0.0;0;0;0;;;;0;48;#E00000;#F8F000;#F8F000;True
106755;Zamalek Sporting Club;Zamalek;Égypte;16;;1911;False;1;106755;6100;Premier Division d'Égypte;12015393;Cairo International Stadium;103037;74100;74100;3;8;15;12;13;15;50000;15000;95000;€;50761.6;43760;0.0;0;0.0;0;0.0;0;82172.08;70838;0.0;0;0;304735577;;;;0;30;#F8F8F8;#E00000;#E00000;True
106756;Al-Ahly Sporting Club;Al-Ahly;Égypte;16;;1907;False;1;106756;6650;Premier Division d'Égypte;12015393;Cairo International Stadium;103037;74100;74100;3;17;16;14;11;16;55000;20000;105000;€;20714286.44;17857144;0.0;0;0.0;0;0.0;0;165928.72;143042;0.0;0;0;60657249;;;;0;25;#C81018;#F0F8E8;#F0F8E8;True
106808;Ulsan HD FC;Ulsan;Corée du Sud;135;;1983;False;1;106808;6200;Hana Bank K League 1;136407;Ulsan Munsu Football Stadium;134632;44102;43003;3;5;16;17;18;19;15438;6902;26317;€;21456646.98;18497110;0.0;0;0.0;0;0.0;0;33626.08;28988;0.0;0;0;601412975;;;;0;25;#003888;#E89800;#E89800;True
106844;Vissel Kobe;Kobe;Japon;116;;1966;False;1;106844;6300;J1 League;102428;Kobe Stadium;780793;28996;28996;3;5;14;12;11;14;22759;4084;28448;€;6513057.61;5614705;0.0;0;0.0;0;0.0;0;106953.16;92201;0.0;0;0;302467712;;;;0;8;#A00038;#000000;#080808;True
106858;Espérance Sportive de Tunis;Espérance Tunis;Tunisie;51;;1919;False;1;106858;6000;Ligue Professionnelle 1;12019164;Stade Olympique Hammadi Agrebi;7601512;75000;60000;1;19;14;12;10;14;30000;20000;65000;€;0.0;0;0.0;0;0.0;0;0.0;0;79433.32;68477;0.0;0;0;303858692;;;;0;11;#C80008;#F0B000;#080808;True
106881;Al-Ansar Sporting Club;Al-Ansar;Liban;123;;1951;False;1;106881;4500;1ère Division libanaise;5629952;Beirut Municipal Stadium;106904;18000;18000;1;0;9;9;8;18;1000;200;15000;€;1285228.92;1107956;0.0;0;0.0;0;0.0;0;0.0;0;0.0;0;0;0;;;;0;1;#00A030;#F8F8F8;#00A030;True
107206;Clube Athlético Paranaense;Athlético Paranaense;Brésil;1651;;1924;False;1;107206;6350;2ème Division Nationale brésilienne;107191;Ligga Arena;107207;42370;42370;2;6;18;13;13;14;19484;10000;30000;€;10846445.13;9350384;0.0;0;0.0;0;0.0;0;55149.88;47543;0.0;0;0;26325615;;;;0;1;#282828;#282828;#131313;True
107280;Albirex Niigata;Niigata;Japon;116;;1955;False;1;107280;5250;J1 League;102428;Niigata Stadium;780796;41684;41684;3;5;15;14;12;15;22430;8000;33885;€;7631023.82;6578469;0.0;0;0.0;0;0.0;0;18044.96;15556;0.0;0;0;4122045;;;;0;3;#A85038;#384870;#A85038;True
107296;Kawasaki Frontale;Kawasaki-F;Japon;116;;1955;False;1;107296;6100;J1 League;102428;Kawasaki Stadium;102566;30000;30000;3;8;14;13;10;15;22106;14967;27632;€;4177750.32;3601509;0.0;0;0.0;0;0.0;0;54777.52;47222;0.0;0;0;11221955;;;;0;1;#60A0D8;#101010;#080808;True
107313;FC Tokyo;FC Tokyo;Japon;116;;1935;False;1;107313;5750;J1 League;102428;Chofu Stadium;775558;50000;50000;3;6;16;15;14;15;33225;8000;56705;€;15000113.85;12931133;0.0;0;0.0;0;0.0;0;80543.44;69434;0.0;0;0;314319098;;;;0;16;#202068;#C02040;#080808;True
107676;Fútbol Club Santa Coloma;Santa Coloma;Andorre;753;;1986;False;2;107676;1250;1ère Division andorrane;47000005;Centre d'Entrenament de la FAF 1;95053281;236;236;2;7;5;3;3;18;100;30;2500;€;0.0;0;0.0;0;0.0;0;0.0;0;1600.8;1380;0.0;0;0;0;;;;0;1;#080808;#080808;#080808;True
107681;Inter d'Escaldes;Inter d'Escaldes;Andorre;753;;1991;False;2;107681;1650;1ère Division andorrane;47000005;Estadi de la FAF;2000485807;5108;5108;1;12;5;3;3;16;50;20;2500;€;0.0;0;0.0;0;0.0;0;0.0;0;2245.76;1936;0.0;0;0;0;;;;0;48;#0030A0;#080808;#080808;True
108510;Club Atlético Aldosivi;Aldosivi;Argentine;1649;;1913;False;1;108510;5450;1ère Division argentine;102421;José María Minella;3100076;35500;20500;3;1;11;9;7;13;4500;1500;17000;€;570758.26;492033;0.0;0;0.0;0;0.0;0;3550.76;3061;0.0;0;0;300000000;;;;0;3;#38A850;#F8E848;#080808;True
108526;Club Social y Deportivo Defensa y Justicia;Def. y Justicia;Argentine;1649;;1935;False;1;108526;6000;1ère Division argentine;102421;Norberto 'Tito' Tomaghello;108527;12000;2100;3;4;16;15;12;13;8027;6600;18000;€;2573993.53;2218960;0.0;0;0.0;0;0.0;0;3463.76;2986;0.0;0;0;6157080;;;;0;14;#F8E848;#F8D000;#105038;True
108546;Club Atlético San Martín de San Juan;San Martín (SJ);Argentine;1649;;1907;False;1;108546;5450;1ère Division argentine;102421;Ing. Hilario Sánchez;108549;17000;7000;3;0;10;4;8;12;8500;5000;19000;€;311321.95;268381;0.0;0;0.0;0;0.0;0;0.0;0;0.0;0;0;0;;;;0;48;#288858;#080808;#080808;True
108893;Chicago Fire FC;Chicago;États-Unis;390;;1997;False;1;108893;5950;Major League Soccer;40;Soldier Field;72018533;62871;61500;1;13;19;19;13;14;21473;12000;62124;€;40292533.88;34734944;0.0;0;0.0;0;0.0;0;242363.43;208934;0.0;0;0;641507395;;;;0;15;#E82028;#F8F8F8;#E82028;True
108985;A.S. Gubbio 1910;Gubbio;Italie;776;;1910;False;1;108985;4300;Série C/B italienne;43127173;Pietro Barbetti;115430;4939;4939;3;20;8;7;8;8;1100;708;2500;€;1498472.88;1291787;0.0;0;0.0;0;0.0;0;23274.24;20064;0.0;0;0;1501779527;;;;0;5;#E82030;#202850;#202850;True
108986;S.S. Giugliano Calcio 1928;Giugliano;Italie;776;;1928;False;1;108986;3900;Série C/C italienne;43127174;Alberto De Cristofaro;108987;7000;7000;3;21;5;5;5;5;1900;1100;3100;€;1809528.03;1559938;0.0;0;0.0;0;0.0;0;23709.24;20439;0.0;0;0;302540369;;;;0;3;#F8C800;#102858;#102858;True
108997;SV Darmstadt 98;Darmstadt;Allemagne;771;;1898;False;1;108997;6050;Bundesliga 2;23;Merck-Stadion am Böllenfalltor;1335;17810;12300;2;35;11;9;7;8;17445;9500;21806;€;1169071.17;1007820;0.0;0;0.0;0;0.0;0;211122.31;182002;0.0;0;0;31769125;;;;0;1;#0858A8;#F8F8F8;#F8F8F8;True
109005;Real Avilés C.F.;Avilés;Espagne;796;;1983;False;1;109005;3650;Première Division A de la Fédération espagnole;2000048844;Nuevo Román Suárez Puerta;4213011;5200;5200;2;19;8;8;11;11;2000;750;6000;€;0.0;0;0.0;0;0.0;0;0.0;0;37211.64;32079;0.0;0;0;2349215;;;;0;11;#0050D0;#F8F8F8;#B00000;True
109132;MLS All-Stars East;MLS All-Stars East;États-Unis;390;;0;False;24;109132;6250;;;;;;;1;0;12;6;6;8;30000;20000;40000;€;0.0;0;0.0;0;0.0;0;0.0;0;0.0;0;0.0;0;0;0;;;;0;1;#B00000;#F8F8F8;#B00000;True
109133;MLS All-Stars West;MLS All-Stars West;États-Unis;390;;0;False;24;109133;6250;;;;;;;1;0;12;6;6;10;30000;20000;40000;€;0.0;0;0.0;0;0.0;0;0.0;0;0.0;0;0.0;0;0;0;;;;0;1;#0030A0;#F8F8F8;#0030A0;True
109180;Barcelona Sporting Club;Barcelona (ECU);Équateur;1654;;1925;False;1;109180;6199;Serie A équatorienne;80000566;Monumental Banco Pichincha;109187;57267;26300;1;10;12;11;13;19;6202;5684;16718;€;4668785.27;4024815;0.0;0;0.0;0;0.0;0;41161.44;35484;0.0;0;0;906360863;;;;0;1;#F8F000;#080808;#080808;True
109188;Caracas Fútbol Club;Caracas;Venezuela;1658;;1967;False;1;109188;4950;Première Division du Vénézuela;86000001;Nacional Brígido Iriarte;109199;9800;9800;1;1;13;13;13;19;1300;100;15000;€;1804598.03;1555688;0.0;0;0.0;0;0.0;0;955.84;824;0.0;0;0;418961;;;;0;1;#E00000;#F8F8F8;#F8F8F8;True
114951;Al-Ahed SC;Ahed;Liban;123;;1966;False;1;114951;4350;1ère Division libanaise;5629952;Beirut Municipal Stadium;106904;18000;18000;1;0;9;8;6;20;1500;500;5000;€;1167936.69;1006842;0.0;0;0.0;0;0.0;0;0.0;0;0.0;0;0;0;;;;0;1;#F8D000;#080808;#080808;True
116140;Persib Bandung;Persib;Indonésie;113;;1933;False;1;116140;4200;Super League d'Indonésie;41004312;Gelora Bandung Lautan Api;41041208;38000;38000;4;3;6;6;14;11;15071;9729;34989;€;1513306.96;1304575;0.0;0;0.0;0;0.0;0;1838.6;1585;0.0;0;0;300117826;;;;0;1;#1850F8;#F8F8F8;#F8F8F8;True
116164;CS Herediano;Herediano;Costa Rica;366;;1921;False;1;116164;4500;D1 costaricienne;80000563;Eladio Rosabal Cordero;116165;12000;12000;1;0;10;11;11;14;4000;100;8144;€;550469.86;474543;0.0;0;0.0;0;0.0;0;0.0;0;0.0;0;0;0;;;;0;12;#E00000;#F8F000;#F8F000;True
116204;Club de Fútbol Pachuca;Pachuca;Mexique;379;;1901;False;1;116204;6800;1ère Division mexicaine;135973;Estadio Hidalgo;116205;30024;30024;3;5;17;16;14;16;15892;7500;30000;€;3837919.05;3308551;0.0;0;0.0;0;0.0;0;64157.28;55308;0.0;0;0;315042182;;;;0;37;#0030A8;#F8F8F8;#0030A8;True
117754;Club Alianza Lima;Alianza;Pérou;1656;;1901;False;1;117754;6100;1ère Division péruvienne;5290551;Alejandro Villanueva, 'Matute';303806;35000;35000;3;3;13;13;13;18;35000;30000;45533;€;3169329.87;2732181;0.0;0;0.0;0;0.0;0;6219.92;5362;0.0;0;0;900000000;;;;0;3;#002060;#F8F8F8;#002060;True
120998;Deportivo Táchira F.C.;Deportivo Táchira;Venezuela;1658;;1974;False;1;120998;4900;Première Division du Vénézuela;86000001;Polideportivo de Pueblo Nuevo;308169;38755;38755;1;0;13;13;13;17;8000;6000;15000;€;3819659.49;3292810;0.0;0;0.0;0;0.0;0;0.0;0;0.0;0;0;0;;;;0;48;#080808;#F8F000;#080808;True
121182;1. FC Union Berlin;Union Berlin;Allemagne;771;;1966;True;1;121182;6700;Bundesliga;22;Stadion An der Alten Försterei;6000018;22012;3617;2;51;13;11;8;8;21953;9500;27441;€;12043908.45;10382680;0.0;0;0.0;0;797957.02;687894;620276.34;534721;410.64;354;100;504638629;;;;0;49;#A02030;#F8F8F8;#F8F8F8;True
121196;SC Verl;SC Verl;Allemagne;771;;1924;False;1;121196;4400;3. Liga;35010926;Sportclub Arena;6000053;5207;1100;2;25;7;7;6;6;2789;386;5153;€;2.32;2;0.0;0;0.0;0;0.0;0;91207.32;78627;0.0;0;0;4714668;;;;0;1;#F8F8F8;#000000;#000000;True
121198;SC Paderborn 07;SC Paderborn;Allemagne;771;;1907;True;1;121198;5900;Bundesliga;22;Home Deluxe Arena;35014241;15000;8019;2;72;12;12;10;10;14124;6500;17655;€;5260175.29;4534634;0.0;0;0.0;0;216758.75;186861;214960.75;185311;64.96;56;100;56739693;;;;0;7;#302830;#1070B8;#302830;True
121200;SV Elversberg;SV Elversberg;Allemagne;771;;1907;True;1;121200;5000;Bundesliga;22;URSAPHARM-Arena;6000017;10000;3680;2;72;8;6;5;4;9489;4000;11861;€;4604221.99;3969157;0.0;0;0.0;0;223455.43;192634;180354.47;155478;97.44;84;100;359848685;;;;0;12;#F8F8F8;#080808;#080808;True
121206;VfB Stuttgart II;Stuttgart II;Allemagne;771;;1893;False;1;121206;4200;3. Liga;35010926;WIRmachenDRUCK Arena;8700469;10001;7768;1;0;15;8;1;2;2064;100;3000;€;-2271.28;-1958;0.0;0;0.0;0;0.0;0;96355.4;83065;0.0;0;0;34062400;;;;0;15;#F8F8F8;#E00000;#E00000;True
121208;SV Wehen Wiesbaden;SV Wehen Wiesbaden;Allemagne;771;;1926;False;1;121208;5200;3. Liga;35010926;BRITA-Arena;91004216;15295;7766;2;25;10;8;7;7;4197;1500;10000;€;246004.67;212073;0.0;0;0.0;0;0.0;0;97436.52;83997;0.0;0;0;6137360;;;;0;44;#080808;#E82030;#080808;True
123001;Perth Glory Football Club;Perth Glory;Australie;1435;;1996;False;1;123001;5100;Isuzu UTE A-League;129985;HBF Park;123002;20500;16950;2;3;13;13;14;14;6300;5800;10000;€;0.0;0;0.0;0;0.0;0;0.0;0;3570.48;3078;0.0;0;0;853350;;;;0;48;#482868;#703090;#F87000;True
127787;FK Qarabağ;Qarabağ FK;Azerbaïdjan;756;;1987;False;1;127787;6500;Yuksak Liqa d'Azerbaïjan;59006943;Azərsun Arena;59094339;5800;5800;2;6;16;14;12;15;1729;724;30250;€;14499998.42;12499999;0.0;0;0.0;0;0.0;0;17221.36;14846;0.0;0;0;3339270;;;;0;1;#283838;#283838;#F8F8F8;True
129665;GFS Panaitolikos;Panetolikos;Grèce;772;;1926;False;1;129665;5200;1ère Division grecque;129650;Panetolikos Ground;687519;6613;6613;2;6;11;12;8;10;2200;300;10000;€;378469.71;326267;0.0;0;0.0;0;0.0;0;13698.44;11809;0.0;0;0;10492668;;;;0;1;#F8F000;#0030A0;#0030A0;True
129666;MGS Panserraikos;Panserraikos;Grèce;772;;1964;False;1;129666;5100;1ère Division grecque;129650;Emmanouil Pappas;129679;9500;9500;2;2;10;9;10;12;2500;750;2500;€;3.48;3;0.0;0;0.0;0;0.0;0;2005.64;1729;0.0;0;0;903679;;;;0;41;#E00000;#F8F8F8;#080808;True
129692;APS Atromitos Athens;Atromitos;Grèce;772;;1923;False;1;129692;5500;1ère Division grecque;129650;Angelos Ramfos;681960;8969;8969;2;4;12;13;12;15;1500;300;9000;€;3.48;3;0.0;0;0.0;0;0.0;0;16089.2;13870;0.0;0;0;303536396;;;;0;48;#F8F8F8;#0050D0;#F8F8F8;True
129859;NK Lokomotiva Zagreb;NK Lokomotiva;Croatie;761;;1914;False;1;129859;5300;1ère Division croate;129645;Maksimir;129736;35023;35023;2;2;12;12;18;17;1518;413;4950;€;1128494.37;972840;0.0;0;0.0;0;0.0;0;2811.84;2424;0.0;0;0;711040;;;;0;48;#3058C0;#F8F8F8;#3058C0;True
130051;Tupapa;Tupapa;Îles Cook;1436;;0;False;3;130051;1600;Round Cup des Îles Cook;23209361;Victoria Park;8455110;1000;0;1;0;3;2;2;2;100;40;2500;€;0.0;0;0.0;0;0.0;0;0.0;0;0.0;0;0.0;0;0;0;;;;0;37;#080808;#F8F8F8;#F8F8F8;True
130055;Ba FC;Ba;Îles Fidji;1437;;1935;False;2;130055;3250;New World National League des Iles Fidji;8457149;Govind Park;426751;13500;13500;1;0;8;8;8;8;1000;500;20000;€;0.0;0;0.0;0;0.0;0;0.0;0;0.0;0;0.0;0;0;0;;;;0;1;#080808;#F8F8F8;#F8F8F8;True
130220;Brisbane Roar Football Club;Brisbane Roar;Australie;1435;;2005;False;1;130220;5250;Isuzu UTE A-League;129985;Suncorp Stadium;122989;52500;52500;2;3;14;14;13;10;6500;4000;22000;€;167383.36;144296;0.0;0;0.0;0;0.0;0;3997.36;3446;0.0;0;0;1351461;;;;0;1;#E85820;#3860D0;#500820;True
130289;Eyüpspor;Eyüpspor;Turquie;799;;1919;False;1;130289;5400;Turkish Super League;130286;Eyüpsultan Stadyumu;450919;3250;3250;2;9;12;10;6;4;2887;100;5000;€;4860506.58;4190092;0.0;0;0.0;0;0.0;0;47580.88;41018;0.0;0;0;13215024;;;;0;48;#402870;#F8C030;#402870;True
130338;Göztepe A.Ş.;Göztepe;Turquie;799;;1925;False;1;130338;6100;Turkish Super League;130286;Gürsel Aksel Stadyumu;70096158;23376;23376;2;11;8;10;9;10;14706;8000;20756;€;8159717.01;7034239;0.0;0;0.0;0;0.0;0;89750.36;77371;0.0;0;0;43951222;;;;0;11;#D81820;#F0C808;#F8F000;True
130341;Gaziantep Futbol Kulübü A.Ş.;Gaziantep F.K.;Turquie;799;;1988;False;1;130341;5750;Turkish Super League;130286;Gaziantep Stadyumu;70081855;30320;30320;2;12;6;8;7;6;6493;500;15000;€;4759545.98;4103057;0.0;0;0.0;0;0.0;0;104456.84;90049;0.0;0;0;58024766;;;;0;3;#A00820;#202020;#202020;True
130343;Rams Başakşehir Futbol Kulübü;Başakşehir F.K.;Turquie;799;;1990;False;1;130343;6200;Turkish Super League;130286;Başakşehir Fatih Terim Stadyumu;70076263;17067;17067;2;19;14;14;9;6;2476;700;4500;€;10430425.06;8991746;0.0;0;0.0;0;0.0;0;246141.55;212191;0.0;0;0;397462790;;;;0;1;#E85820;#202030;#202030;True
130344;Tümosan Konyaspor;Konyaspor;Turquie;799;;1922;False;1;130344;6400;Turkish Super League;130286;Konya Büyükşehir Stadyumu;70046268;37829;37829;2;16;14;13;9;6;13853;6000;18000;€;4582763.15;3950658;0.0;0;0.0;0;0.0;0;210304.51;181297;0.0;0;0;654096046;;;;0;48;#F0F0F0;#186858;#186858;True
130360;Kasımpaşa A.Ş.;Kasımpaşa;Turquie;799;;1921;False;1;130360;5900;Turkish Super League;130286;Recep Tayyip Erdoğan Stadyumu;130406;13797;13797;2;11;16;16;8;8;2215;500;4000;€;2122897.38;1830084;0.0;0;0.0;0;0.0;0;85381.8;73605;0.0;0;0;320802020;;;;0;56;#F0F0F0;#202048;#202048;True
130366;Çaykur Rizespor A.Ş;Rizespor;Turquie;799;;1953;False;1;130366;5850;Turkish Super League;130286;Yeni Rize Şehir Stadyumu;70023833;14850;14850;2;19;13;12;8;8;6517;2000;10000;€;9462935.21;8157703;0.0;0;0.0;0;0.0;0;314060.71;270742;0.0;0;0;351914559;;;;0;48;#0058C0;#006030;#F0F0F0;True
130776;Jeonbuk Hyundai Motors FC;Jeonbuk;Corée du Sud;135;;1994;False;1;130776;6250;Hana Bank K League 1;136407;Jeonju World Cup Stadium;5700008;42477;42477;3;15;17;14;13;11;18325;10442;31830;€;29417865.95;25360230;0.0;0;0.0;0;0.0;0;66606.04;57419;0.0;0;0;304502884;;;;0;44;#387850;#284038;#F8F8F8;True
130873;MFK Ružomberok;Ružomberok;Slovaquie;794;;1906;False;1;130873;5000;1ère Division slovaque;7560276;Pod Čebraťom;5410535;4876;4876;2;0;11;9;12;14;2000;1000;4800;€;498124.87;429418;0.0;0;0.0;0;0.0;0;0.0;0;0.0;0;0;0;;;;0;10;#080808;#F87000;#F87000;True
131250;Simba Sports Club;Simba SC;Tanzanie;48;;1936;False;1;131250;5000;Première division de Tanzanie Mainland;13211724;Benjamin Mkapa National Stadium;12010711;60000;60000;1;3;14;10;10;14;20000;10000;60000;€;1440993.72;1242236;0.0;0;0.0;0;0.0;0;9778.8;8430;0.0;0;0;1199900;;;;0;1;#E00000;#F8F8F8;#F8F8F8;True
131255;Étoile Sportive du Sahel;Étoile Sahel;Tunisie;51;;1925;False;1;131255;5500;Ligue Professionnelle 1;12019164;Stade Olympique de Sousse;5390012;60000;40000;1;6;13;12;12;17;20000;10000;40000;€;215280.91;185587;0.0;0;0.0;0;0.0;0;1505.68;1298;0.0;0;0;444430;;;;0;2;#E00000;#F8F8F8;#F8F8F8;True
131266;Stade Malien de Bamako;Stade Malien;Mali;31;;1960;False;1;131266;4400;Première division malienne;13162593;Stade du 26 Mars;103082;45000;45000;1;0;8;8;10;8;20000;5000;50000;€;0.0;0;0.0;0;0.0;0;0.0;0;0.0;0;0.0;0;0;0;;;;0;48;#0030A0;#F8F8F8;#F8F8F8;True
135214;Al-Quwa Al-Jawiya;Al-Quwa Al-Jawiya;Irak;115;;1931;False;1;135214;5750;Stars League d'Irak;23038303;Al-Sha'ab Stadium;103243;45000;45000;1;8;11;9;11;20;13000;7000;40000;€;1239168.8;1068249;0.0;0;0.0;0;0.0;0;10638.36;9171;0.0;0;0;549552;;;;0;48;#1050B0;#081880;#58C0F0;True
135245;Al-Arabi Sporting Club;Al-Arabi;Koweït;120;;1960;False;1;135245;4400;Première division koweïtienne;23063354;Sabah Al-Salem Stadium;135300;23000;23000;1;2;6;6;9;18;2700;1200;13000;€;4350409.35;3750353;0.0;0;0.0;0;0.0;0;2491.68;2148;0.0;0;0;862363;;;;0;1;#288858;#288858;#F8F8F8;True
135246;Kuwait Sporting Club;Kuwait SC;Koweït;120;;1960;False;1;135246;4500;Première division koweïtienne;23063354;Al-Kuwait Sports Club Stadium;135309;18500;18500;1;2;10;10;12;18;1000;500;6500;€;9005254.9;7763151;0.0;0;0.0;0;0.0;0;2571.72;2217;0.0;0;0;889327;;;;0;1;#F8F8F8;#E00000;#F8F8F8;True
135253;Al-Faisaly Sports Club of Amman;Al-Faisaly;Jordanie;117;;1932;False;1;135253;5000;Première division de Jordanie;5635278;Amman International Stadium;103245;25000;25000;1;19;10;7;8;16;7000;100;8750;€;622655.5;536772;0.0;0;0.0;0;0.0;0;16617.0;14325;0.0;0;0;1164530;;;;0;1;#48A0F8;#48A0F8;#F8F8F8;True
135258;Al-Wehdat Sports Club;Al-Wehdat;Jordanie;117;;1956;False;1;135258;4750;Première division de Jordanie;5635278;King Abdullah Stadium;5622923;20000;20000;1;11;8;8;8;20;7000;100;8750;€;885469.73;763336;0.0;0;0.0;0;0.0;0;8019.08;6913;0.0;0;0;564400;;;;0;1;#50C8A8;#50C8A8;#50C8A8;True
135325;Al-Seeb Club;Al-Seeb;Oman;130;;1972;False;1;135325;4000;Ligue d'Oman;23071760;Seeb Sports Stadium;23071808;14000;14000;1;0;6;6;4;7;300;100;2500;€;1991680.5;1716966;0.0;0;0.0;0;0.0;0;0.0;0;0.0;0;0;0;;;;0;34;#F8F000;#00A030;#00A030;True
135329;Dhofar Sports Cultural & Social Club;Dhofar;Oman;130;;1970;False;1;135329;4250;Ligue d'Oman;23071760;Al-Saada Sports Complex;1025674;12000;12000;1;1;13;12;12;20;1000;100;2500;€;1044926.81;900799;0.0;0;0.0;0;0.0;0;274.92;237;0.0;0;0;36040;;;;0;2;#E00000;#F8F8F8;#E00000;True
135338;Khan Research Labatories;K.R.L.;Pakistan;131;;1995;False;2;135338;1750;Première Ligue du Pakistan;5630004;Shoaib Akhtar Stadium;2000151712;8000;8000;1;0;2;2;2;2;1200;100;2500;€;0.0;0;0.0;0;0.0;0;0.0;0;0.0;0;0.0;0;0;0;;;;0;6;#30A068;#F8F8F8;#080808;True
135347;New Radiant SC;New Radiant;Maldives;126;;0;False;2;135347;2100;Ligue Dhivehi des Maldives;23093045;Galolhu Rasmee Dhandu;103257;11850;11850;1;0;2;2;3;4;2500;100;3125;€;0.0;0;0.0;0;0.0;0;0.0;0;0.0;0;0.0;0;0;0;;;;0;10;#0030A0;#F8F8F8;#F8F8F8;True
135406;Al Saqr Taizz;Al-Saqr;Yémen;146;;1969;False;2;135406;2800;Division inférieure du Yémen;23090901;Al-Shohada'a Stadium;1038140;15000;15000;1;0;4;4;6;19;1000;100;2500;€;0.0;0;0.0;0;0.0;0;0.0;0;0.0;0;0.0;0;0;0;;;;0;48;#F8F000;#080808;#080808;True
135408;Al-Ahli Sana'a;Al-Ahli Sana'a;Yémen;146;;1952;False;2;135408;2650;Yemeni First Division Group A;2000416310;Ahli Sana'a Stadium;23160220;3000;0;1;0;4;4;6;18;1300;100;2500;€;0.0;0;0.0;0;0.0;0;0.0;0;0.0;0;0.0;0;0;0;;;;0;16;#E00000;#F8F8F8;#F8F8F8;True
135423;Al-Riyadh Saudi Club;Al-Riyadh;Arabie saoudite;133;;1954;True;1;135423;4400;Première division saoudienne;7920263;Prince Faisal bin Fahd Stadium;5410596;22188;22188;1;7;10;9;7;7;1891;100;7000;€;12078091.33;10412148;0.0;0;0.0;0;549794.74;473961;452417.39;390015;0.0;0;100;1217201473;;;;0;48;#080808;#C80000;#E8B870;True
135425;Al-Najmah Saudi Club;Al-Najmah;Arabie saoudite;133;;1960;True;1;135425;4400;Première division saoudienne;7920263;Department of Education Stadium;5410603;10000;10000;1;4;9;9;5;11;1000;500;5500;€;15094160.85;13012208;0.0;0;0.0;0;148148.24;127714;125043.36;107796;0.0;0;100;312934153;;;;0;1;#00A080;#00A080;#00A080;True
135427;Al-Ettifaq Club;Al-Ettifaq;Arabie saoudite;133;;1944;True;1;135427;5100;Première division saoudienne;7920263;Al-Ettifaq Club Stadium;2000179950;12924;12924;1;15;15;14;9;11;5741;2532;13000;€;30270163.17;26094969;0.0;0;0.0;0;706938.78;609430;578138.18;498395;0.0;0;100;1019046857;;;;0;1;#007050;#F8F8F8;#A82030;True
135476;Al-Karamah Sporting Club;Al-Karamah SC;Syrie;137;;1928;False;1;135476;4850;1ère Division syrienne;5635022;Khalid bin Al-Walid Stadium;5634854;38000;38000;1;0;10;11;13;17;38000;20000;47500;€;0.0;0;0.0;0;0.0;0;0.0;0;0.0;0;0.0;0;0;0;;;;0;10;#0030A0;#F87000;#F87000;True
135479;Al-Ahli Sports Club of Aleppo;Al-Ahli SC;Syrie;137;;1949;False;1;135479;5250;1ère Division syrienne;5635022;Aleppo International Stadium;23098938;75000;53200;1;0;11;8;10;15;33000;15000;41250;€;0.0;0;0.0;0;0.0;0;0.0;0;0.0;0;0.0;0;0;0;;;;0;55;#E00000;#F8F8F8;#F8F8F8;True
136007;Club Puebla;Puebla;Mexique;379;;1944;False;1;136007;6100;1ère Division mexicaine;135973;Estadio Cuauhtémoc;115443;50754;50754;3;0;10;9;12;10;19477;9000;35000;€;2995583.91;2582400;0.0;0;0.0;0;0.0;0;0.0;0;0.0;0;0;0;;;;0;20;#F8F8F8;#2070F0;#2070F0;True
136021;Club Tijuana Xoloitzcuintles de Caliente;Tijuana;Mexique;379;;2007;False;1;136021;6200;1ère Division mexicaine;135973;Estadio Caliente;5666377;33333;33333;3;8;10;9;10;12;20783;15000;29333;€;5956539.51;5134948;0.0;0;0.0;0;0.0;0;69148.76;59611;0.0;0;0;613776503;;;;0;15;#C81828;#080808;#080808;True
136583;Abahani Limited Dhaka;Abahani Limited;Bangladesh;108;;1972;False;2;136583;2250;Championnat professionnel du Bangladesh;5630062;Shaheed Dhirendranath Datta Stadium;1000206;18000;18000;1;0;3;2;2;12;6000;100;7500;€;0.0;0;0.0;0;0.0;0;0.0;0;0.0;0;0.0;0;0;0;;;;0;10;#60C0F8;#F8F000;#F8F000;True
137973;CASHPOINT SCR Altach;SCR Altach;Autriche;755;;1929;False;1;137973;6100;Première Ligue autrichienne;136543;Stadion Schnabelholz;5607424;8500;6300;3;10;15;16;13;13;5376;2816;8500;€;1111872.73;958511;0.0;0;0.0;0;0.0;0;36740.68;31673;0.0;0;0;305609667;;;;0;1;#203040;#101010;#F8F8F8;True
138163;KF Shkëndija Tetovo;Shkëndija;Macédoine du Nord;781;;1979;False;1;138163;4500;Ligue 1 de Macédoine du Nord;8401070;Gradski stadion Tetovo;138166;12600;12600;1;0;9;10;9;10;1200;300;10000;€;1285228.92;1107956;0.0;0;0.0;0;0.0;0;0.0;0;0.0;0;0;0;;;;0;3;#080808;#E00000;#F8F8F8;True
151027;Milton Keynes Dons;MK Dons;Angleterre;765;;2004;False;1;151027;4400;Sky Bet League One;13;Stadium MK;5114356;30500;30500;3;25;12;12;9;10;7025;2000;30500;€;2.32;2;0.0;0;0.0;0;0.0;0;151201.36;130346;0.0;0;0;10729713;;;;0;1;#F8F8F8;#F8F8F8;#F8F8F8;True
301344;MFC;MFC;Brésil;1651;;1925;False;1;301344;6400;1ère Division Nationale brésilienne;102423;José Maria de Campos Maia;301345;15000;1780;2;1;15;12;11;12;6287;1200;7858;€;2884119.52;2486310;0.0;0;0.0;0;0.0;0;5291.92;4562;0.0;0;0;226390;;;;0;7;#DDE27E;#004131;#004131;True
303815;Football Club Melgar;Melgar;Pérou;1656;;1915;False;1;303815;5955;1ère Division péruvienne;5290551;Monumental Virgen de Chapi;303808;50000;50000;3;2;8;12;9;16;20000;12000;40000;€;2141799.58;1846379;0.0;0;0.0;0;0.0;0;2707.44;2334;0.0;0;0;300695574;;;;0;5;#E00000;#080808;#080808;True
308262;CD Plaza Amador;Plaza Amador;Panama;382;;1955;False;1;308262;2750;Première Division du Panama;86000021;Rommel Fernández;308273;23000;23000;2;8;5;8;9;10;250;100;25000;€;223204.87;192418;0.0;0;0.0;0;0.0;0;9005.08;7763;0.0;0;0;130583;;;;0;1;#0050D0;#C81828;#C81828;True
308277;FC Motagua;FC Motagua;Honduras;376;;1928;False;1;308277;4750;Ligue Nationale du Honduras;87000201;Estadio Tiburcio Carias Andino;7720002;34000;34000;1;0;11;9;17;13;3893;1100;35000;€;0.0;0;0.0;0;0.0;0;0.0;0;0.0;0;0.0;0;0;0;;;;0;25;#002060;#20B0F0;#20B0F0;True
314898;Verdes FC;Verdes FC;Bélize;362;;1976;False;2;314898;2300;Premier League du Belize;87001465;Norman Broaster;5625383;2000;0;1;1;4;3;3;18;250;100;2500;€;0.0;0;0.0;0;0.0;0;0.0;0;32.48;28;0.0;0;0;0;;;;0;27;#008030;#F8F8F8;#F8F8F8;True
401748;FK Sutjeska Niksic;Sutjeska;Monténégro;62002127;;1927;False;1;401748;3600;Premiership monténégrine;5745020;Gradski stadion kraj Bistrice;131114;5214;5214;1;0;11;12;11;18;750;320;3500;€;566994.06;488788;0.0;0;0.0;0;0.0;0;0.0;0;0.0;0;0;0;;;;0;39;#3048D8;#F8F8F8;#F8F8F8;True
426430;Newcastle Jets FC;Newcastle Utd Jets;Australie;1435;;2000;False;1;426430;4900;Isuzu UTE A-League;129985;McDonald Jones Stadium;425585;33000;28000;2;2;13;9;14;14;6500;4000;25000;€;177572.79;153080;0.0;0;0.0;0;0.0;0;2122.8;1830;0.0;0;0;600000000;;;;0;2;#D0B078;#002038;#D0B078;True
428547;AS Piraé;AS Piraé;Tahiti;1441;;1971;False;2;428547;3100;Première division de Tahiti;8457147;Stade Pater Te Hono Nui;34015501;15000;15000;1;0;6;6;6;6;100;100;2500;€;0.0;0;0.0;0;0.0;0;0.0;0;0.0;0;0.0;0;0;0;;;;0;10;#F87000;#F8F8F8;#F8F8F8;True
428559;Veitongo;Veitongo;Îles Tonga;1442;;0;False;3;428559;1400;Major League des Tonga;8459277;;;;;1;0;1;1;2;2;100;40;2500;€;0.0;0;0.0;0;0.0;0;0.0;0;0.0;0;0.0;0;0;0;;;;0;0;#D02020;#D02020;#D02020;True
432925;Hekari United FC;Hekari Utd;Papouasie-Nouvelle-Guinée;1439;;0;False;2;432925;3000;Championnat PNG des clubs;8459343;Sir Hubert Murray Stadium;103187;15000;15000;1;0;7;7;8;8;250;100;7500;€;0.0;0;0.0;0;0.0;0;0.0;0;0.0;0;0.0;0;0;0;;;;0;2;#E00000;#F8F8F8;#E00000;True
432943;Lupe o le Soaga Soccer Club;Lupe o le Soaga;Samoa;1444;;0;False;3;432943;1600;Ligue nationale de Samoa;8457148;J.S. Blatter Tuanaimato Sports Complex, Field 2;23210718;1000;30;1;0;2;2;3;3;200;80;2500;€;0.0;0;0.0;0;0.0;0;0.0;0;0.0;0;0.0;0;0;0;;;;0;24;#388850;#F8F8F8;#E00000;True
455675;Amed Sportif Faliyetler;Amed Sportif;Turquie;799;;1972;False;1;455675;4600;Turkish Super League;130286;Diyarbakır Stadyumu;70086092;30480;30480;2;8;7;6;5;4;11608;5000;20000;€;3192608.75;2752249;0.0;0;0.0;0;0.0;0;107939.16;93051;0.0;0;0;32282790;;;;0;48;#006030;#980810;#D00008;True
458718;Corendon Alanyaspor;Alanyaspor;Turquie;799;;1948;False;1;458718;5800;Turkish Super League;130286;Alanya Oba Stadyumu;70042979;10842;10842;2;10;6;7;5;4;2993;1000;7500;€;4152280.2;3579552;0.0;0;0.0;0;0.0;0;103072.96;88856;0.0;0;0;328077079;;;;0;48;#009860;#E06830;#009860;True
475411;Pakhtakor Toshkent;Pakhtakor;Ouzbékistan;144;;1956;False;1;475411;5750;Superleague d'Ouzbékistan;59135038;Paxtakor Stadioni;103273;35000;35000;2;18;14;13;15;18;4165;1730;35000;€;7021957.72;6053412;0.0;0;0.0;0;0.0;0;84025.76;72436;0.0;0;0;605757285;;;;0;25;#202048;#F8F8F8;#F8F8F8;True
478105;FC Sheriff Tiraspol;FC Sheriff;Moldavie;783;;1997;False;1;478105;5000;Super Liga de Moldavie;59007607;Complexul Sportiv Sheriff - Arena Sheriff;5410248;12798;12798;2;1;17;14;12;14;2742;1470;4016;€;498124.87;429418;0.0;0;0.0;0;0.0;0;642.64;554;0.0;0;0;303084;;;;0;1;#F8D000;#080808;#080808;True
483762;Ordabasy Shymkent;Ordabasy;Kazakhstan;119;;1960;False;1;483762;5500;Super League du Kyrgyzstan;59007527;Stadıon Qajimuqan Muñaytpasov;484607;20000;20000;3;2;12;12;10;14;5540;1900;20000;€;2236143.54;1927710;0.0;0;0.0;0;0.0;0;6620.12;5707;0.0;0;0;1383635;;;;0;14;#78B8F0;#20A0E0;#F8F8F8;True
483870;Valmiera FC;Valmiera;Lettonie;777;;1996;False;1;483870;3550;Ligue 2 Groupe A de Lettonie;2000182611;Jāņa Daliņa stadions;1300704;1232;1232;3;0;7;7;7;10;468;320;2500;€;1368571.44;1179803;0.0;0;0.0;0;0.0;0;0.0;0;0.0;0;0;0;;;;0;10;#181818;#F8F8F8;#F8F8F8;True
484442;Qaırat Almaty;Qaırat Almaty;Kazakhstan;119;;1954;False;1;484442;6000;Super League du Kyrgyzstan;59007527;Almaty Ortalıq Stadiony;103247;25057;23804;3;1;16;17;15;20;10131;4784;35000;€;8140349.65;7017543;0.0;0;0.0;0;0.0;0;3801.32;3277;0.0;0;0;719452;;;;0;3;#F0E020;#080808;#080808;True
484453;FK Khujand;Khujand;Tadjikistan;139;;1976;False;1;484453;4200;Division Supérieure du Tajikistan;59007964;Stadion 20-letiya Nezavisimosti;59015978;35000;35000;1;1;9;9;8;8;4560;2128;30000;€;75816.44;65359;0.0;0;0.0;0;0.0;0;256.36;221;0.0;0;0;300000000;;;;0;25;#0050D0;#F8F8F8;#F8F8F8;True
484610;Tobyl Qostanai;Tobyl;Kazakhstan;119;;1967;False;1;484610;5700;Super League du Kyrgyzstan;59007527;Qostanai Ortaliq Stadiony;484612;9500;9500;3;2;10;10;10;12;3870;2700;12500;€;2899999.92;2500000;0.0;0;0.0;0;0.0;0;4642.32;4002;0.0;0;0;521764;;;;0;25;#F8F8F8;#808080;#808080;True
485456;Nasaf Qarshi;Nasaf;Ouzbékistan;144;;1997;False;1;485456;5700;Superleague d'Ouzbékistan;59135038;Qarshi Markaziy;1046335;22000;22000;2;11;13;12;13;15;8179;3540;30000;€;2761904.24;2380952;0.0;0;0.0;0;0.0;0;42536.04;36669;0.0;0;0;302540792;;;;0;14;#800018;#D80018;#E0E800;True
485665;FK Torpedo–BelAZ Zhodino;Torpedo-BelAZ;Biélorussie;758;;1962;False;1;485665;4600;Championnat d'élite de Biélorussie;7483354;Torpedo;7480069;6524;6524;3;0;12;8;12;12;2794;500;5000;€;168293.96;145081;0.0;0;0.0;0;0.0;0;0.0;0;0.0;0;0;0;;;;0;26;#F8F8F8;#080808;#F8F8F8;True
485667;ML Vitebsk;ML;Biélorussie;758;;1971;False;1;485667;5000;Championnat d'élite de Biélorussie;7483354;CSK Vitebskiy;17001660;8144;8144;3;3;8;8;6;6;779;250;2500;€;0.0;0;0.0;0;0.0;0;0.0;0;7574.8;6530;0.0;0;0;301637361;;;;0;2;#F8F800;#008030;#008030;True
494162;FK Aqtöbe;Aqtöbe;Kazakhstan;119;;1967;False;1;494162;5400;Super League du Kyrgyzstan;59007527;Ortalıq im. Koblandy Batyra;59017448;13500;12805;3;3;12;11;11;15;10291;4234;20000;€;3093332.47;2666666;0.0;0;0.0;0;0.0;0;19059.96;16431;0.0;0;0;797420;;;;0;25;#E00000;#F8F8F8;#F8F8F8;True
510307;Ilves;Ilves;Finlande;768;;1931;False;1;510307;4750;Première Ligue finlandaise;129120;Tammelan stadion;1300366;8000;8000;2;0;11;10;14;11;5560;2600;8000;€;311371.83;268424;0.0;0;0.0;0;0.0;0;0.0;0;0.0;0;0;0;;;;0;12;#F8E800;#00A050;#00A050;True
514173;FC Thun Berner Oberland;Thun;Suisse;798;;1898;False;1;514173;5350;Super League suisse;137889;Stockhorn Arena Thun;98009286;10014;8426;3;10;12;12;11;12;8341;6000;10426;€;518305.39;446815;0.0;0;0.0;0;0.0;0;62107.56;53541;0.0;0;0;310072649;;;;0;1;#E00000;#F8F8F8;#F8F8F8;True
558261;Royal Engineers;Royal Engineers;Grande-Bretagne;145174;;0;False;2;558261;1;;;;;;;1;0;3;2;1;1;250;100;2500;€;0.0;0;0.0;0;0.0;0;0.0;0;0.0;0;0.0;0;0;0;;;;0;;;;;False
650047;HŠK Zrinjski Mostar;Zrinjski;Bosnie-Herzégovine;759;;1905;False;1;650047;5500;Première Division Bosniaque;8401073;Stadion pod Bijelim Brijegom;5742021;15000;9500;2;4;12;12;12;16;2700;1500;6000;€;0.0;0;0.0;0;0.0;0;0.0;0;1148.4;990;0.0;0;0;300783995;;;;0;8;#F8F8F8;#E00000;#E00000;True
694366;AGS Asteras Tripolis;Asteras Tripolis;Grèce;772;;1931;False;1;694366;5450;1ère Division grecque;129650;Theodoros Kolokotronis;697604;7409;7409;3;5;10;11;12;14;2100;200;7000;€;745508.78;642680;0.0;0;0.0;0;0.0;0;10039.8;8655;0.0;0;0;300874490;;;;0;5;#F8F000;#0030A0;#0030A0;True
700036;U.S. Sambenedettese;Sambenedettese;Italie;776;;1923;False;1;700036;4100;Série C/B italienne;43127173;Riviera delle Palme;700104;13786;13786;3;19;9;6;6;9;6000;4500;12000;€;791430.86;682268;0.0;0;0.0;0;0.0;0;25197.52;21722;0.0;0;0;3668039;;;;0;5;#C81018;#202048;#202048;True
700059;A.C. Trento 1921;Trento;Italie;776;;1921;False;1;700059;4050;Série C/A italienne;43127172;Briamasco;700097;3500;3500;3;20;6;5;7;6;1000;400;2500;€;1323403.36;1140865;0.0;0;0.0;0;0.0;0;25500.28;21983;0.0;0;0;3330751;;;;0;12;#2838A8;#F8D000;#F8D000;True
700060;Latina Calcio 1932;Latina;Italie;776;;1945;False;1;700060;4250;Série C/C italienne;43127174;Domenico Francioni;700108;9310;9310;3;20;8;8;8;8;1700;1000;4500;€;1306161.12;1126001;0.0;0;0.0;0;0.0;0;20395.12;17582;0.0;0;0;3303462;;;;0;7;#2070B0;#080808;#080808;True
700198;Mantova 1911;Mantova;Italie;776;;1911;False;1;700198;5400;Serie BKT;33;Danilo Martelli Pata Stadium;700197;11219;11219;3;45;12;8;8;9;4150;3500;6200;€;3645379.94;3142569;0.0;0;0.0;0;0.0;0;121737.36;104946;0.0;0;0;337539857;;;;0;8;#F8F8F8;#D81018;#D81018;True
707648;Cavese 1919;Cavese;Italie;776;;1919;False;1;707648;4000;Série C/C italienne;43127174;Simonetta Lamberti;707650;4844;4844;3;13;9;6;7;5;2000;1100;4400;€;1327785.84;1144643;0.0;0;0.0;0;0.0;0;11376.12;9807;0.0;0;0;1795605;;;;0;1;#102858;#F8F8F8;#102858;True
707654;F.C. Crotone;Crotone;Italie;776;;1923;False;1;707654;5250;Série C/C italienne;43127174;Ezio Scida;707656;11780;11780;3;17;13;11;10;10;5198;3830;10547;€;1716782.55;1479985;0.0;0;0.0;0;0.0;0;24992.2;21545;0.0;0;0;604429193;;;;0;48;#101050;#C80000;#101050;True
710052;Jagiellonia Białystok;Jagiellonia;Pologne;787;;1920;False;1;710052;6000;PKO Bank Polski Ekstraklasa;129558;Stadion Miejski w Białymstoku;715833;22386;22386;3;5;14;14;12;18;18911;18007;23638;€;3401543.3;2932365;0.0;0;0.0;0;0.0;0;13030.28;11233;0.0;0;0;310544780;;;;0;49;#F8D808;#E00000;#080808;True
722115;Raków Częstochowa;Raków;Pologne;787;;1921;False;1;722115;5950;PKO Bank Polski Ekstraklasa;129558;Miejski Stadion Piłkarski Raków;1300871;5500;5500;3;5;6;8;12;12;5377;5198;6721;€;426435.71;367617;0.0;0;0.0;0;0.0;0;13221.68;11398;0.0;0;0;12373463;;;;0;25;#E00000;#0050D0;#0050D0;True
729500;Futebol Clube de Arouca;Arouca;Portugal;788;;1952;False;1;729500;5600;Première Ligue portugaise;60;Estádio Municipal de Arouca;729501;5200;5200;3;13;13;10;8;7;2109;756;4664;€;2401146.57;2069954;0.0;0;0.0;0;0.0;0;49949.6;43060;0.0;0;0;39472013;;;;0;3;#F8F000;#F8F000;#0030A0;True
786547;Fagiano Okayama;Okayama;Japon;116;;2004;False;1;786547;5150;J1 League;102428;Okayama Stadium;783310;20000;20000;3;3;12;5;8;9;9188;4700;15696;€;1583995.03;1365513;0.0;0;0.0;0;0.0;0;13024.48;11228;0.0;0;0;1945041;;;;0;2;#B00038;#F8F8F8;#182068;True
788837;FC Machida Zelvia;FC Machida;Japon;116;;1989;False;1;788837;5750;J1 League;102428;Machida Stadium;780799;16300;16300;3;12;12;6;8;8;17610;3250;38402;€;5601175.84;4828600;0.0;0;0.0;0;0.0;0;117951.12;101682;0.0;0;0;13472856;;;;0;9;#384880;#303048;#786850;True
790929;Saint Paul's United Strikers FC;St. Paul's Utd;Saint-Kitts et Névis;385;;0;False;2;790929;2800;Super League de SKNFA;45082430;Warner Park;103164;3500;3500;1;1;5;5;5;18;250;100;7000;€;0.0;0;0.0;0;0.0;0;0.0;0;27.84;24;0.0;0;0;0;;;;0;3;#080808;#E00000;#080808;True
791002;Simon Wood Associates Sharks FC;SWA Sharks;Îles Turks-et-Caïcos;129526;;1999;False;3;791002;1500;Premier League des Îles Turques-et-Caïques;82063267;National Stadium;151980;1500;0;1;1;4;2;2;15;250;100;3750;€;0.0;0;0.0;0;0.0;0;0.0;0;0.0;0;0.0;0;0;0;;;;0;48;#003068;#F8F8F8;#F8F8F8;True
791050;Pembroke Hamilton Club Zebras;PHC Zebras;Bermudes;363;;0;False;2;791050;2500;1ère Division des Bermudes;82001154;Southampton Rangers Field;791079;850;250;1;0;6;4;4;15;500;100;2500;€;0.0;0;0.0;0;0.0;0;0.0;0;0.0;0;0.0;0;0;0;;;;0;10;#080808;#F8F8F8;#F8F8F8;True
791052;North Village Community Club Rams;North Village Rams;Bermudes;363;;0;False;2;791052;2400;1ère Division des Bermudes;82001154;Bernard Park;791076;2500;500;2;0;5;4;4;15;900;100;2500;€;0.0;0;0.0;0;0.0;0;0.0;0;0.0;0;0.0;0;0;0;;;;0;8;#E00000;#F8F8F8;#F8F8F8;True
801910;Asante Kotoko;Kotoko;Ghana;21;;1935;False;1;801910;4450;Première division du Ghana;13109924;Len Clay Stadium;105247;20000;1000;1;0;11;10;10;12;5000;5000;60000;€;257870.31;222302;0.0;0;0.0;0;0.0;0;0.0;0;0.0;0;0;0;;;;0;1;#E00000;#F8F8F8;#F8F8F8;True
810090;A.D. Alcorcón;Alcorcón;Espagne;796;;1971;False;1;810090;5400;Première Division B de la Fédération espagnole;2000048846;Santo Domingo;810597;5100;5100;2;15;11;11;11;10;2800;1000;5000;€;0.0;0;0.0;0;0.0;0;0.0;0;27269.28;23508;0.0;0;0;2526166;;;;0;2;#D8B028;#103080;#103080;True
814089;Girona F.C.;Girona;Espagne;796;;1930;False;1;814089;7100;2ème Division d'Espagne;68;Montilivi;1503187;14642;14642;2;39;19;19;16;17;12400;4000;15500;€;33085143.21;28521676;0.0;0;0.0;0;0.0;0;570584.26;491883;0.0;0;0;278861803;;;;0;12;#F8F8F8;#E00818;#E00818;True
814590;Antequera C.F.;Antequera;Espagne;796;;1992;False;1;814590;4150;Première Division B de la Fédération espagnole;2000048846;Municipal El Maulí;814591;6000;6000;2;21;8;8;7;7;800;500;2500;€;2.32;2;0.0;0;0.0;0;0.0;0;74293.36;64046;0.0;0;0;2849054;;;;0;48;#F8F8F8;#48C078;#48C078;True
814623;Juventud de Torremolinos;Juventud Torremolinos;Espagne;796;;1955;False;1;814623;3200;Première Division B de la Fédération espagnole;2000048846;El Pozuelo;814624;3000;1000;2;12;14;14;11;11;400;75;2500;€;0.0;0;0.0;0;0.0;0;0.0;0;18490.4;15940;0.0;0;0;1800660;;;;0;56;#F8F8F8;#008030;#008030;True
814834;C.D. Coria;C.D. Coria;Espagne;796;;1958;False;1;814834;3550;Première Division B de la Fédération espagnole;2000048846;La Isla;814835;1200;1200;2;16;8;8;10;9;650;200;2500;€;2.32;2;0.0;0;0.0;0;0.0;0;17061.28;14708;0.0;0;0;1106025;;;;0;15;#88D0F0;#F8F8F8;#F8F8F8;True
814935;C.D. Teruel;Teruel;Espagne;796;;1943;False;1;814935;3950;Première Division B de la Fédération espagnole;2000048846;Pinilla;814936;5000;3000;2;19;8;8;10;12;1200;400;2500;€;0.0;0;0.0;0;0.0;0;0.0;0;56118.48;48378;0.0;0;0;1822999;;;;0;14;#E00000;#980000;#E00000;True
829172;F.C. Südtirol;Südtirol;Italie;776;;1995;False;1;829172;5550;Serie BKT;33;Stadio Druso;7987178;5520;5520;3;40;14;10;10;10;966;700;2500;€;4094209.44;3529491;0.0;0;0.0;0;0.0;0;110256.84;95049;0.0;0;0;22918819;;;;0;2;#F8F8F8;#D01028;#F8F8F8;True
829175;San Marino Calcio;San Marino (ext);Saint-Marin;792;;1959;False;3;829175;3450;;;San Marino Stadium;102983;5500;4500;1;0;10;7;7;7;303;200;2500;€;82677.84;71274;0.0;0;0.0;0;0.0;0;0.0;0;0.0;0;0;0;;;;0;11;#F8F8F8;#60C0F8;#60C0F8;True
831352;A.S. Ostiamare Lido Calcio S.S.D.;Ostiamare;Italie;776;;1945;False;2;831352;3250;Série C/B italienne;43127173;Anco Marzio;43064993;1050;1050;3;14;6;6;8;9;250;100;8125;€;36324.24;31314;0.0;0;0.0;0;0.0;0;10745.08;9263;0.0;0;0;1192084;;;;0;1;#6018A0;#F8F8F8;#F8F8F8;True
831364;S.S. Scafatese Calcio S.S.D.;Scafatese;Italie;776;;1922;False;2;831364;3450;Série C/C italienne;43127174;28 settembre 1943;831338;2605;2605;3;15;5;3;3;3;1150;710;2650;€;104723.64;90279;0.0;0;0.0;0;0.0;0;17005.6;14660;0.0;0;0;1843977;;;;0;1;#F8E010;#0848A0;#0848A0;True
831366;Sorrento Calcio 1945;Sorrento;Italie;776;;1945;False;1;831366;4000;Série C/C italienne;43127174;Italia;831340;3300;3300;3;23;7;6;6;7;650;330;2500;€;1327785.84;1144643;0.0;0;0.0;0;0.0;0;22995.84;19824;0.0;0;0;3682672;;;;0;3;#080808;#C81828;#080808;True
832136;S.S.D. Barletta 1922;Barletta;Italie;776;;1922;False;2;832136;3400;Série C/C italienne;43127174;Cosimo Puttilli;832107;3998;3998;3;14;5;5;4;5;3830;1890;8250;€;49775.6;42910;0.0;0;0.0;0;0.0;0;18570.44;16009;0.0;0;0;1201114594;;;;0;48;#D00028;#F8F8F8;#F8F8F8;True
834830;U.S. Folgore Caratese A.S.D.;Folgore Caratese;Italie;776;;1908;False;2;834830;3400;Série C/A italienne;43127172;XXV Aprile;834807;3000;3000;3;14;9;7;6;7;350;125;2500;€;49775.6;42910;0.0;0;0.0;0;0.0;0;12205.52;10522;0.0;0;0;1527096;;;;0;1;#0050D0;#0050D0;#F8F8F8;True
879226;TSG 1899 Hoffenheim;Hoffenheim;Allemagne;771;;1899;True;1;879226;6800;Bundesliga;22;PreZero Arena;35015249;30150;23400;2;76;18;18;13;16;25309;12000;31636;€;26123732.85;22520460;0.0;0;0.0;0;1070280.93;922656;899316.65;775273;261.0;225;100;871630803;;;;0;14;#202030;#485058;#202030;True
879643;FC Viktoria Köln 1904;Viktoria Köln;Allemagne;771;;1904;False;1;879643;4200;3. Liga;35010926;Sportpark Höhenberg;879644;10000;3000;2;22;8;10;10;11;4637;700;8000;€;131041.72;112967;0.0;0;0.0;0;0.0;0;84289.08;72663;0.0;0;0;5072226;;;;0;49;#080808;#C82030;#080808;True
880295;1. FC Heidenheim 1846;Heidenheim;Allemagne;771;;2007;False;1;880295;5900;Bundesliga 2;23;Voith-Arena;880296;15000;4300;2;38;11;10;8;7;15000;4500;18750;€;2358772.93;2033425;0.0;0;0.0;0;0.0;0;289704.19;249745;0.0;0;0;39536451;;;;0;12;#B84830;#202030;#202030;True
893061;TSG 1899 Hoffenheim II;Hoffenheim II;Allemagne;771;;1899;False;1;893061;3800;3. Liga;35010926;Dietmar-Hopp-Stadion;879227;6100;2500;1;0;18;9;1;1;483;100;2500;€;-650.76;-561;0.0;0;0.0;0;0.0;0;68590.8;59130;0.0;0;0;21424701;;;;0;14;#283040;#485058;#2060A0;True
917103;Club Franciscain;Club Franciscain;Martinique;917502;;1936;False;2;917103;3350;Trophée Gerard Janvion R1 de Martinique;82062798;Stade Municipal de François;82062835;2000;500;1;0;6;6;6;18;250;100;8375;€;0.0;0;0.0;0;0.0;0;0.0;0;0.0;0;0.0;0;0;0;;;;0;10;#F8F8F8;#080808;#F8F8F8;True
918741;FC Mtsapere;Mtsapere;Mayotte;918740;;1978;False;2;918741;750;Régional 1 de Mayotte;2000003886;Stade du Baobab;85115600;1500;0;1;0;1;1;1;1;100;100;2500;€;0.0;0;0.0;0;0.0;0;0.0;0;0.0;0;0.0;0;0;0;;;;0;2;#E00000;#901000;#E00000;True
919123;JS Saint-Pierroise;Saint-Pierroise;La Réunion;917510;;1956;False;2;919123;1500;Régional 1 de la Réunion;49039425;Stade Michel Volnay;34002836;8000;8000;1;2;7;4;11;14;250;100;3750;€;0.0;0;0.0;0;0.0;0;0.0;0;185.6;160;0.0;0;0;2760;;;;0;25;#F8F8F8;#080808;#080808;True
950376;Al-Ain FC;Al-Ain FC;Émirats arabes unis;143;;1968;False;1;950376;6500;ADNOC Pro League;7880000;Hazza bin Zayed Stadium;23237500;25000;25000;3;6;16;12;12;20;5500;2500;15000;€;11391815.63;9820531;0.0;0;0.0;0;0.0;0;240183.79;207055;0.0;0;0;328853291;;;;0;10;#8840B0;#F8F8F8;#F8F8F8;True
952695;Club Atlético Barracas Central;Barracas Central;Argentine;1649;;1904;False;1;952695;5400;1ère Division argentine;102421;Claudio 'Chiqui' Tapia;952696;10000;3000;3;3;8;8;4;11;3300;1000;4400;€;156131.36;134596;0.0;0;0.0;0;0.0;0;8875.16;7651;0.0;0;0;10126523;;;;0;3;#F8F8F8;#E00000;#080808;True
952707;Deportivo Riestra;Riestra;Argentine;1649;;1931;False;1;952707;5000;1ère Division argentine;102421;Guillermo Laza;956735;7000;500;3;0;11;11;5;8;500;100;3000;€;149344.2;128745;0.0;0;0.0;0;0.0;0;0.0;0;0.0;0;0;0;;;;0;25;#080808;#F8F8F8;#F8F8F8;True
975489;Portland Timbers;Portland;États-Unis;390;;1975;False;1;975489;6500;Major League Soccer;40;Providence Park;976182;25000;25000;1;12;16;16;10;9;22036;21114;36000;€;5367090.17;4626802;0.0;0;0.0;0;0.0;0;163143.56;140641;0.0;0;0;338959504;;;;0;25;#285040;#E8C880;#E8C880;True
980449;Puerto Rico Islanders FC;Puerto Rico Islanders;Porto Rico;383;;2003;False;1;980449;4000;;;;;;;1;0;8;6;7;20;1864;1250;12000;€;2.32;2;0.0;0;0.0;0;0.0;0;0.0;0;0.0;0;0;0;;;;0;10;#F08000;#F8F8F8;#F8F8F8;True
980543;Real Salt Lake;Real Salt Lake;États-Unis;390;;2005;False;1;980543;6050;Major League Soccer;40;America First Field;72003128;20252;20252;1;10;17;17;13;14;20295;16000;35000;€;3805470.37;3280578;0.0;0;0.0;0;0.0;0;100595.2;86720;0.0;0;0;326523373;;;;0;48;#D82028;#202868;#202868;True
1001692;Royal Army Ordnance Corps;R.A.O.C.;Grande-Bretagne;145174;;0;False;3;1001692;1;;;;;;;1;0;1;1;1;1;250;100;2500;€;0.0;0;0.0;0;0.0;0;0.0;0;0.0;0;0.0;0;0;0;;;;0;;;;;False
1031631;Al-Kholood Club;Al-Kholood;Arabie saoudite;133;;1970;True;1;1031631;4400;Première division saoudienne;7920263;Al-Hazem Club Stadium;1025813;5100;5100;1;6;6;6;8;14;2746;700;7500;€;18218069.76;15705233;0.0;0;0.0;0;154500.4;133190;129602.16;111726;0.0;0;100;39908584;;;;0;1;#D00040;#D00040;#284038;True
1101637;Víkingur Reykjavík;Víkingur R.;Islande;774;;1908;False;2;1101637;6000;Première Ligue islandaise;7840132;Víkingsvöllur;5410247;1449;1149;2;1;14;14;13;11;1164;400;2500;€;2112683.58;1821279;0.0;0;0.0;0;0.0;0;1944.16;1676;0.0;0;0;300000000;;;;0;12;#080808;#E00000;#080808;True
1102443;FK Buducnost Podgorica;Buducnost;Monténégro;62002127;;1925;False;1;1102443;3750;Premiership monténégrine;5745020;Stadion pod Goricom;1301371;11080;11080;1;0;12;12;12;19;850;450;6500;€;945097.21;814739;0.0;0;0.0;0;0.0;0;0.0;0;0.0;0;0;0;;;;0;48;#0050B8;#F8F8F8;#F8F8F8;True
1104133;FK Borac Banja Luka;Borac (BL);Bosnie-Herzégovine;759;;1926;False;1;1104133;5500;Première Division Bosniaque;8401073;Gradski stadion;5741997;10000;9730;2;10;12;11;9;16;2300;800;10000;€;321819.95;277431;0.0;0;0.0;0;0.0;0;3018.32;2602;0.0;0;0;302524574;;;;0;16;#E00000;#0838C0;#0838C0;True
1104147;Hearts of Oak SC;Hearts of Oak;Ghana;21;;1911;False;1;1104147;4400;Première division du Ghana;13109924;Accra Sports Stadium (Ohene Djan Stadium);103042;40000;40000;1;1;11;10;11;13;5000;5000;50000;€;258702.03;223019;0.0;0;0.0;0;0.0;0;259.84;224;0.0;0;0;24484;;;;0;2;#E00000;#904090;#F8F000;True
1104149;Al-Qadsiah Football Club;Al-Qadsiah;Arabie saoudite;133;;1935;True;1;1104149;4850;Première division saoudienne;7920263;Prince Saud bin Jalawi Sports City Stadium;5410601;15000;11358;1;23;13;8;15;17;9323;3500;20000;€;175882076.38;151622484;0.0;0;0.0;0;2347039.53;2023310;1958425.62;1688298;0.0;0;100;422776891;;;;0;1;#D80810;#D80810;#D80810;True
1200440;CD Luis Ángel Firpo;CD L.A. Firpo;Salvador;370;;1923;False;1;1200440;4250;Première División du Salvador;87001116;Estadio Sergio Torres;308282;10000;10000;1;0;11;12;15;11;950;600;10000;€;0.0;0;0.0;0;0.0;0;0.0;0;0.0;0;0.0;0;0;0;;;;0;37;#E00000;#0030A0;#0030A0;True
1200885;Liga Deportiva Alajuelense;Alajuelense;Costa Rica;366;;1919;False;1;1200885;5500;D1 costaricienne;80000563;Alejandro Morera Soto;116166;17895;17895;1;1;16;15;14;14;5000;100;17895;€;310384.67;267573;0.0;0;0.0;0;0.0;0;5065.72;4367;0.0;0;0;55184;;;;0;34;#080808;#B00000;#B00000;True
1201001;Wydad Athletic Club;Wydad Casablanca;Maroc;34;;1939;False;1;1201001;6150;Première division du Maroc;12019395;Stade Mohammed V;103085;45891;45891;1;2;12;10;11;11;40000;10000;90000;€;4881639.46;4208310;0.0;0;0.0;0;0.0;0;7222.16;6226;0.0;0;0;866698;;;;0;1;#F8F8F8;#E00000;#E00000;True
1201011;Raja Club Athletic;Raja Casablanca;Maroc;34;;1949;False;1;1201011;6100;Première division du Maroc;12019395;Stade Mohammed V;103085;45891;45891;1;4;13;13;12;12;20000;10000;60000;€;1603966.75;1382730;0.0;0;0.0;0;0.0;0;27402.68;23623;0.0;0;0;2151042;;;;0;1;#108830;#F8F8F8;#108830;True
1300113;FC Dinamo Brest;Dinamo Brest;Biélorussie;758;;1960;False;1;1300113;4800;Championnat d'élite de Biélorussie;7483354;OSK Brestskiy;485807;10060;10060;3;0;12;10;12;12;7730;1500;10162;€;16615.84;14324;0.0;0;0.0;0;0.0;0;0.0;0;0.0;0;0;0;;;;0;12;#F8F8F8;#304090;#304090;True
1300153;FK Sarajevo;Sarajevo;Bosnie-Herzégovine;759;;1946;False;1;1300153;5400;Première Division Bosniaque;8401073;Asim Ferhatovic Hase - Koševo;102966;34630;34630;3;4;15;16;14;15;6600;1000;16000;€;486049.27;419008;0.0;0;0.0;0;0.0;0;1102.0;950;0.0;0;0;1255087;;;;0;1;#781010;#F8F8F8;#781010;True
1300156;FK Željezničar Sarajevo;Željezničar;Bosnie-Herzégovine;759;;1921;False;1;1300156;5200;Première Division Bosniaque;8401073;Grbavica;1300207;13449;13449;1;6;14;12;11;20;8370;3000;13000;€;0.0;0;0.0;0;0.0;0;0.0;0;2909.28;2508;0.0;0;0;1193915;;;;0;3;#0050B8;#70B8F0;#F8F8F8;True
1300301;FC Baník Ostrava;Baník Ostrava;République tchèque;763;;1922;False;1;1300301;5900;1ère Division tchèque;131287;Městský Stadion - Aréna Vítkovice;136164;15123;15123;3;9;16;18;16;16;9366;5000;15000;€;5934832.43;5116235;0.0;0;0.0;0;0.0;0;28984.92;24987;0.0;0;0;7793952;;;;0;1;#0050D0;#F8F8F8;#F8F8F8;True
1300489;Melbourne Victory Football Club;Melbourne Victory;Australie;1435;;2004;False;1;1300489;5500;Isuzu UTE A-League;129985;AAMI Park;15016745;30050;30050;2;2;14;12;11;16;20600;14000;30000;€;329724.19;284245;0.0;0;0.0;0;0.0;0;4460.2;3845;0.0;0;0;300197499;;;;0;29;#001040;#F8F8F8;#F8F8F8;True
1300490;Sydney Football Club;Sydney FC;Australie;1435;;2004;False;1;1300490;5500;Isuzu UTE A-League;129985;Leichhardt Oval;15064569;17000;17000;2;2;13;12;14;18;15282;7500;35000;€;367478.71;316792;0.0;0;0.0;0;0.0;0;3659.8;3155;0.0;0;0;1042149;;;;0;1;#80B8F0;#F8F8F8;#202048;True
1300491;Central Coast Mariners;CC Mariners;Australie;1435;;2004;False;1;1300491;4900;Isuzu UTE A-League;129985;Polytec Stadium;425030;20059;20059;2;1;14;14;14;16;5550;5000;15000;€;266359.19;229620;0.0;0;0.0;0;0.0;0;1606.6;1385;0.0;0;0;73918;;;;0;1;#F8C028;#083050;#F8C028;True
1301104;FK Rostov;Rostov;Russie;791;;1930;False;1;1301104;6250;Première Ligue russe;130486;Rostov Arena;58066612;45145;45145;3;1;11;8;7;10;11725;6700;40000;€;577795.98;498100;0.0;0;0.0;0;0.0;0;13403.8;11555;0.0;0;0;994591;;;;0;36;#F8D000;#F8C028;#F8D000;True
1301108;Zenit St. Petersburg;Zenit;Russie;791;;1925;False;1;1301108;7400;Première Ligue russe;130486;Gazprom Arena;130573;64287;64287;3;14;15;17;9;10;36608;25000;60000;€;55462233.92;47812272;0.0;0;0.0;0;0.0;0;608515.1;524582;0.0;0;0;135547749;;;;0;1;#2090D0;#20A0E0;#20A0E0;True
1301129;Fiorita;Fiorita;Saint-Marin;792;;1967;False;2;1301129;1250;Campionato Sammarinese;43032015;Igor Crescentini;1301130;350;100;1;0;5;2;2;2;250;40;2500;€;19479.88;16793;0.0;0;0.0;0;0.0;0;0.0;0;0.0;0;0;0;;;;0;10;#202048;#F8F8F8;#F8F8F8;True
1413274;A.C. Renate;Renate;Italie;776;;1947;False;1;1413274;4450;Série C/A italienne;43127172;Città di Meda;6100059;2520;2520;3;19;9;8;5;6;314;150;2500;€;1289360.84;1111518;0.0;0;0.0;0;0.0;0;18975.28;16358;0.0;0;0;302909745;;;;0;37;#080808;#0050D0;#0050D0;True
3100018;Club Atlético Tigre;Tigre;Argentine;1649;;1902;False;1;3100018;5800;1ère Division argentine;102421;Don José Dellagiovanna, 'Coliseo de Victoria';3100079;21000;1900;3;4;11;8;9;11;12000;5000;25000;€;609750.5;525647;0.0;0;0.0;0;0.0;0;2775.88;2393;0.0;0;0;10193349;;;;0;15;#001038;#F80828;#F80828;True
3101453;Club Sportivo Independiente Rivadavia;Independiente Mza.;Argentine;1649;;1913;False;1;3101453;5450;1ère Division argentine;102421;Bautista Gargantini;3101454;16000;3500;3;3;13;11;11;11;8000;5500;20000;€;1660390.31;1431371;0.0;0;0.0;0;0.0;0;15402.48;13278;0.0;0;0;603201885;;;;0;1;#002060;#002060;#F8F8F8;True
3101516;Club Atlético Sarmiento de Junín;Sarmiento (Junín);Argentine;1649;;1911;False;1;3101516;5550;1ère Division argentine;102421;Eva Perón;3101517;19000;3000;3;1;11;9;10;12;6000;2000;22000;€;722058.22;622464;0.0;0;0.0;0;0.0;0;1887.32;1627;0.0;0;0;1777672;;;;0;48;#185840;#206848;#F8F8F8;True
3400878;Power Dynamos FC;Power Dynamos;Zambie;54;;1971;False;1;3400878;4200;Premier League de Zambie;13135082;Arthur Davies Stadium;2000212348;17000;15500;1;0;8;7;8;9;7500;3500;10000;€;81553.8;70305;0.0;0;0.0;0;0.0;0;0.0;0;0.0;0;0;0;;;;0;14;#F8D000;#E00000;#F8D000;True
3501956;US Concarneau;Concarneau;France;769;;1911;True;1;3501956;5000;Championnat National;18;Stade Guy Piriou;914680;3575;3575;3;33;5;5;10;8;1798;100;2500;€;1144988.41;987059;0.0;0;0.0;0;22886.8;19730;19544.84;16849;0.0;0;100;302546367;;;;0;1;#0050D0;#0050D0;#F8F8F8;True
3502139;Saint-Colomban Sportive Locminé;SCS Locminé;France;769;;1908;False;2;3502139;3250;National 2 - Groupe A;19;Stade du Pigeon Blanc;8425146;2500;500;3;25;1;1;5;1;222;100;2500;€;2.32;2;0.0;0;0.0;0;0.0;0;11238.08;9688;0.0;0;0;609571;;;;0;1;#38B070;#38B070;#E00000;True
3503463;Olympique Saumur Football Club;Olympique Saumur FC;France;769;;2000;False;2;3503463;3250;National 2 - Groupe A;19;Stade des Rives du Thouet;6200181;2000;672;3;28;3;3;5;5;100;100;2500;€;0.0;0;0.0;0;0.0;0;0.0;0;10587.32;9127;0.0;0;0;789663;;;;0;2;#0050D0;#002060;#002060;True
3506513;ASEC Mimosas;ASEC Mimosas;Côte d'Ivoire;24;;1948;False;1;3506513;4750;Première division de Côte d'Ivoire;13109926;Stade Félix Houphouet-Boigny;103035;45000;45000;1;0;12;15;17;19;25000;5000;50000;€;0.0;0;0.0;0;0.0;0;0.0;0;0.0;0;0.0;0;0;0;;;;0;43;#F8F000;#080808;#080808;True
3606389;TSV Havelse 1912;TSV Havelse;Allemagne;771;;1912;False;1;3606389;4000;3. Liga;35010926;Wilhelm-Langrehr-Stadion;879511;3500;500;2;36;8;8;6;9;938;304;2500;€;2.32;2;0.0;0;0.0;0;0.0;0;81140.84;69949;0.0;0;0;303092057;;;;0;16;#C80020;#F8F8F8;#E00000;True
3607181;Chemie Leipzig;Chemie Leipzig (GDR);Allemagne de l'Est;577;;1955;False;2;3607181;250;;;;;;;1;0;1;1;1;1;250;100;2500;€;0.0;0;0.0;0;0.0;0;0.0;0;0.0;0;0.0;0;0;0;;;;0;;;;;False
3800256;U.S. Sassuolo Calcio;Sassuolo;Italie;776;;1920;True;1;3800256;6350;Italian Serie A;32;Mapei Stadium;1249;21584;21584;3;97;12;18;15;15;13000;8600;20525;€;23820847.55;20535214;0.0;0;0.0;0;774027.38;667265;571627.1;492782;5742.0;4950;100;463534526;;;;0;55;#408848;#080808;#F8F8F8;True
3804424;U.S. Grosseto 1912;Grosseto;Italie;776;;1912;False;2;3804424;3900;Série C/B italienne;43127173;Carlo Zecchini;3804423;9758;9758;3;21;11;8;6;7;1100;800;2800;€;66831.08;57613;0.0;0;0.0;0;0.0;0;9349.6;8060;0.0;0;0;301327220;;;;0;8;#C80020;#F8F8F8;#F8F8F8;True
4001706;Burton Albion;Burton Albion;Angleterre;765;;1950;False;1;4001706;4550;Sky Bet League One;13;Pirelli Stadium;5006861;6972;2034;3;21;20;20;4;4;3254;1000;6912;€;296485.55;255591;0.0;0;0.0;0;0.0;0;69596.52;59997;0.0;0;0;304990794;;;;0;5;#F8C020;#282828;#E8E8E8;True
4200566;Burgos C.F.;Burgos;Espagne;796;;1985;False;1;4200566;5450;2ème Division d'Espagne;68;El Plantío;4200567;12642;12642;2;28;12;12;11;11;9800;4000;14000;€;1211454.09;1044357;0.0;0;0.0;0;0.0;0;189945.35;163746;0.0;0;0;34280448;;;;0;1;#F8F8F8;#283030;#283030;True
4203003;F.C. Cartagena;Cartagena;Espagne;796;;1995;False;1;4203003;5500;Première Division B de la Fédération espagnole;2000048846;Cartagonova;4203004;16000;16000;2;21;13;8;11;12;6000;3000;13000;€;845463.66;728848;0.0;0;0.0;0;0.0;0;45846.68;39523;0.0;0;0;3055613;;;;0;3;#F8F8F8;#080808;#F8F8F8;True
4203006;Club Gimnàstic de Tarragona;Nàstic;Espagne;796;;1914;False;1;4203006;5150;Première Division B de la Fédération espagnole;2000048846;Nou Estadi;4203007;14600;14600;2;24;14;12;10;10;5000;2500;11000;€;0.0;0;0.0;0;0.0;0;0.0;0;49029.72;42267;0.0;0;0;304305653;;;;0;25;#B00000;#F8F8F8;#F8F8F8;True
4203033;Algeciras C.F.;Algeciras;Espagne;796;;1909;False;1;4203033;4500;Première Division B de la Fédération espagnole;2000048846;Nuevo Mirador;4203034;7300;7300;2;19;8;8;10;7;2950;1300;4300;€;2.32;2;0.0;0;0.0;0;0.0;0;73155.4;63065;0.0;0;0;302041037;;;;0;56;#F8F8F8;#E00000;#E00000;True
4212118;U.E. Sant Andreu;Sant Andreu;Espagne;796;;1907;False;1;4212118;3650;Première Division A de la Fédération espagnole;2000048844;Narcís Sala;4212120;6563;6563;2;23;10;10;9;12;3500;1000;7000;€;2.32;2;0.0;0;0.0;0;0.0;0;33804.72;29142;0.0;0;0;3137628;;;;0;48;#F8F838;#E00000;#080808;True
4212168;U.D. Ibiza;Ibiza;Espagne;796;;1957;False;1;4212168;5050;Première Division B de la Fédération espagnole;2000048846;Can Misses;4212169;6200;6200;2;22;11;8;10;11;4000;1000;5000;€;0.0;0;0.0;0;0.0;0;0.0;0;68952.72;59442;0.0;0;0;6947085;;;;0;0;#38B8F8;#F8F8F8;#F8F8F8;True
4212197;C.D. Mirandés;Mirandés;Espagne;796;;1927;False;1;4212197;5600;Première Division A de la Fédération espagnole;2000048844;Mendizorroza;1015;19200;19200;2;19;10;5;-1;-1;3700;1500;5500;€;240113.03;206994;0.0;0;0.0;0;0.0;0;96314.8;83030;0.0;0;0;9163143;;;;0;14;#A00820;#283030;#283030;True
4212207;C.D. Eldense;Eldense;Espagne;796;;1921;False;1;4212207;5000;2ème Division d'Espagne;68;Nuevo Pepico Amat;4212208;7500;7500;2;27;8;8;9;9;4500;1500;5625;€;498124.87;429418;0.0;0;0.0;0;0.0;0;110720.84;95449;0.0;0;0;36264653;;;;0;48;#004898;#982028;#004898;True
4212228;C.F. Rayo Majadahonda;Rayo Majadahonda;Espagne;796;;1976;False;1;4212228;4650;Première Division B de la Fédération espagnole;2000048846;Nuevo Cerro del Espino;109070;4165;3865;2;21;12;11;11;10;1400;500;3500;€;0.0;0;0.0;0;0.0;0;0.0;0;35136.4;30290;0.0;0;0;3764479;;;;0;8;#F8F8F8;#E00000;#002060;True
4212243;Zamora C.F.;Zamora;Espagne;796;;1969;False;1;4212243;4200;Première Division A de la Fédération espagnole;2000048844;Ruta de la Plata;7445382;7813;7813;2;19;12;12;9;11;2200;1000;8000;€;0.0;0;0.0;0;0.0;0;0.0;0;58440.8;50380;0.0;0;0;2402401;;;;0;3;#F8F8F8;#E82030;#080808;True
4212284;A.D. Mérida;Mérida;Espagne;796;;1990;False;1;4212284;4600;Première Division A de la Fédération espagnole;2000048844;Estadio Romano José Fouto;1029;14680;14680;2;15;10;8;9;9;3000;1000;8000;€;0.0;0;0.0;0;0.0;0;0.0;0;28981.44;24984;0.0;0;0;3413632;;;;0;25;#F8F8F8;#080808;#080808;True
4212294;S.D. Huesca;Huesca;Espagne;796;;1960;False;1;4212294;5900;Première Division B de la Fédération espagnole;2000048846;El Alcoraz;4212295;9128;9128;2;23;14;13;12;12;6000;2000;9500;€;1179385.89;1016712;0.0;0;0.0;0;0.0;0;72909.48;62853;0.0;0;0;7135030;;;;0;48;#183068;#B00000;#D02020;True
4212307;S.D. Ponferradina;Ponferradina;Espagne;796;;1922;False;1;4212307;5400;Première Division A de la Fédération espagnole;2000048844;El Toralín;7445380;8432;8432;2;16;10;8;10;10;6000;2500;8500;€;2.32;2;0.0;0;0.0;0;0.0;0;41518.72;35792;0.0;0;0;3731840;;;;0;11;#0050B8;#F8F8F8;#0050B8;True
4212395;C.E. Europa;Europa;Espagne;796;;1907;False;1;4212395;3650;Première Division B de la Fédération espagnole;2000048846;Nou Sardenya;4212396;4000;2000;2;17;12;12;10;11;1900;600;4000;€;2.32;2;0.0;0;0.0;0;0.0;0;28832.96;24856;0.0;0;0;1270083;;;;0;29;#F8F8F8;#0030A0;#0030A0;True
4400014;Vancouver Whitecaps FC;Vancouver;Canada;364;;2009;False;1;4400014;6250;Major League Soccer;40;BC Place;72021006;54320;54320;1;12;16;16;11;14;26791;13000;35000;€;5939373.83;5120150;0.0;0;0.0;0;0.0;0;215685.75;185936;0.0;0;0;624864517;;;;0;15;#F8F8F8;#001840;#001840;True
5100153;Bromley;Bromley;Angleterre;765;;1892;False;1;5100153;3800;Sky Bet League One;13;The Copperjax Community Stadium;5100154;3075;1875;3;22;9;9;10;11;3092;1200;9000;€;2.32;2;0.0;0;0.0;0;0.0;0;58189.08;50163;0.0;0;0;3679432;;;;0;2;#F8F8F8;#080808;#080808;True
5110769;AFC Wimbledon;Wimbledon;Angleterre;765;;2002;False;1;5110769;4550;Sky Bet League One;13;The Cherry Red Records Stadium;211584;9236;9236;3;40;6;6;11;9;8008;4500;11500;€;271238.15;233826;0.0;0;0.0;0;0.0;0;80296.36;69221;0.0;0;0;306148933;;;;0;1;#003878;#1050A8;#E0B848;True
5270338;Liga Deportiva Universitaria de Quito;LDU de Quito;Équateur;1654;;1930;False;1;5270338;6246;Serie A équatorienne;80000566;Rodrigo Paz Delgado;109185;41305;10958;1;12;14;15;14;19;11319;5848;21636;€;4614224.67;3977780;0.0;0;0.0;0;0.0;0;50447.24;43489;0.0;0;0;1210401091;;;;0;10;#F8F8F8;#282838;#F8D000;True
5280161;Club Libertad;Libertad;Paraguay;1655;;1905;False;1;5280161;6000;1ère division paraguayenne;79010950;La Huerta;5280276;15000;15000;2;9;17;16;17;16;750;300;2500;€;8427586.52;7265161;0.0;0;0.0;0;0.0;0;19697.96;16981;0.0;0;0;902007583;;;;0;3;#F8F8F8;#080808;#F8F8F8;True
5340073;Mouloudia Club d'Alger;MC Alger;Algérie;5;;1921;False;1;5340073;5150;League 1 algérienne;12015290;Stade Olympique du 5 Juillet;103024;66000;66000;1;7;11;9;8;12;30000;10000;37500;€;81375.16;70151;0.0;0;0.0;0;0.0;0;20453.12;17632;0.0;0;0;601321804;;;;0;4;#088838;#E00000;#E00000;True
5340078;Chabab Riadhi de Bélouizdad;CR Belouizdad;Algérie;5;;1962;False;1;5340078;5100;League 1 algérienne;12015290;20 Août;105327;15000;15000;1;8;11;9;10;12;18000;7000;38000;€;244882.95;211106;0.0;0;0.0;0;0.0;0;33535.6;28910;0.0;0;0;1056669;;;;0;1;#E00000;#F8F8F8;#E00000;True
5340761;Rangers International F.C.;Enugu Rangers;Nigeria;38;;1970;False;1;5340761;4500;Premier League du Nigéria;12016011;Nnamdi Azikiwe Stadium;105370;25000;22000;2;0;13;13;15;15;5000;2000;20000;€;0.0;0;0.0;0;0.0;0;0.0;0;0.0;0;0.0;0;0;0;;;;0;1;#F8F8F8;#F83010;#F8F8F8;True
5340770;Union Sportive des Forces Armées;US Forces Armées;Burkina Faso;9;;1962;False;1;5340770;3500;Première division du Burkina Faso;13211662;Stade Issoufou Conombo;103028;15000;15000;1;0;5;3;3;7;8000;1000;15000;€;0.0;0;0.0;0;0.0;0;0.0;0;0.0;0;0.0;0;0;0;;;;0;30;#E00000;#F8F8F8;#0030A0;True
5340779;Cotonsport de Garoua;Cotonsport;Cameroun;11;;1986;False;1;5340779;3750;Élite One du Cameroun;13172336;Stade Omnisports Roumdé Adjia;105276;30000;30000;1;0;10;8;10;18;10000;5000;25000;€;270022.47;232778;0.0;0;0.0;0;0.0;0;0.0;0;0.0;0;0;0;;;;0;10;#004028;#F8F8F8;#F8F8F8;True
5340789;St. George;St. George (ETH);Éthiopie;18;;1936;False;1;5340789;3450;Première division d'Éthiopie;13211690;Addis Ababa Stadium;103039;35000;35000;1;0;9;8;8;12;7000;2000;30000;€;95669.84;82474;0.0;0;0.0;0;0.0;0;0.0;0;0.0;0;0;0;;;;0;29;#F8F000;#E00000;#E00000;True
5340875;Association Sportive MangaSport;MangaSport;Gabon;19;;1962;False;1;5340875;2350;National Foot 1 du Gabon;13211630;Stade Henri Sylvoz;23017895;9500;9500;1;0;7;7;7;20;250;100;5875;€;103494.04;89219;0.0;0;0.0;0;0.0;0;0.0;0;0.0;0;0;0;;;;0;48;#F8F000;#48C078;#F8F000;True
5340910;Tusker FC;Tusker FC;Kenya;25;;1970;False;1;5340910;3450;Première division du Kenya;13211639;Moi International Sports Centre;23017864;60000;60000;1;0;8;6;8;14;4500;100;5625;€;159450.12;137457;0.0;0;0.0;0;0.0;0;0.0;0;0.0;0;0;0;;;;0;25;#F8D800;#080808;#080808;True
5340913;Gor Mahia FC;Gor Mahia;Kenya;25;;1968;False;1;5340913;3500;Première division du Kenya;13211639;Nairobi City Stadium;23017865;15000;15000;1;0;10;8;8;18;7000;100;8750;€;0.0;0;0.0;0;0.0;0;0.0;0;0.0;0;0.0;0;0;0;;;;0;2;#008030;#F8F8F8;#F8F8F8;True
5340919;FCB Nyasa Big Bullets FC;Big Bullets;Malawi;30;;1967;False;1;5340919;2750;Super League du Malawi;13211652;Kamuzu Stadium;103081;40000;40000;1;0;7;5;6;12;250;100;6875;€;0.0;0;0.0;0;0.0;0;0.0;0;0.0;0;0.0;0;0;0;;;;0;48;#E00000;#F8F8F8;#E00000;True
5340920;Mighty Wanderers FC;Mighty Wanderers;Malawi;30;;0;False;1;5340920;2400;Super League du Malawi;13211652;Kamuzu Stadium;103081;40000;40000;1;0;6;5;5;20;250;100;6000;€;0.0;0;0.0;0;0.0;0;0.0;0;0.0;0;0.0;0;0;0;;;;0;1;#0050D0;#F8F8F8;#F8F8F8;True
5340959;Clube Ferroviário de Maputo;Ferroviário de Maputo;Mozambique;35;;1924;False;1;5340959;3150;Première division du Mozambique;13191166;Campo do Afrin;95059534;5000;5000;1;0;12;10;10;11;250;100;7875;€;196972.63;169804;0.0;0;0.0;0;0.0;0;0.0;0;0.0;0;0;0;;;;0;12;#008060;#F8F8F8;#008060;True
5340963;Clube Ferroviário da Beira;Ferroviário da Beira;Mozambique;35;;1924;False;1;5340963;3150;Première division du Mozambique;13191166;Estádio do Ferroviário da Beira;23017814;7000;7000;1;0;12;10;10;11;250;100;7875;€;140694.08;121288;0.0;0;0.0;0;0.0;0;0.0;0;0.0;0;0;0;;;;0;37;#F8F8F8;#008060;#F8F8F8;True
5340971;Rayon Sports FC;Rayon Sports;Rwanda;39;;1968;False;1;5340971;3200;Première division du Rwanda;13211703;Stade Amahoro;103090;21000;21000;1;1;8;8;8;10;4500;1500;45000;€;2.32;2;0.0;0;0.0;0;0.0;0;707.6;610;0.0;0;0;8900;;;;0;1;#0030A0;#F8F8F8;#F8F8F8;True
5340981;Horoya AC;Horoya;Guinée;22;;1975;False;1;5340981;4400;Ligue 1 de Guinée;13211636;Stade de Yorokoguia;2000458285;5000;5000;2;0;9;8;10;11;250;100;11000;€;232828.23;200714;0.0;0;0.0;0;0.0;0;0.0;0;0.0;0;0;0;;;;0;25;#F0E8E8;#A82860;#A82860;True
5340983;Armée Patriotique Rwandaise FC;APR FC;Rwanda;39;;1993;False;1;5340983;3500;Première division du Rwanda;13211703;Stade Amahoro;103090;21000;21000;1;0;9;9;12;10;3500;1000;45000;€;317807.51;273972;0.0;0;0.0;0;0.0;0;0.0;0;0.0;0;0;0;;;;0;48;#080808;#F8F8F8;#F8F8F8;True
5340987;AS Vita Club Kinshasa;AS Vita Club;République démocratique du Congo;53;;1935;False;1;5340987;4550;Première Division B de RD Congo;2000278441;Stade des Martyrs;152587;80000;80000;1;0;10;10;8;14;30000;20000;80000;€;2223641.06;1916932;0.0;0;0.0;0;0.0;0;0.0;0;0.0;0;0;0;;;;0;2;#080808;#006030;#006030;True
5340988;Al-Ahli Tripoli Sports Club;Ahli Tripoli;Libye;28;;1950;False;1;5340988;4500;Premier League de Libye;13208974;Tripoli International Stadium;103079;66000;45000;1;5;10;10;8;12;20000;6000;50000;€;2201881.78;1898174;0.0;0;0.0;0;0.0;0;12990.84;11199;0.0;0;0;300347411;;;;0;1;#008030;#F8F8F8;#F8F8F8;True
5340989;Young Africans SC;Young Africans;Tanzanie;48;;1935;False;1;5340989;5250;Première division de Tanzanie Mainland;13211724;Benjamin Mkapa National Stadium;12010711;60000;60000;1;3;13;11;12;18;20000;10000;60000;€;851375.02;733944;0.0;0;0.0;0;0.0;0;12319.2;10620;0.0;0;0;1586000;;;;0;1;#38B070;#F8F000;#F8F000;True
5341073;ASC Jaraaf;Jaraaf;Sénégal;41;;1969;False;1;5341073;4250;Première division du Sénégal;13191657;Stade Léopold Sedar Senghor;103092;60000;60000;1;0;7;7;6;8;3500;800;10000;€;0.0;0;0.0;0;0.0;0;0.0;0;0.0;0;0.0;0;0;0;;;;0;2;#288858;#F8F8F8;#F8F8F8;True
5341459;African Stars F.C.;African Stars;Namibie;36;;0;False;1;5341459;2500;Première division de Namibie;13211697;Khomasdal Stadium;12014060;5000;5000;1;0;4;2;5;3;250;100;6250;€;2.32;2;0.0;0;0.0;0;0.0;0;0.0;0;0.0;0;0;0;;;;0;2;#E00000;#F8F8F8;#F8F8F8;True
5341535;Mbabane Swallows;Mbabane Swallows;Eswatini;47;;0;False;1;5341535;2450;Premier League de l'Eswatini;13211721;Somhlolo National Stadium;103098;20000;20000;1;0;5;5;5;15;250;100;6125;€;2.32;2;0.0;0;0.0;0;0.0;0;0.0;0;0.0;0;0;0;;;;0;56;#C80000;#002060;#F8F8F8;True
5341537;Young Buffaloes;Young Buffaloes;Eswatini;47;;1982;False;1;5341537;2400;Premier League de l'Eswatini;13211721;Mavuso Sports Ground;13101119;8000;8000;1;0;4;4;4;10;250;100;6000;€;2.32;2;0.0;0;0.0;0;0.0;0;0.0;0;0.0;0;0;0;;;;0;1;#781830;#D8B028;#D8B028;True
5341564;Sporting Clube da Guiné-Bissau;SC Bissau;Guinée-Bissau;23;;1936;False;2;5341564;3100;Première division de Guinée-Bissau;13211628;Estádio Lino Correia;103043;12000;12000;1;0;5;1;8;15;250;100;7750;€;2.32;2;0.0;0;0.0;0;0.0;0;0.0;0;0.0;0;0;0;;;;0;51;#F8F8F8;#086840;#086840;True
5341566;Sport Bissau e Benfica;Benfica (GNB);Guinée-Bissau;23;;1944;False;2;5341566;3100;Première division de Guinée-Bissau;13211628;Estádio Lino Correia;103043;12000;12000;1;0;6;1;8;12;250;100;7750;€;2.32;2;0.0;0;0.0;0;0.0;0;0.0;0;0.0;0;0;0;;;;0;36;#E00000;#F8F8F8;#F8F8F8;True
5341585;Al-Merreikh Omdurman;Al-Merreikh;Soudan;46;;1927;False;1;5341585;4900;Premier League du Soudan;36513629;Al-Merreikh Stadium;105346;22500;22500;1;0;10;5;7;9;22500;10000;50000;€;2004957.86;1728412;0.0;0;0.0;0;0.0;0;0.0;0;0.0;0;0;0;;;;0;1;#E00000;#F8F000;#F8F000;True
5341586;Al-Hilal Omdurman;Al-Hilal Omdurman;Soudan;46;;1930;False;1;5341586;5000;Premier League du Soudan;36513629;Al-Hilal Stadium;5390208;25000;25000;1;2;12;9;9;7;40000;10000;60000;€;2241568.86;1932387;0.0;0;0.0;0;0.0;0;1643.72;1417;0.0;0;0;346501;;;;0;1;#0050D0;#F8F8F8;#F8F8F8;True
5341645;Kampala Capital City Authority FC;KCCA FC;Ouganda;52;;1963;False;1;5341645;3250;Premier League d'Ouganda;39037297;MTN Omondi Stadium;39037326;10000;10000;1;0;5;5;5;18;250;100;8125;€;0.0;0;0.0;0;0.0;0;0.0;0;0.0;0;0.0;0;0;0;;;;0;25;#F8D000;#1030C0;#1030C0;True
5341651;Djoliba Athlétic Club;Djoliba;Mali;31;;1960;False;1;5341651;4500;Première division malienne;13162593;Stade du 26 Mars;103082;45000;45000;1;0;8;8;10;6;250;100;11250;€;0.0;0;0.0;0;0.0;0;0.0;0;0.0;0;0.0;0;0;0;;;;0;27;#E00000;#008030;#008030;True
5341688;Association Sportive de la Kozah FC;ASKO;Togo;50;;1978;False;1;5341688;3000;Première division du Togo;13211727;Stade Municipal de Kara;23017722;2000;2000;1;0;8;4;7;6;250;100;7500;€;0.0;0;0.0;0;0.0;0;0.0;0;0.0;0;0.0;0;0;0;;;;0;2;#F8F000;#080808;#080808;True
5341691;Tout Puissant Mazembe;TP Mazembe;République démocratique du Congo;53;;1939;False;1;5341691;4900;Première Division A de RD Congo;2000278442;Stade TP Mazembe;13106317;18500;18500;2;2;12;10;12;15;20000;10000;50000;€;2609999.92;2250000;0.0;0;0.0;0;0.0;0;1939.52;1672;0.0;0;0;426499;;;;0;11;#080808;#F8F8F8;#F8F8F8;True
5350035;Renown Sports Club;Renown;Sri Lanka;136;;0;False;2;5350035;1700;Super League du Sri Lanka Groupe B;23220663;Ceylonese Rugby & Football Club Ground;23220673;2500;0;1;0;2;1;1;2;500;100;2500;€;0.0;0;0.0;0;0.0;0;0.0;0;0.0;0;0.0;0;0;0;;;;0;25;#0030A0;#F8F8F8;#0030A0;True
5350076;Water and Power Development Authority;W.A.P.D.A.;Pakistan;131;;1983;False;2;5350076;1650;Première Ligue du Pakistan;5630004;Punjab Stadium;5626956;10000;10000;1;0;3;3;3;2;1000;100;2500;€;3.48;3;0.0;0;0.0;0;0.0;0;0.0;0;0.0;0;0;0;;;;0;3;#F8F8F8;#E00000;#E00000;True
5375175;Real Estelí FC;Real Estelí;Nicaragua;381;;1960;False;1;5375175;2250;Première Division du Nicaragua;86000027;Estadio Independencia;5375178;7900;7900;2;0;9;8;9;10;250;100;4800;€;154377.44;133084;0.0;0;0.0;0;0.0;0;0.0;0;0.0;0;0;0;;;;0;11;#E00000;#F8F8F8;#F8F8F8;True
5375180;CD Walter Ferretti;Walter Ferretti;Nicaragua;381;;1986;False;1;5375180;2000;Première Division du Nicaragua;86000027;Estadio Nacional Dennis Martínez;103149;30100;30100;1;0;6;7;8;8;250;100;25000;€;157323.84;135624;0.0;0;0.0;0;0.0;0;0.0;0;0.0;0;0;0;;;;0;11;#E00000;#080808;#080808;True
5390075;Diables Noirs;Diables Noirs;Congo;49;;1950;False;1;5390075;3250;Championnat national du Congo;13191378;Stade Marchand;5625277;5000;5000;1;0;8;6;8;6;250;100;8125;€;129337.68;111498;0.0;0;0.0;0;0.0;0;0.0;0;0.0;0;0;0;;;;0;48;#F8F000;#080808;#080808;True
5390089;Hafia FC;Hafia FC;Guinée;22;;1951;False;1;5390089;4100;Ligue 1 de Guinée;13211636;Stade Petit Sory;2000120669;6500;6500;1;0;8;6;9;7;250;100;10250;€;131900.12;113707;0.0;0;0.0;0;0.0;0;0.0;0;0.0;0;0;0;;;;0;10;#F8F8F8;#38B070;#38B070;True
5390140;FC Kallon;Kallon;Sierra Leone;43;;2002;False;1;5390140;2150;Premier League de Sierra Leone;13211712;Approved School Field;2000449696;1000;1000;1;0;4;4;6;4;250;100;5375;€;4.64;4;0.0;0;0.0;0;0.0;0;0.0;0;0.0;0;0;0;;;;0;1;#0050D0;#000000;#0050D0;True
5395180;CD Marquense;CD Marquense;Guatemala;373;;1958;False;1;5395180;3750;Ligue Nationale du Guatemala;87000495;Estadio Marquesa de la Enseñada;7700011;9380;9380;1;0;9;9;12;12;1246;800;9000;€;0.0;0;0.0;0;0.0;0;0.0;0;0.0;0;0.0;0;0;0;;;;0;1;#F8F000;#F8F000;#F8F000;True
5430416;SV Inter Moengotapoe;Inter Moengotapoe;Suriname;387;;1992;False;1;5430416;3500;Major League du Suriname;37040965;Ronnie Brunswijk Stadion;5430417;3000;0;1;0;7;7;7;16;1000;100;2500;€;0.0;0;0.0;0;0.0;0;0.0;0;0.0;0;0.0;0;0;0;;;;0;33;#E00000;#080808;#080808;True
5430607;CRSKV Jong Holland;Jong Holland (CUR);Curaçao;380;;1919;False;2;5430607;2750;Ligue de Curaçao;45082480;Ergilio Hato;5430608;15000;15000;1;0;5;5;5;18;250;100;6875;€;0.0;0;0.0;0;0.0;0;0.0;0;0.0;0;0.0;0;0;0;;;;0;56;#F8F8F8;#002080;#B00000;True
5430612;SV Centro Social Deportivo Barber;Barber;Curaçao;380;;1951;False;2;5430612;2450;Ligue de Curaçao;45082480;Ergilio Hato;5430608;15000;15000;1;1;5;4;5;17;250;100;6125;€;0.0;0;0.0;0;0.0;0;0.0;0;39.44;34;0.0;0;0;300000000;;;;0;3;#E00000;#F8F8F8;#F8F8F8;True
5430616;RKSV Scherpenheuvel;Didi Scherpen;Curaçao;380;;1933;False;2;5430616;2500;Ligue de Curaçao;45082480;Ergilio Hato;5430608;15000;15000;1;0;4;4;4;15;250;100;6250;€;0.0;0;0.0;0;0.0;0;0.0;0;0.0;0;0.0;0;0;0;;;;0;1;#F8F8F8;#80C848;#B00000;True
5621797;April 25 Sports Group;April 25;Corée du Nord;129;;1949;False;2;5621797;3350;Premier League de RPD de Corée;23100525;May Day Stadium;103248;114000;114000;1;0;7;7;7;20;5000;100;30000;€;0.0;0;0.0;0;0.0;0;0.0;0;0.0;0;0.0;0;0;0;;;;0;1;#F8F8F8;#E00000;#E00000;True
5622951;FC Ruggell;Ruggell;Liechtenstein;778;;1958;False;3;5622951;1750;Division inférieure suisse;137891;Freizeitpark Widau;5622949;1200;0;4;0;14;8;6;2;125;100;2500;€;0.0;0;0.0;0;0.0;0;0.0;0;0.0;0;0.0;0;0;0;;;;0;7;#48A068;#006030;#006030;True
5623522;Al-Hilal Al-Quds;Hilal Al-Quds;Palestine;1662;;1972;False;1;5623522;2900;Première ligue palestinienne de Cisjordanie;23091052;Faisal Al-Husseini International Stadium;42019773;12500;12500;1;0;5;4;4;16;3000;100;3750;€;0.0;0;0.0;0;0.0;0;0.0;0;0.0;0;0.0;0;0;0;;;;0;1;#0050D0;#F8F8F8;#F8F8F8;True
5623531;Shabab Al Thahereya;Al Thahereya;Palestine;1662;;1974;False;1;5623531;2850;Première ligue palestinienne de Cisjordanie;23091052;Dora International Stadium;2000027880;18000;18000;1;0;3;3;2;8;2500;100;3125;€;0.0;0;0.0;0;0.0;0;0.0;0;0.0;0;0.0;0;0;0;;;;0;25;#F8F8F8;#080808;#F8F8F8;True
5625287;Bantu FC;Bantu;Lesotho;26;;1927;False;1;5625287;2250;Premier League du Lesotho;13211643;Setsotho Stadium;103077;20000;20000;1;0;5;5;5;10;2000;100;2500;€;0.0;0;0.0;0;0.0;0;0.0;0;0.0;0;0.0;0;0;0;;;;0;1;#F8D000;#080808;#080808;True
5626105;Benfica (MAC);Benfica (MAC);Macao (RP de Chine);124;;1951;False;2;5626105;1900;1ère Division de Macao;5630248;Universidade de Ciência e Tecnologia de Macau;1025736;1775;1775;1;0;1;1;2;19;100;5;2500;€;98645.24;85039;0.0;0;0.0;0;0.0;0;0.0;0;0.0;0;0;0;;;;0;0;#E00000;#000000;#F8F8F8;True
5626499;Paro FC;Paro;Bhoutan;131012;;0;False;2;5626499;1500;Ligue nationale du Bhoutan;23210915;Woochu Sports Arena;5633227;4000;0;1;0;3;1;1;3;250;100;3750;€;0.0;0;0.0;0;0.0;0;0.0;0;0.0;0;0.0;0;0;0;;;;0;;;;;False
5626771;Duli Pengiran Muda Mahkota FC;DPMM FC;Sultanat de Brunei;109;;2000;False;1;5626771;2550;Super League de Malaisie;5624536;Negara Hassanal Bolkiah;103237;29800;28000;4;0;4;3;3;13;1200;300;20000;€;327135.07;282013;0.0;0;0.0;0;0.0;0;0.0;0;0.0;0;0;0;;;;0;49;#E00000;#D00000;#D00000;True
5627295;Majlis Sukan Angkatan Bersenjata Diraja Brunei;Armed Forces (BRU);Sultanat de Brunei;109;;1985;False;2;5627295;1700;Première Ligue 1 de Brunei;5630275;Penanjong Kem;1014465;2500;0;1;0;3;1;1;1;400;100;2500;€;0.0;0;0.0;0;0.0;0;0.0;0;0.0;0;0.0;0;0;0;;;;0;2;#101010;#F8F000;#101010;True
5627435;Maziya Sports and Recreation Club;Maziya SRC;Maldives;126;;1996;False;1;5627435;2200;Ligue Dhivehi des Maldives;23093045;Galolhu Rasmee Dhandu;103257;11850;11850;1;0;2;2;2;5;1000;100;2500;€;0.0;0;0.0;0;0.0;0;0.0;0;0.0;0;0.0;0;0;0;;;;0;3;#00C030;#008030;#008030;True
5661074;Club Atlético San Luis;At. San Luis;Mexique;379;;2013;False;1;5661074;6050;1ère Division mexicaine;135973;Estadio Alfonso Lastras;136026;28000;28000;3;9;11;9;9;8;17981;11000;25709;€;8011517.73;6906481;0.0;0;0.0;0;0.0;0;54254.36;46771;0.0;0;0;10260997;;;;0;48;#C80020;#F8F8F8;#004088;True
5691127;Zesco United FC;Zesco United;Zambie;54;;1974;False;1;5691127;4500;Premier League de Zambie;13135082;Levy Mwanawasa Stadium;13112646;49800;45000;1;0;9;7;7;8;5200;2500;10000;€;94102.68;81123;0.0;0;0.0;0;0.0;0;0.0;0;0.0;0;0;0;;;;0;1;#F87000;#F8F8F8;#F87000;True
5720002;FC Vaduz;Vaduz;Liechtenstein;778;;1932;False;1;5720002;5001;Super League suisse;137889;Rheinpark Stadion;129503;7001;5874;4;6;10;8;9;9;1311;1105;3600;€;0.0;0;0.0;0;0.0;0;0.0;0;13726.28;11833;0.0;0;0;1264202;;;;0;5;#A80818;#800820;#800820;True
5744823;FK Mornar Bar;Mornar;Monténégro;62002127;;1923;False;1;5744823;3200;Premiership monténégrine;5745020;Topolica;5744824;2500;2500;1;0;7;7;7;11;450;200;2500;€;252369.59;217560;0.0;0;0.0;0;0.0;0;0.0;0;0.0;0;0;0;;;;0;14;#0030A0;#002060;#F8F8F8;True
6000005;SSV Jahn Regensburg;SSV Jahn Regensburg;Allemagne;771;;1889;False;1;6000005;5500;3. Liga;35010926;Jahnstadion Regensburg;91137650;15210;9062;2;26;9;9;5;8;12628;4500;15785;€;362341.07;312363;0.0;0;0.0;0;0.0;0;72742.44;62709;0.0;0;0;306852259;;;;0;25;#F8F8F8;#B00000;#B00000;True
6201846;Vendée les Herbiers Football;Vendée Herbiers;France;769;;1949;False;2;6201846;3250;National 2 - Groupe A;19;Stade Massabielle;914683;5000;750;3;27;6;5;5;3;1674;300;2500;€;0.0;0;0.0;0;0.0;0;0.0;0;12735.64;10979;0.0;0;0;984211;;;;0;9;#F00000;#080808;#080808;True
7100042;Yokohama FC;Yokohama FC;Japon;116;;1998;False;1;7100042;5300;J1 League;102428;Mitsuzawa Stadium;102568;15440;15440;3;1;14;12;10;11;9128;3300;13321;€;14818753.65;12774788;0.0;0;0.0;0;0.0;0;1113.6;960;0.0;0;0;1728238;;;;0;1;#6098B0;#002080;#182040;True
7452072;Villarreal C.F. B;Villarreal B;Espagne;796;;1999;False;1;7452072;5400;Première Division B de la Fédération espagnole;2000048846;Mini Estadi;2000003978;4500;4500;1;0;2;1;1;1;1500;500;6000;€;0.0;0;0.0;0;0.0;0;0.0;0;23909.92;20612;0.0;0;0;5620579;;;;0;;;;;False
7540205;FC CFR 1907 Cluj;CFR Cluj;Roumanie;790;;1907;False;1;7540205;5900;D1 roumaine;7540024;Constantin Rădulescu;7541501;23500;23500;3;5;11;14;14;16;3850;1132;10945;€;1415264.92;1220056;0.0;0;0.0;0;0.0;0;9792.72;8442;0.0;0;0;3644654;;;;0;1;#982028;#90C858;#982028;True
7681543;Nõmme Kalju FC;Kalju;Estonie;766;;1923;False;1;7681543;3200;Première Ligue d'Estonie;7681558;Hiiu kunstmurustaadion;31001099;2730;650;2;0;8;8;8;9;294;138;2500;€;0.0;0;0.0;0;0.0;0;0.0;0;0.0;0;0.0;0;0;0;;;;0;25;#080808;#F8F8F8;#080808;True
7920260;Al-Khaleej FC;Al-Khaleej;Arabie saoudite;133;;1945;True;1;7920260;4450;Première division saoudienne;7920263;Prince Mohammed bin Fahd Stadium;5622722;17300;17300;1;12;9;10;7;7;4844;1200;10000;€;20414115.57;17598376;0.0;0;0.0;0;590851.78;509355;518797.23;447239;0.0;0;100;653296345;;;;0;10;#F8E000;#007860;#007860;True
7920352;Al-Taawoun Football Club;Al-Taawun;Arabie saoudite;133;;1956;True;1;7920352;5400;Première division saoudienne;7920263;King Abdullah Sport City Stadium;5635081;30180;30180;1;11;12;11;8;11;5148;2000;15000;€;40272175.88;34717394;0.0;0;0.0;0;862216.38;743290;722565.14;622901;0.0;0;100;138319575;;;;0;12;#F8E018;#080808;#004090;True
7920356;Al-Hazem Saudi Club;Al HazmAl-Hazm;Arabie saoudite;133;;1965;True;1;7920356;4700;Première division saoudienne;7920263;Al-Hazem Club Stadium;1025813;5100;5100;1;8;9;9;6;13;2100;1024;8500;€;15114785.65;13029988;0.0;0;0.0;0;412671.15;355751;338331.39;291665;0.0;0;100;1216428442;;;;0;25;#F0D848;#084090;#284868;True
7920359;Al-Fateh Sports Club;Al-Fateh;Arabie saoudite;133;;1958;True;1;7920359;5050;Première division saoudienne;7920263;Al-Fateh Stadium;23166153;11851;11851;1;9;15;14;12;9;7050;3300;11000;€;15280714.36;13173030;0.0;0;0.0;0;537021.98;462950;453679.47;391103;0.0;0;100;85713693;;;;0;36;#0050E8;#F8F8F8;#F8F8F8;True
7920365;Al-Fayha Club;Fayha;Arabie saoudite;133;;1954;True;1;7920365;4750;Première division saoudienne;7920263;Al-Majmaah Sports City;23166076;6843;6843;1;5;8;9;9;13;1393;550;5000;€;12574240.72;10839863;0.0;0;0.0;0;184117.51;158722;154908.72;133542;0.0;0;100;610005177;;;;0;1;#F88858;#F88858;#282048;True
7920489;Al-Okhdood Club;Al-Okhdood;Arabie saoudite;133;;1976;True;1;7920489;4400;Première division saoudienne;7920263;Prince Hathloul bin Abdulaziz Sports City;2000283961;12000;12000;1;0;8;7;6;9;1635;550;4500;€;12143618.57;10468637;0.0;0;0.0;0;0.0;0;0.0;0;0.0;0;100;0;;;;0;1;#F8F8F8;#90B8E8;#90B8E8;True
7920502;Damac Club;Damac;Arabie saoudite;133;;1970;True;1;7920502;4550;Première division saoudienne;7920263;Prince Sultan bin Abdulaziz Sports City;1025807;20000;20000;1;2;12;7;7;6;5022;700;11000;€;15184551.52;13090131;0.0;0;0.0;0;28618.36;24671;24474.84;21099;0.0;0;100;600000000;;;;0;11;#B83040;#A02030;#303048;True
7983711;A.S. Giana Erminio;Giana;Italie;776;;1909;False;1;7983711;4000;Série C/A italienne;43127172;Comunale Città di Gorgonzola;7983667;3766;3766;3;16;7;6;8;8;645;306;2500;€;1327785.84;1144643;0.0;0;0.0;0;0.0;0;12307.6;10610;0.0;0;0;1495242;;;;0;37;#F8F8F8;#98C8F0;#98C8F0;True
7983734;S.S. Monopoli 1966;Monopoli;Italie;776;;1966;False;1;7983734;4800;Série C/C italienne;43127174;Vito Simone Veneziani;7983689;4057;4057;3;20;10;5;8;8;2336;1355;2920;€;1366706.16;1178195;0.0;0;0.0;0;0.0;0;42251.84;36424;0.0;0;0;302727033;;;;0;3;#38A068;#207850;#F8F8F8;True
8162152;Blois Football 41;Blois 41;France;769;;1999;False;2;8162152;3250;National 2 - Groupe B;914522;Stade des Allées (Jean-Leroi);152535;7000;5000;3;15;5;4;5;5;500;400;2500;€;0.0;0;0.0;0;0.0;0;0.0;0;6363.76;5486;0.0;0;0;403204;;;;0;25;#E00000;#F8F8F8;#F8F8F8;True
8162193;Biesheim ASC;Biesheim ASC;France;769;;1968;False;2;8162193;3250;National 2 - Groupe B;914522;Stade Municipal de Biesheim;34002295;1200;0;3;24;2;2;2;2;100;100;2500;€;0.0;0;0.0;0;0.0;0;0.0;0;8067.8;6955;0.0;0;0;587818;;;;0;36;#2838A8;#F8F8F8;#2838A8;True
8351453;FC Ballkani;Ballkani;Kosovo;217945;;1947;False;1;8351453;2250;Superleague du Kosovo;89056580;Stadiumi i Qytetit - Suharekë;30033708;2500;0;1;1;4;5;6;6;250;100;5625;€;0.0;0;0.0;0;0.0;0;0.0;0;709.92;612;0.0;0;0;466670;;;;0;14;#F87000;#F88048;#080808;True
8351583;FC Drita Gjilan;Drita;Kosovo;217945;;1947;False;1;8351583;2450;Superleague du Kosovo;89056580;Gjilan City Stadium;30033513;9500;9500;1;1;5;7;8;8;250;100;6125;€;0.0;0;0.0;0;0.0;0;0.0;0;812.0;700;0.0;0;0;134478;;;;0;12;#0000C8;#002080;#F8F8F8;True
8351589;FC Prishtina;Prishtina;Kosovo;217945;;1922;False;1;8351589;2700;Superleague du Kosovo;89056580;Stadiumi Fadil Vokrri;5743011;13429;13429;1;0;8;8;9;9;250;100;6750;€;0.0;0;0.0;0;0.0;0;0.0;0;0.0;0;0.0;0;0;0;;;;0;1;#1058D8;#F8F8F8;#F8F8F8;True
8351590;KF Trepça '89 Mitrovicë;Trepça '89;Kosovo;217945;;1989;False;1;8351590;2650;Première division du Kosovo;89056581;Riza Lushta;8350938;3200;0;1;1;6;7;8;8;250;100;6625;€;0.0;0;0.0;0;0.0;0;0.0;0;705.28;608;0.0;0;0;45864;;;;0;1;#F8F8F8;#F8F8F8;#F8F8F8;True
8404703;FK 1625 Liepâja;Liepāja;Lettonie;777;;2014;False;1;8404703;3150;Tonybet Virsliga;8403697;"Stadions ""Daugava""";485756;4022;4022;3;0;8;8;7;5;595;315;2546;€;1969782.02;1698088;0.0;0;0.0;0;0.0;0;0.0;0;0.0;0;0;0;;;;0;37;#C81018;#F8F8F8;#F8F8F8;True
8426573;Andrézieux-Bouthéon FC;Andrézieux-Bouthéon;France;769;;1947;False;2;8426573;3250;National 2 - Groupe C;914523;L'Envol Stadium;85114650;5000;3000;3;25;5;3;5;5;582;100;2500;€;0.0;0;0.0;0;0.0;0;0.0;0;13085.96;11281;0.0;0;0;1154381;;;;0;10;#B00000;#F8F8F8;#B00000;True
8430419;Aviron Bayonnais Football Club;Bayonne;France;769;;1935;False;2;8430419;3000;National 2 - Groupe A;19;Stade Didier Deschamps;8430420;3500;1800;3;16;5;3;5;6;513;275;2500;€;2.32;2;0.0;0;0.0;0;0.0;0;7398.48;6378;0.0;0;0;669214;;;;0;13;#B8D8E8;#F8F8F8;#B8D8E8;True
8438823;Football Club de Chauray;FC Chauray;France;769;;1971;False;2;8438823;3000;National 2 - Groupe A;19;Stade Municipal de Chauray;85083283;1000;250;3;20;2;2;2;2;100;100;2500;€;0.0;0;0.0;0;0.0;0;0.0;0;6337.08;5463;0.0;0;0;700073;;;;0;49;#002060;#0050D0;#0050D0;True
8449786;Saint-Pryvé Saint-Hilaire FC;Saint-Pryvé;France;769;;2000;False;2;8449786;3250;National 2 - Groupe B;914522;Stade du Grand Clos;8449790;1620;304;3;19;3;3;3;3;450;150;2500;€;0.0;0;0.0;0;0.0;0;0.0;0;7564.36;6521;0.0;0;0;451546;;;;0;30;#002060;#60C0F8;#002060;True
8455771;Amicale FC (EXT);Amicale;Vanuatu;1443;;0;False;3;8455771;3000;;;Korman Stadium;148957;6500;6500;1;0;4;4;5;5;200;80;2500;€;0.0;0;0.0;0;0.0;0;0.0;0;0.0;0;0.0;0;0;0;;;;0;25;#E00000;#F8F8F8;#F8F8F8;True
8457492;Adelaide United;Adelaide Utd;Australie;1435;;2003;False;1;8457492;5250;Isuzu UTE A-League;129985;Coopers Stadium;104456;16500;15000;2;1;11;11;13;15;10359;7500;26000;€;291323.55;251141;0.0;0;0.0;0;0.0;0;1262.08;1088;0.0;0;0;300000000;;;;0;25;#981828;#981828;#981828;True
8632566;Buffles du Borgou FC;Buffles FC;Bénin;7;;0;False;1;8632566;3150;Ligue 1 du Bénin;13211624;Stade Municipal de Parakou;23017932;8000;8000;1;0;8;6;6;12;250;100;7875;€;0.0;0;0.0;0;0.0;0;0.0;0;0.0;0;0.0;0;0;0;;;;0;6;#008030;#F8F8F8;#F8F8F8;True
8700474;SG Sonnenhof Großaspach;Großaspach;Allemagne;771;;1994;False;2;8700474;4200;3. Liga;35010926;WIRmachenDRUCK Arena;8700469;10001;7768;2;15;10;9;4;5;744;322;4994;€;-868.84;-749;0.0;0;0.0;0;0.0;0;18250.28;15733;0.0;0;0;1585421;;;;0;10;#C80020;#F8F8F8;#F8F8F8;True
8709077;FC Würzburger Kickers;Würzburger Kickers;Allemagne;771;;1907;False;1;8709077;4600;3. Liga;35010926;Akon Arena;880404;14500;1500;2;26;9;9;7;6;2588;1777;4238;€;255406.47;220178;0.0;0;0.0;0;0.0;0;45571.76;39286;0.0;0;0;4429963;;;;0;26;#E00000;#F8F8F8;#F8F8F8;True
8714658;FC Ingolstadt 04;Ingolstadt;Allemagne;771;;2004;False;1;8714658;5250;3. Liga;35010926;Audi Sportpark;29074562;15500;9621;2;18;12;10;7;7;5731;4000;15000;€;613135.38;528565;0.0;0;0.0;0;0.0;0;59939.52;51672;0.0;0;0;3765276;;;;0;14;#E00000;#707090;#080808;True
8800001;Tre Penne;Tre Penne;Saint-Marin;792;;1956;False;2;8800001;1300;Campionato Sammarinese;43032015;Montecchio;1301122;600;600;1;0;5;2;2;2;250;40;2500;€;24250.96;20906;0.0;0;0.0;0;0.0;0;0.0;0;0.0;0;0;0;;;;0;37;#2068B0;#F8F8F8;#F8F8F8;True
8826662;AD Isidro Metapán;Isidro Metapán;Salvador;370;;1950;False;1;8826662;4500;Première División du Salvador;87001116;Estadio Jorge Suárez Landaverde;8826663;10000;10000;1;0;9;11;14;14;950;700;5000;€;0.0;0;0.0;0;0.0;0;0.0;0;0.0;0;0.0;0;0;0;;;;0;1;#002080;#F8F000;#F8F000;True
11009767;Futboll Klub Kukësi;KF Kukësi;Albanie;752;;1930;False;1;11009767;3900;1ère Division albanaise;8351372;Kukës Arena;11021001;6322;6322;2;0;9;8;8;13;125;100;2500;€;0.0;0;0.0;0;0.0;0;0.0;0;0.0;0;0.0;0;0;0;;;;0;1;#0050B8;#0050B8;#F8F8F8;True
12008341;Real de Banjul Football Club;Real de Banjul;Gambie;20;;1986;False;2;12008341;2600;Première division de Gambie;13211633;Banjul Mini Stadium;13206163;3000;3000;2;0;10;10;11;15;250;100;6500;€;0.0;0;0.0;0;0.0;0;0.0;0;0.0;0;0.0;0;0;0;;;;0;15;#F8F8F8;#E00000;#E00000;True
12012639;Al-Ahly Benghazi Sports Cultural & Social Club;Ahly Benghazi;Libye;28;;1947;False;1;12012639;4500;Premier League de Libye;13208974;March 28 Stadium;23017836;41000;41000;1;4;11;9;9;8;15000;5000;55000;€;2091788.5;1803266;0.0;0;0.0;0;0.0;0;4373.2;3770;0.0;0;0;301197801;;;;0;1;#E00000;#F8F8F8;#F8F8F8;True
12015951;Gaborone United;Gaborone Utd;Botswana;8;;1967;False;1;12015951;2950;Première division du Botswana;13211659;BPSC Stadium;12015945;2000;2000;1;0;7;7;7;15;250;100;7375;€;2.32;2;0.0;0;0.0;0;0.0;0;0.0;0;0.0;0;0;0;;;;0;10;#E00000;#F8F8F8;#080808;True
12020022;FC Nouadhibou;FC Nouadhibou;Mauritanie;32;;1999;False;1;12020022;3500;Super D1 de Mauritanie;13211655;Stade Municipal Nouadhibou;13207001;1000;0;1;0;12;7;6;5;250;100;8750;€;192251.43;165734;0.0;0;0.0;0;0.0;0;0.0;0;0.0;0;0;0;;;;0;10;#F08000;#0030A0;#0030A0;True
12081263;Association Sportive des Douanes (BFA);AS Douanes (BFA);Burkina Faso;9;;0;False;1;12081263;3650;Première division du Burkina Faso;13211662;Stade Issoufou Conombo;103028;15000;15000;1;0;8;5;6;7;250;100;9125;€;0.0;0;0.0;0;0.0;0;0.0;0;0.0;0;0.0;0;0;0;;;;0;18;#F8F000;#0050D0;#0050D0;True
13102248;US Gendarmerie Nationale;US GN;Niger;37;;1996;False;1;13102248;2750;Super Ligue du Niger;13211700;Stade du Général Seyni Kountché;105291;30000;30000;1;0;7;7;7;18;250;100;6875;€;0.0;0;0.0;0;0.0;0;0.0;0;0.0;0;0.0;0;0;0;;;;0;2;#0050D0;#F8F8F8;#F8F8F8;True
13102259;AS Douanes de Niamey;AS Douanes de Niamey;Niger;37;;2001;False;1;13102259;2600;Super Ligue du Niger;13211700;Stade Municipal de Niamey;23017799;5000;5000;1;0;7;7;7;16;250;100;6500;€;0.0;0;0.0;0;0.0;0;0.0;0;0.0;0;0.0;0;0;0;;;;0;25;#F8F8F8;#50B8E8;#50B8E8;True
13103519;Stade Centrafricain Tocages;SCAF Tocages;République centrafricaine;13;;1960;False;2;13103519;1750;Première division de la République centrafricaine;13211671;Stade Barthélemy Boganda;103032;20000;20000;1;0;4;4;4;15;250;100;4375;€;0.0;0;0.0;0;0.0;0;0.0;0;0.0;0;0.0;0;0;0;;;;0;5;#008030;#F87000;#008030;True
13104399;Club Deportivo Atlético Unidad;Deportivo Unidad;Guinée Équatoriale;17;;0;False;1;13104399;2800;Première division insulaire;13221306;Estadio de Malabo;12010509;15250;15250;1;0;4;4;4;5;250;100;7000;€;0.0;0;0.0;0;0.0;0;0.0;0;0.0;0;0.0;0;0;0;;;;0;9;#60C0F8;#880828;#880828;True
13106706;Football Club San Pédro;FC San Pédro;Côte d'Ivoire;24;;2004;False;1;13106706;4250;Première division de Côte d'Ivoire;13109926;Stade Laurent Pokou;31041487;20000;20000;1;0;8;6;7;10;250;100;10625;€;0.0;0;0.0;0;0.0;0;0.0;0;0.0;0;0.0;0;0;0;;;;0;25;#F88000;#080808;#080808;True
13107102;Volcan Club Moroni;Volcan Club;Comores;919586;;1971;False;2;13107102;1250;Premier League des Comores - Ngazidja;2000120721;Stade de Moroni;151952;3000;3000;1;0;3;1;1;2;250;100;3125;€;0.0;0;0.0;0;0.0;0;0.0;0;0.0;0;0.0;0;0;0;;;;0;29;#50B850;#005828;#008030;True
13116986;Diplomates du 8ème Arrondissement;DFC 8;République centrafricaine;13;;1987;False;2;13116986;1750;Première division de la République centrafricaine;13211671;Stade Barthélemy Boganda;103032;20000;20000;1;0;4;3;3;10;250;100;4375;€;0.0;0;0.0;0;0.0;0;0.0;0;0.0;0;0.0;0;0;0;;;;0;0;#F8F000;#080808;#F8F000;True
13128480;Clube Sportivo Mindelense;CS Mindelense;Îles du Cap-Vert;12;;1919;False;2;13128480;2000;Première division de São Vicente;13212479;Estádio Municipal Adérito Sena;23017914;5000;5000;1;0;5;5;5;10;250;100;5000;€;0.0;0;0.0;0;0.0;0;0.0;0;0.0;0;0.0;0;0;0;;;;0;1;#E00000;#F8F8F8;#F8F8F8;True
13130400;Vipers Sports Club;Vipers SC;Ouganda;52;;1942;False;1;13130400;3600;Premier League d'Ouganda;39037297;St. Mary's Stadium (Kitende);2000000804;2000;2000;1;0;7;6;5;8;250;100;9000;€;0.0;0;0.0;0;0.0;0;0.0;0;0.0;0;0.0;0;0;0;;;;0;1;#E00000;#F8F8F8;#E00000;True
13158460;Jwaneng Galaxy FC;Jwaneng Galaxy;Botswana;8;;2014;False;1;13158460;2950;Première division du Botswana;13211659;Jwaneng Stadium;13105206;2000;0;1;0;8;7;7;8;250;100;7375;€;2.32;2;0.0;0;0.0;0;0.0;0;0.0;0;0.0;0;0;0;;;;0;25;#F8F8F8;#E00000;#080808;True
13159558;Boavista Futebol Clube da Praia;Boavista da Praia;Îles du Cap-Vert;12;;1939;False;2;13159558;1900;Première division de Santiago (Sud);13212435;Estádio Municipal Luís da Silva Bastos;103031;8000;8000;1;0;2;1;1;2;250;100;4750;€;0.0;0;0.0;0;0.0;0;0.0;0;0.0;0;0.0;0;0;0;;;;0;7;#080808;#F8F8F8;#F8F8F8;True
13160633;FC Tevragh Zeïna;FC Tevragh Zeïna;Mauritanie;32;;2005;False;1;13160633;3250;Super D1 de Mauritanie;13211655;Stade Olympique de Nouakchott;103083;20000;20000;1;0;5;3;6;4;250;100;8125;€;195600.35;168621;0.0;0;0.0;0;0.0;0;0.0;0;0.0;0;0;0;;;;0;48;#F8F8F8;#080808;#080808;True
13187232;Fasil Kenema;Fasil;Éthiopie;18;;1968;False;1;13187232;3350;Première division d'Éthiopie;13211690;Fasiledes Stadium;13206168;2000;0;1;0;8;8;7;12;6000;2000;30000;€;0.0;0;0.0;0;0.0;0;0.0;0;0.0;0;0.0;0;0;0;;;;0;8;#F8F8F8;#E00000;#E00000;True
13190761;Remo Stars F.C.;Remo Stars;Nigeria;38;;2010;True;1;13190761;4600;Premier League du Nigéria;12016011;MKO Abiola Stadium;12026354;35000;35000;2;0;15;15;17;19;6000;3000;25000;€;452372.15;389976;0.0;0;0.0;0;0.0;0;0.0;0;0.0;0;100;0;;;;0;10;#58C0F8;#0058A8;#0058A8;True
13191467;AS Otôho d'Oyo;AS Otôho;Congo;49;;0;False;1;13191467;3500;Championnat national du Congo;13191378;Complexe Omnisports d’Oyo;13206133;1629;0;1;0;8;8;8;18;250;100;8750;€;254246.47;219178;0.0;0;0.0;0;0.0;0;0.0;0;0.0;0;0;0;;;;0;25;#0030A0;#F8F000;#0030A0;True
13197362;ASC Kara;ASC Kara;Togo;50;;0;False;1;13197362;3000;Première division du Togo;13211727;Stade Municipal de Kara;23017722;2000;2000;1;0;7;4;4;6;250;100;7500;€;0.0;0;0.0;0;0.0;0;0.0;0;0.0;0;0.0;0;0;0;;;;0;14;#0050D0;#F8F8F8;#F8F8F8;True
13203956;Cano Sport Academy;Cano Sport;Guinée Équatoriale;17;;0;False;1;13203956;3150;Première division insulaire;13221306;Estadio La Paz;103038;2000;0;1;0;5;5;5;6;250;100;7875;€;0.0;0;0.0;0;0.0;0;0.0;0;0.0;0;0.0;0;0;0;;;;0;1;#F8F8F8;#080808;#F8F8F8;True
13221124;Mogadishu City Club;Mogadishu City Club;Somalie;44;;1963;False;1;13221124;2100;Première division de Somalie;13211715;Mogadishu Stadium;103095;35000;35000;1;0;5;5;7;8;250;100;5250;€;6502.96;5606;0.0;0;0.0;0;0.0;0;0.0;0;0.0;0;0;0;;;;0;25;#0050D0;#E00000;#E00000;True
14018428;Club Central Córdoba de Santiago del Estero;Central Córdoba (SdE);Argentine;1649;;1919;False;1;14018428;5750;1ère Division argentine;102421;Estadio Único Madre de Ciudades;2000017707;30000;30000;3;1;12;9;9;10;11000;3000;18000;€;3754528.97;3236663;0.0;0;0.0;0;0.0;0;1976.64;1704;0.0;0;0;1968971;;;;0;56;#080808;#F8F8F8;#F8F8F8;True
15035999;Western Sydney Wanderers Football Club;Western Sydney Wanderers;Australie;1435;;2012;False;1;15035999;5500;Isuzu UTE A-League;129985;Commbank Stadium;123000;30000;30000;2;1;16;16;10;20;9150;5500;25000;€;334758.59;288585;0.0;0;0.0;0;0.0;0;669.32;577;0.0;0;0;184736;;;;0;49;#181818;#C81828;#C81828;True
15051934;Melbourne City FC;Melbourne City;Australie;1435;;2009;False;1;15051934;5500;Isuzu UTE A-League;129985;AAMI Park;15016745;30050;30050;2;3;18;18;14;16;8150;5500;22000;€;442987.75;381886;0.0;0;0.0;0;0.0;0;6299.96;5431;0.0;0;0;1619235;;;;0;1;#68A8D8;#68A8D8;#F8F8F8;True
15086550;Macarthur Football Club;Macarthur FC;Australie;1435;;2018;False;1;15086550;4900;Isuzu UTE A-League;129985;Campbelltown Stadium;426510;20000;13028;2;1;12;9;13;15;3500;2500;5000;€;0.0;0;0.0;0;0.0;0;0.0;0;1571.8;1355;0.0;0;0;481784;;;;0;48;#080808;#F8F8F8;#F8F8F8;True
16034828;RZ Pellets Wolfsberger AC;Wolfsberger AC;Autriche;755;;1931;False;1;16034828;6400;Première Ligue autrichienne;136543;Lavanttal-Arena;16042424;7300;3500;2;10;14;12;12;15;3366;2243;4700;€;1445329.8;1245974;0.0;0;0.0;0;0.0;0;45673.84;39374;0.0;0;0;12524457;;;;0;1;#F8F8F8;#E00000;#F8F8F8;True
16324690;Wattener SG Tirol;WSG Tirol;Autriche;755;;2019;False;1;16324690;6100;Première Ligue autrichienne;136543;Tivoli Stadion Tirol;5603780;17400;17400;3;12;13;10;5;5;1806;950;3000;€;475064.07;409538;0.0;0;0.0;0;0.0;0;33215.44;28634;0.0;0;0;310348372;;;;0;7;#80C840;#009860;#009860;True
20017566;All Saints United F.C.;All Saints Utd;Antigua-et-Barbuda;359;;1996;False;2;20017566;2850;Première division d'Antigua-et-Barbuda;20017552;Antigua Recreation Ground;103151;12000;12000;1;0;3;3;3;18;250;100;7125;€;0.0;0;0.0;0;0.0;0;0.0;0;0.0;0;0.0;0;0;0;;;;0;36;#F880D0;#080808;#080808;True
20030048;Minnesota United FC;Minnesota Utd;États-Unis;390;;2015;False;1;20030048;6050;Major League Soccer;40;Allianz Field;72047537;19600;19600;1;10;14;12;10;9;19597;14000;38380;€;3505039.66;3021586;0.0;0;0.0;0;0.0;0;136513.44;117684;0.0;0;0;632170156;;;;0;1;#080808;#808080;#F8F8F8;True
20041327;FC Cincinnati;Cincinnati;États-Unis;390;;2015;False;1;20041327;6350;Major League Soccer;40;TQL Stadium;29219876;26000;25513;1;10;18;13;10;10;25265;22000;31581;€;12794899.39;11030086;0.0;0;0.0;0;0.0;0;185356.39;159790;0.0;0;0;43276680;;;;0;8;#0050B8;#F85000;#F85000;True
20046403;Nashville SC;Nashville;États-Unis;390;;2017;False;1;20046403;6050;Major League Soccer;40;GEODIS Park;2000002024;30000;30000;1;6;15;12;9;8;25619;20000;32023;€;6008637.43;5179860;0.0;0;0.0;0;0.0;0;202218.15;174326;0.0;0;0;614143152;;;;0;15;#E0E048;#283040;#283040;True
22003969;Ludogorets 1945 Razgrad;Ludogorets;Bulgarie;760;;1945;False;1;22003969;6500;Championnat Bulgare A;7500000;Ludogorets Arena;7500306;10471;10471;4;13;17;17;14;20;1900;250;7000;€;11391815.63;9820531;0.0;0;0.0;0;0.0;0;89150.64;76854;0.0;0;0;27785716;;;;0;1;#007028;#007028;#F8F8F8;True
22033833;Botev Plovdiv;Botev Plovdiv;Bulgarie;760;;1912;False;1;22033833;5450;Championnat Bulgare A;7500000;Hristo Botev;1300181;18777;18777;3;6;16;16;14;17;4000;2000;12000;€;242289.19;208870;0.0;0;0.0;0;0.0;0;11228.8;9680;0.0;0;0;301903892;;;;0;1;#080808;#F8F000;#F8F000;True
22069955;CSKA Sofia;CSKA Sofia;Bulgarie;760;;1948;False;1;22069955;6000;Championnat Bulgare A;7500000;Vasil Levski;102967;43358;43358;4;4;14;13;14;20;7000;3000;30000;€;6505768.17;5608421;0.0;0;0.0;0;0.0;0;18592.48;16028;0.0;0;0;4296067;;;;0;2;#C80030;#702028;#702028;True
23007333;Old Road F.C.;Old Road (ATG);Antigua-et-Barbuda;359;;0;False;2;23007333;2600;Première division d'Antigua-et-Barbuda;20017552;Antigua Recreation Ground;103151;12000;12000;1;0;5;5;5;19;250;100;6500;€;0.0;0;0.0;0;0.0;0;0.0;0;0.0;0;0.0;0;0;0;;;;0;1;#009878;#009878;#F8F8F8;True
23007346;SV Racing Club Aruba;RCA;Aruba;360;;1934;False;2;23007346;2500;Division di Honor d'Aruba;82061993;Guillermo Trinidad;103152;5500;5500;1;0;5;5;5;20;250;100;6250;€;0.0;0;0.0;0;0.0;0;0.0;0;0.0;0;0.0;0;0;0;;;;0;41;#F84090;#F8F8F8;#800040;True
23007348;SV Dakota;Dakota;Aruba;360;;1947;False;2;23007348;2350;Division di Honor d'Aruba;82061993;Guillermo Trinidad;103152;5500;5500;1;0;5;4;4;18;250;100;5875;€;0.0;0;0.0;0;0.0;0;0.0;0;0.0;0;0.0;0;0;0;;;;0;1;#F8D000;#080808;#080808;True
23007349;SV Deportivo Nacional;Nacional (ARU);Aruba;360;;1970;False;2;23007349;2150;Division di Honor d'Aruba;82061993;Guillermo Trinidad;103152;5500;5500;1;0;4;4;4;18;250;100;5375;€;0.0;0;0.0;0;0.0;0;0.0;0;0.0;0;0.0;0;0;0;;;;0;41;#E00000;#008030;#F8F8F8;True
23007389;Scholars International;Scholars;Îles Caïmans;365;;1978;False;3;23007389;2000;Ligue des Îles Caïmans;45082434;Ed Bush Stadium;23017991;1500;1300;2;0;4;4;4;16;250;100;5000;€;0.0;0;0.0;0;0.0;0;0.0;0;0.0;0;0.0;0;0;0;;;;0;2;#F8D000;#0030A0;#F8D000;True
23007420;Paradise FC International;Paradise (GRN);Grenade;371;;1998;False;2;23007420;2300;Première division de Grenade;82061799;Victoria Park;82061807;800;0;1;0;5;5;5;18;250;100;5750;€;0.0;0;0.0;0;0.0;0;0.0;0;0.0;0;0.0;0;0;0;;;;0;9;#600060;#F8F8F8;#F8F8F8;True
23007448;Royal Montserrat Police Force;Police (MSR);Montserrat;129520;;1975;False;3;23007448;750;Championnat de Montserrat;82062881;Blakes Estate;129522;1000;1000;1;0;3;3;3;20;250;100;2500;€;0.0;0;0.0;0;0.0;0;0.0;0;0.0;0;0.0;0;0;0;;;;0;1;#B00000;#F8F8F8;#F8F8F8;True
23026238;Wings FC;Wings FC;Guam;129508;;0;False;3;23026238;750;1ère Division du Guam;5632916;GFA National Training Center, UA-1;1019949;3000;0;1;0;1;1;1;1;250;100;2500;€;0.0;0;0.0;0;0.0;0;0.0;0;0.0;0;0.0;0;0;0;;;;0;25;#D00000;#F8F8F8;#F8F8F8;True
23070741;Dekedaha;Dekedaha;Somalie;44;;1973;False;1;23070741;2100;Première division de Somalie;13211715;Mogadishu Stadium;103095;35000;35000;1;0;8;6;9;9;250;100;5250;€;7803.32;6727;0.0;0;0.0;0;0.0;0;0.0;0;0.0;0;0;0;;;;0;2;#60C0F8;#F8F8F8;#008030;True
23070747;Forces Armées de Nouvelle-Calédonie;FANC;Îles Wallis-et-Futuna;918745;;0;False;3;23070747;100;;;;;;;1;0;1;1;-1;-1;250;100;2500;€;0.0;0;0.0;0;0.0;0;0.0;0;0.0;0;0.0;0;0;0;;;;0;;;;;False
23084454;Phnom Penh Crown;Phnom Penh Crown;Cambodge;118;;2001;False;1;23084454;1950;Premier League du Cambodge;23084471;RSN;23390461;5000;5000;1;2;3;2;2;4;1200;100;2500;€;0.0;0;0.0;0;0.0;0;0.0;0;2112.36;1821;0.0;0;0;91212;;;;0;1;#C80000;#F8F000;#F8F000;True
23090457;Nauti FC;Nauti;Tuvalu;23088616;;1980;False;3;23090457;1200;Division A des Tuvalu;23209377;Tuvalu Sports Ground;23088618;1500;0;3;0;1;1;1;1;250;100;3000;€;0.0;0;0.0;0;0.0;0;0.0;0;0.0;0;0.0;0;0;0;;;;0;3;#F8F8F8;#E00000;#F8F8F8;True
23090923;Yadanarbon FC;Yadanarbon;Birmanie;127;;2009;False;1;23090923;3000;Ligue nationale du Myanmar;23090922;Yangon United Sports Complex;23295797;3500;3500;1;0;6;3;3;5;6000;100;7500;€;0.0;0;0.0;0;0.0;0;0.0;0;0.0;0;0.0;0;0;0;;;;0;2;#0050D0;#F8F8F8;#0050D0;True
23090927;Yangon United;Yangon Utd;Birmanie;127;;2009;False;1;23090927;3050;Ligue nationale du Myanmar;23090922;Yangon United Sports Complex;23295797;3500;3500;1;0;6;3;3;7;3000;100;3750;€;0.0;0;0.0;0;0.0;0;0.0;0;0.0;0;0.0;0;0;0;;;;0;5;#20C8C8;#002060;#002060;True
23098912;Ezra Football Club;Ezra FC;Laos;122;;0;False;2;23098912;1300;Ligue du Laos;5634246;New Laos National Stadium;23103788;20000;20000;1;0;3;3;2;3;100;100;2500;€;0.0;0;0.0;0;0.0;0;0.0;0;0.0;0;0.0;0;0;0;;;;0;1;#E00000;#080808;#F8F8F8;True
23159678;Colombo FC;Colombo FC;Sri Lanka;136;;2008;False;2;23159678;1750;Première Division du Sri Lanka;5633779;Sugathadasa Stadium;103266;25000;25000;1;0;3;3;3;14;250;100;4375;€;0.0;0;0.0;0;0.0;0;0.0;0;0.0;0;0.0;0;0;0;;;;0;1;#F8F000;#080808;#080808;True
23161450;NAPA Rovers Football Club;NAPA Rovers FC;Guam;129508;;2008;False;3;23161450;750;Division inférieure de Guam;23194524;University of Guam Soccer Field;5632866;1000;0;2;0;1;1;1;1;100;100;2500;€;0.0;0;0.0;0;0.0;0;0.0;0;0.0;0;0.0;0;0;0;;;;0;9;#F8F8F8;#F8D000;#F8D000;True
23162460;Betio Town Council;BTC;Kiribati;209002;;0;False;3;23162460;350;Championnat national des Kiribati;23209366;Bairiki National Stadium;209015;2500;0;1;0;2;1;1;1;250;100;2500;€;0.0;0;0.0;0;0.0;0;0.0;0;0.0;0;0.0;0;0;0;;;;0;;;;;False
23177015;Buriram United;Buriram Utd;Thaïlande;140;;1970;False;1;23177015;5500;Ligue 1 de Thaïlande;5624920;Chang Arena;23176968;32600;32600;1;6;13;14;12;19;15893;13477;28051;€;10823682.45;9330761;0.0;0;0.0;0;0.0;0;64649.12;55732;0.0;0;0;2488752;;;;0;1;#002060;#F8F8F8;#002060;True
23184326;Boeung Ket Angkor FC;Boeung Ket;Cambodge;118;;2012;False;1;23184326;2100;Premier League du Cambodge;23084471;Cambodia Airways Stadium;23390460;2138;2138;1;1;3;2;2;5;1200;100;2500;€;0.0;0;0.0;0;0.0;0;0.0;0;708.76;611;0.0;0;0;23672;;;;0;2;#002080;#0030A0;#00F0F0;True
23184346;Maiwand FC Helmand;Maiwand FC;Afghanistan;106;;2003;False;2;23184346;850;Division inférieure afghane;23151830;Afghanistan Football Federation Stadium;23191534;5000;5000;1;0;1;1;2;5;3000;100;3750;€;0.0;0;0.0;0;0.0;0;0.0;0;0.0;0;0.0;0;0;0;;;;0;12;#F8F8F8;#28A858;#28A858;True
23191450;AS Miquelonnaise;ASM;Saint-Pierre-et-Miquelon;918748;;0;False;3;23191450;1;;;;;;;1;0;3;2;1;1;250;100;2500;€;0.0;0;0.0;0;0.0;0;0.0;0;0.0;0;0.0;0;0;0;;;;0;;;;;False
23191452;AS Ilienne Amateur;ASIA;Saint-Pierre-et-Miquelon;918748;;0;False;3;23191452;100;;;Stade John Girardin;8446700;1000;500;1;0;2;1;1;1;250;100;2500;€;0.0;0;0.0;0;0.0;0;0.0;0;0.0;0;0.0;0;0;0;;;;0;0;#008030;#F8F000;#F8F000;True
23191453;AS Saint-Pierre;ASSP;Saint-Pierre-et-Miquelon;918748;;0;False;3;23191453;50;;;;;;;1;0;1;1;1;1;250;100;2500;€;0.0;0;0.0;0;0.0;0;0.0;0;0.0;0;0.0;0;0;0;;;;0;;;;;False
23195015;Johor Darul Ta'zim FC;Johor DT;Malaisie;125;;2012;True;1;23195015;4050;Super League de Malaisie;5624536;Sultan Ibrahim;2000064113;40000;40000;4;12;12;6;6;18;14095;6664;21365;€;20617839.41;17774000;0.0;0;0.0;0;36563.2;31520;29781.84;25674;0.0;0;100;306314656;;;;0;56;#002060;#D00000;#D00000;True
23209414;Pago Youth;Pago Youth;Samoa américaines;129504;;0;False;3;23209414;1000;Championnat des Iles Samoa Américaines;8459333;Pago Park Soccer Stadium, Pitch 1;23210843;1000;100;1;0;1;1;1;1;250;100;2500;€;0.0;0;0.0;0;0.0;0;0.0;0;0.0;0;0.0;0;0;0;;;;0;49;#E8E010;#000000;#000000;True
23209629;Hienghène Sport;Hienghène Sport;Nouvelle-Calédonie;129532;;1997;False;2;23209629;3000;Championnat Super Ligue de Nouvelle-Calédonie;8457145;Stade de Hienghène;2000117162;1600;0;1;1;6;6;7;7;250;100;7500;€;0.0;0;0.0;0;0.0;0;0.0;0;19.72;17;0.0;0;0;0;;;;0;11;#002060;#88D0F0;#88D0F0;True
23209759;Henderson Eels;Henderson Eels;Îles Salomon;1440;;2010;False;2;23209759;3000;Division inférieure des Îles Salomon;23209374;Lawson Tama Stadium;103188;30000;30000;2;0;8;8;8;8;250;100;7500;€;0.0;0;0.0;0;0.0;0;0.0;0;0.0;0;0.0;0;0;0;;;;0;50;#50E068;#080808;#080808;True
23220651;Thimphu City;Thimphu City;Bhoutan;131012;;2013;False;2;23220651;1150;Ligue nationale du Bhoutan;23210915;Changlimithang;5626853;25000;25000;1;0;1;1;1;2;250;100;2875;€;0.0;0;0.0;0;0.0;0;0.0;0;0.0;0;0.0;0;0;0;;;;0;1;#E00000;#E00000;#E00000;True
23292170;Shanghai Port;SH Port;Chine;110;;2005;False;1;23292170;5850;Super League chinoise;130931;Pudong Football Stadium;23448655;33765;33765;3;4;11;8;5;10;14845;10125;22639;€;282013.39;243115;0.0;0;0.0;0;0.0;0;41374.88;35668;0.0;0;0;306077466;;;;0;37;#C80020;#A01830;#C80020;True
23298078;Young Elephant Football Club;Young Elephant;Laos;122;;2015;False;2;23298078;1500;Ligue du Laos;5634246;New Laos National Stadium;23103788;20000;20000;2;0;2;4;5;5;200;100;2500;€;0.0;0;0.0;0;0.0;0;0.0;0;0.0;0;0.0;0;0;0;;;;0;1;#F8F000;#080808;#080808;True
23387294;SC Gjilani;Gjilani;Kosovo;217945;;1945;False;1;23387294;2400;Superleague du Kosovo;89056580;Gjilan City Stadium;30033513;9500;9500;1;1;6;3;5;5;250;100;6000;€;0.0;0;0.0;0;0.0;0;0.0;0;916.4;790;0.0;0;0;80530;;;;0;1;#E00000;#F8F8F8;#F8F8F8;True
23396191;Karketu Dili Futebol Clube;Karketu;Timor Oriental;5626837;;2015;False;2;23396191;1300;Prem. Div. De Ligue de Football du Timor Oriental;23396186;Estádio Municipal de Díli;23162638;9000;9000;1;1;1;1;1;5;2500;100;3125;€;0.0;0;0.0;0;0.0;0;0.0;0;168.2;145;0.0;0;0;0;;;;0;7;#00A030;#F8F8F8;#00A030;True
23404990;Al-Duhail Sports Club;Al-Duhail;Qatar;132;;2009;True;1;23404990;5600;Stars League du Qatar;5632126;Abdullah bin Khalifa Stadium;23228061;10221;10221;2;18;10;8;6;10;794;500;5000;€;80218297.81;69153707;0.0;0;0.0;0;1439278.08;1240757;1247934.92;1075806;0.0;0;100;998462938;;;;0;1;#F82820;#98A8B0;#F8F8F8;True
23416836;Ryomyong Sports Group;Ryomyong;Corée du Nord;129;;0;False;2;23416836;3150;Premier League de RPD de Corée;23100525;East Pyongyang Stadium;23446897;30000;30000;1;0;5;3;3;5;2500;100;3125;€;0.0;0;0.0;0;0.0;0;0.0;0;0.0;0;0.0;0;0;0;;;;0;10;#E00000;#F8F8F8;#F8F8F8;True
23418694;Shabab Al-Ahli Dubai FC;Shabab Al-Ahli;Émirats arabes unis;143;;1958;True;1;23418694;6000;ADNOC Pro League;7880000;Rashid Stadium;23159069;8500;8500;3;5;14;12;9;19;3174;512;9500;€;50134995.56;43219825;0.0;0;0.0;0;216319.11;186482;185987.43;160334;0.0;0;100;628549795;;;;0;12;#B82828;#A82020;#B82828;True
23430850;Bashundhara Kings;Bashundhara Kings;Bangladesh;108;;2016;False;1;23430850;2100;Championnat professionnel du Bangladesh;5630062;Bashundhara Kings Arena;1000205;14000;14000;1;0;2;2;2;5;250;100;5250;€;0.0;0;0.0;0;0.0;0;0.0;0;0.0;0;0.0;0;0;0;;;;0;25;#D06008;#F8D000;#F8D000;True
23455570;Boavista Futebol Clube Timor Leste;Boavista (TLS);Timor Oriental;5626837;;1986;False;2;23455570;1500;;;Estádio Municipal de Díli;23162638;9000;9000;1;0;1;1;1;5;2000;100;2500;€;0.0;0;0.0;0;0.0;0;0.0;0;0.0;0;0.0;0;0;0;;;;0;7;#080808;#F8F8F8;#F8F8F8;True
23462721;Winners & Pacific Eco;Winners & Pacific Eco;Îles Mariannes du Nord;23008660;;0;False;3;23462721;1450;Ligue des Îles Mariannes du Nord;23090919;NMI Soccer Training Center;2000354099;1000;0;1;0;3;1;1;1;100;100;2500;€;0.0;0;0.0;0;0.0;0;0.0;0;0.0;0;0.0;0;0;0;;;;0;55;#F8F8F8;#E00000;#F8F8F8;True
23485682;BG Pathum United;BG Pathum Utd;Thaïlande;140;;2006;False;1;23485682;5400;Ligue 1 de Thaïlande;5624920;True BG Stadium;23081899;15114;15114;1;4;13;14;11;18;8548;6165;13094;€;10248733.11;8835115;0.0;0;0.0;0;0.0;0;18454.44;15909;0.0;0;0;573215;;;;0;3;#F8F8F8;#0050D0;#0050D0;True
23501219;Lion City Sailors FC;LC Sailors;Singapour;134;;2020;False;1;23501219;3500;Championnat de Singapour;5395850;Bishan Stadium;116307;6254;6254;2;4;8;4;4;13;1381;682;2500;€;1099987.37;948265;0.0;0;0.0;0;0.0;0;18435.88;15893;0.0;0;0;1950179;;;;0;1;#F8F8F8;#0078F8;#F8F8F8;True
23502107;Kitchee Sports Club;Kitchee;Hong Kong (RP de Chine);111;;0;False;2;23502107;3450;Première division du championnat féminin de Hong Kong;2000338501;Tsing Yi Northeast Park Artificial Turf Pitch;23199607;800;200;1;0;4;3;3;17;100;100;2500;€;0.0;0;0.0;0;0.0;0;0.0;0;0.0;0;0.0;0;0;0;;;;0;8;#002060;#D81058;#002060;True
23502161;Tan Siu Lin Football Foundation Football Club;TSL FC;Hong Kong (RP de Chine);111;;0;False;2;23502161;3350;Première division du championnat féminin de Hong Kong;2000338501;Tsing Yi Northeast Park Artificial Turf Pitch;23199607;800;200;1;0;2;3;3;18;100;100;2500;€;0.0;0;0.0;0;0.0;0;0.0;0;0.0;0;0.0;0;0;0;;;;0;1;#082040;#F8F8F8;#082040;True
26031118;Pafos FC;Pafos;Chypre;762;;2014;False;1;26031118;5550;Division A chypriote;692430;Stelios Kyriakidis;1300267;9394;9394;1;8;15;10;8;8;2000;1000;3000;€;6020899.79;5190431;0.0;0;0.0;0;0.0;0;37004.0;31900;0.0;0;0;308452151;;;;0;10;#90E0F0;#60C0F8;#90E0F0;True
31000336;Paide Linnameeskond;Paide LM;Estonie;766;;1990;False;2;31000336;3050;Première Ligue d'Estonie;7681558;Paide linnastaadion;31001094;500;500;3;0;8;5;6;6;309;158;2500;€;0.0;0;0.0;0;0.0;0;0.0;0;0.0;0;0.0;0;0;0;;;;0;33;#002060;#E00000;#E00000;True
33007394;Seinäjoen Jalkapallokerho;SJK;Finlande;768;;2007;False;1;33007394;4900;Première Ligue finlandaise;129120;Seinäjoen jalkapallostadion;33066518;5817;5817;3;2;15;13;11;12;2200;1500;6500;€;289174.07;249288;0.0;0;0.0;0;0.0;0;615.96;531;0.0;0;0;279650;;;;0;12;#080808;#D8B028;#080808;True
34002820;Société Sportive La Jeanne d'Arc;Jeanne d'Arc (Reunion);La Réunion;917510;;1927;False;2;34002820;1400;Régional 1 de la Réunion;49039425;Stade Georges Lambrakis;34002838;2000;0;1;0;7;4;9;9;500;100;2500;€;0.0;0;0.0;0;0.0;0;0.0;0;0.0;0;0.0;0;0;0;;;;0;10;#7868C0;#F8F8F8;#F8F8F8;True
34003166;Dinan Léhon Football Club;Dinan Léhon FC;France;769;;2003;False;2;34003166;3250;National 2 - Groupe A;19;Stade du Clos Gastel;2000003847;2000;600;3;29;3;3;4;4;782;100;2500;€;2.32;2;0.0;0;0.0;0;0.0;0;11695.12;10082;0.0;0;0;845934;;;;0;16;#002080;#F8F000;#F8F000;True
34003188;Association Sportive Furiani-Agliani;Furiani-Agliani;France;769;;1987;False;2;34003188;3250;National 2 - Groupe B;914522;Stade d'Erbajolo;34001515;2000;700;3;25;4;2;3;3;500;100;2500;€;0.0;0;0.0;0;0.0;0;0.0;0;13358.56;11516;0.0;0;0;714201;;;;0;17;#080808;#E00000;#F8C030;True
36077318;AE Kifisias;Kifisia;Grèce;772;;2012;False;1;36077318;5100;1ère Division grecque;129650;Municipal Ground of Nikaia;1300549;4999;4999;2;8;6;7;8;7;1430;50;25000;€;380805.95;328281;0.0;0;0.0;0;0.0;0;17692.32;15252;0.0;0;0;6021708;;;;0;49;#002080;#0030A0;#008030;True
36136195;NPS Volos;Volos;Grèce;772;;2017;False;1;36136195;5150;1ère Division grecque;129650;Panthessaliko;687596;22189;22189;2;5;9;6;9;6;1300;30;2500;€;189816.59;163635;0.0;0;0.0;0;0.0;0;10556.0;9100;0.0;0;0;8172124;;;;0;5;#E00000;#0030A0;#E00000;True
36500002;St Joseph's FC;St Joseph's (GIB);Gibraltar;214394;;1912;False;2;36500002;2750;Gibraltar Football League;36532636;Victoria Stadium;214403;2226;2226;3;7;8;3;3;3;100;50;2500;€;0.0;0;0.0;0;0.0;0;0.0;0;1566.0;1350;0.0;0;0;0;;;;0;11;#003098;#F8F8F8;#F8F8F8;True
36500004;Lincoln Red Imps FC;Lincoln (GIB);Gibraltar;214394;;1976;False;1;36500004;3250;Gibraltar Football League;36532636;Victoria Stadium;214403;2226;2226;3;13;10;8;12;20;200;100;2500;€;0.0;0;0.0;0;0.0;0;0.0;0;2935.96;2531;0.0;0;0;0;;;;0;48;#080808;#E00000;#080808;True
36500008;Lions Gibraltar FC;Lions;Gibraltar;214394;;1966;False;2;36500008;1500;Gibraltar Football League;36532636;Victoria Stadium;214403;2226;2226;3;0;8;2;2;5;100;50;2500;€;0.0;0;0.0;0;0.0;0;0.0;0;0.0;0;0.0;0;0;0;;;;0;1;#F84000;#F84000;#F8F8F8;True
36500009;Europa FC;Europa FC;Gibraltar;214394;;1925;False;1;36500009;2000;Gibraltar Football League;36532636;Victoria Stadium;214403;2226;2226;3;5;8;5;5;5;100;50;2500;€;0.0;0;0.0;0;0.0;0;0.0;0;1620.52;1397;0.0;0;0;0;;;;0;11;#000000;#187858;#000000;True
36510163;Mons Calpe SC;Mons Calpe;Gibraltar;214394;;2013;False;2;36510163;1750;Gibraltar Football League;36532636;Victoria Stadium;214403;2226;2226;3;1;5;3;3;3;100;20;2500;€;0.0;0;0.0;0;0.0;0;0.0;0;5.8;5;0.0;0;0;0;;;;0;37;#080808;#C80000;#080808;True
37087229;AFC Ajax;Ajax;Pays-Bas;784;;2012;False;1;37087229;6650;Première division féminine des Pays-Bas;2000180030;Sportcomplex de Toekomst;37000164;2100;2000;1;0;1;6;6;13;250;100;16625;€;0.0;0;0.0;0;0.0;0;0.0;0;0.0;0;0.0;0;0;0;;;;0;9;#F8F8F8;#C81018;#C81018;True
37087233;PSV Eindhoven;PSV;Pays-Bas;784;;2012;False;1;37087233;6150;Première division féminine des Pays-Bas;2000180030;PSV Campus De Herdgang;37053360;2500;2500;1;0;3;6;6;13;250;100;15375;€;65161.84;56174;0.0;0;0.0;0;0.0;0;0.0;0;0.0;0;0;0;;;;0;48;#E02018;#F8F8F8;#080808;True
37087234;FC Twente;FC Twente;Pays-Bas;784;;2007;False;1;37087234;6750;Première division féminine des Pays-Bas;2000180030;Het Diekman;15015870;3000;1400;1;0;1;6;6;11;250;100;16875;€;0.0;0;0.0;0;0.0;0;0.0;0;0.0;0;0.0;0;0;0;;;;0;2;#E00010;#C80810;#F8F8F8;True
38032696;Puskás Akadémia FC;Puskás Akadémia;Hongrie;773;;2005;False;1;38032696;5750;Division I hongroise;7520391;Pancho Aréna;38037285;3816;3816;3;2;13;14;12;18;1700;400;3000;€;3569659.78;3077293;0.0;0;0.0;0;0.0;0;7738.36;6671;0.0;0;0;666402;;;;0;27;#F8F8F8;#202048;#202048;True
40026576;ATK Mohun Bagan FC;ATK Mohun Bagan;Inde;112;;2020;True;1;40026576;4250;Division nationale d'Inde;40026565;Salt Lake Stadium;103240;85000;85000;3;2;7;6;7;11;33859;18500;48000;€;3576095.46;3082841;0.0;0;0.0;0;9564.2;8245;7727.92;6662;0.0;0;100;327198;;;;0;5;#004028;#882030;#F8F8F8;True
41021352;Borneo FC Samarinda;Borneo FC;Indonésie;113;;2014;False;1;41021352;4150;Super League d'Indonésie;41004312;Segiri;135483;20000;18000;3;2;2;8;9;9;3171;2133;10329;€;1848244.19;1593314;0.0;0;0.0;0;0.0;0;1158.84;999;0.0;0;0;300077870;;;;0;9;#E08000;#A01030;#A01030;True
43007150;Pineto Calcio;Pineto;Italie;776;;1962;False;1;43007150;3800;Série C/B italienne;43127173;Mimmo Pavone e Alessandro Mariani;43007148;1500;1500;3;20;5;6;5;5;450;330;2500;€;1345609.24;1160008;0.0;0;0.0;0;0.0;0;24252.12;20907;0.0;0;0;3743959;;;;0;12;#2070D8;#F8F8F8;#F8F8F8;True
43018336;S.S. Audace Cerignola;Cerignola;Italie;776;;1912;False;1;43018336;3950;Série C/C italienne;43127174;Domenico Monterisi;43018309;4462;4462;3;22;7;6;6;6;1800;1300;2800;€;1332197.32;1148446;0.0;0;0.0;0;0.0;0;20153.84;17374;0.0;0;0;3634663;;;;0;56;#F8E010;#0050B8;#0050B8;True
43036943;Virtus Entella;Virtus Entella;Italie;776;;1914;False;1;43036943;5300;Serie BKT;33;Comunale (Chiavari);43036924;5535;5535;3;44;10;10;10;11;2037;1521;3900;€;3178591.31;2740165;0.0;0;0.0;0;0.0;0;94745.32;81677;0.0;0;0;1216967046;;;;0;3;#F8F8F8;#70A8C8;#F8F8F8;True
43065074;A.Z. Picerno;Picerno;Italie;776;;1973;False;1;43065074;4050;Série C/C italienne;43127174;Donato Curcio;43064964;1600;1600;3;24;7;6;6;7;760;450;2500;€;1323403.36;1140865;0.0;0;0.0;0;0.0;0;19231.64;16579;0.0;0;0;302672894;;;;0;48;#182050;#C80000;#182050;True
43076616;U.S. Pianese;Pianese;Italie;776;;1930;False;1;43076616;3750;Série C/B italienne;43127173;Comunale (Piancastagnaio);43076439;1535;1535;3;18;5;5;5;5;41;17;2500;€;1350139.04;1163913;0.0;0;0.0;0;0.0;0;17447.56;15041;0.0;0;0;302122539;;;;0;19;#182020;#505860;#505860;True
43106513;Alcione Milano S.S.;Alcione;Italie;776;;1952;False;1;43106513;3750;Série C/A italienne;43127172;Ernesto Breda;1246;3523;3523;3;19;6;8;10;11;140;34;2500;€;1350139.04;1163913;0.0;0;0.0;0;0.0;0;23846.12;20557;0.0;0;0;302926683;;;;0;25;#F86038;#F8F8F8;#F86038;True
43124315;U.S. Pergolettese 1932;Pergolettese;Italie;776;;1932;False;1;43124315;4000;Série C/A italienne;43127172;Giuseppe Voltini;1190;3279;3279;3;18;5;5;6;8;800;500;2500;€;1327785.84;1144643;0.0;0;0.0;0;0.0;0;12837.72;11067;0.0;0;0;601855814;;;;0;10;#F8E050;#2868B0;#0050D0;True
43156731;F.C. Arzignano Valchiampo;Arzignano Valchiampo;Italie;776;;2011;False;1;43156731;3900;Série C/A italienne;43127172;Tommaso Dal Molin;831182;1699;1699;3;17;7;7;7;7;600;250;2500;€;1336637.8;1152274;0.0;0;0.0;0;0.0;0;13742.52;11847;0.0;0;0;2577007;;;;0;5;#98C8F0;#F8D828;#080808;True
43204869;Campobasso F.C.;Campobasso;Italie;776;;1919;False;1;43204869;3950;Série C/B italienne;43127173;Antonio Molinari - Avicor Stadium Selvapiana;829168;25000;25000;3;19;7;6;6;5;3200;1800;10000;€;1332197.32;1148446;0.0;0;0.0;0;0.0;0;22691.92;19562;0.0;0;0;3398770;;;;0;16;#102858;#E00000;#F8F8F8;True
43204872;Potenza Calcio;Potenza;Italie;776;;1919;False;1;43204872;4300;Série C/C italienne;43127174;Alfredo Viviani;832128;5300;5300;3;20;10;9;8;9;2272;1750;3500;€;1301920.16;1122345;0.0;0;0.0;0;0.0;0;21962.28;18933;0.0;0;0;3758436;;;;0;48;#C80020;#202048;#F8C030;True
43267658;Team Altamura;Altamura;Italie;776;;1941;False;1;43267658;3750;Série C/C italienne;43127174;Tonino D'Angelo;1158;2468;2468;3;21;5;5;5;6;1600;420;2500;€;1350139.04;1163913;0.0;0;0.0;0;0.0;0;23187.24;19989;0.0;0;0;2271684;;;;0;8;#E00000;#F8F8F8;#F8F8F8;True
47000014;U.E. Santa Coloma;U.E. Santa Coloma;Andorre;753;;1986;False;2;47000014;1500;1ère Division andorrane;47000005;Centre d'Entrenament de la FAF 1;95053281;236;236;2;4;5;3;3;18;50;20;2500;€;0.0;0;0.0;0;0.0;0;0.0;0;452.4;390;0.0;0;0;0;;;;0;48;#F8F000;#080808;#F8F000;True
47001127;BFC Daugavpils;BFC;Lettonie;777;;2009;False;1;47001127;2750;Tonybet Virsliga;8403697;Esplanāde;2000293502;610;0;3;0;7;7;9;7;436;100;2500;€;144761.04;124794;0.0;0;0.0;0;0.0;0;0.0;0;0.0;0;0;0;;;;0;1;#0058C0;#F8F8F8;#0058C0;True
47024031;FC RFS;RFS;Lettonie;777;;2016;False;1;47024031;3650;Tonybet Virsliga;8403697;LNK Sporta Parks;2000197741;1700;0;3;1;14;13;10;10;493;148;2500;€;2752173.0;2372563;0.0;0;0.0;0;0.0;0;598.56;516;0.0;0;0;378522;;;;0;1;#0068E8;#183068;#0068E8;True
47053664;Riga FC;Riga;Lettonie;777;;2014;False;1;47053664;3750;Tonybet Virsliga;8403697;Skonto Stadium;485733;6747;6747;3;3;14;13;10;10;1200;112;5321;€;10801128.57;9311318;0.0;0;0.0;0;0.0;0;1905.88;1643;0.0;0;0;1254446;;;;0;37;#70B8F0;#F8F8F8;#F8F8F8;True
47075718;FC Struga Trim-Lum;Struga;Macédoine du Nord;781;;2015;False;1;47075718;4200;Ligue 1 de Macédoine du Nord;8401070;Stadion Gradska plaža;62001055;2000;800;1;2;7;6;6;7;1500;250;5000;€;982821.57;847260;0.0;0;0.0;0;0.0;0;912.92;787;0.0;0;0;295340;;;;0;1;#E00000;#E00000;#E00000;True
47081043;FCI Levadia Tallinn;FCI Levadia;Estonie;766;;1998;False;1;47081043;3350;Première Ligue d'Estonie;7681558;Lilleküla staadion;5220182;14336;14336;2;0;10;9;10;10;750;130;3510;€;832508.78;717680;0.0;0;0.0;0;0.0;0;0.0;0;0.0;0;0;0;;;;0;1;#209840;#F8F8F8;#F8F8F8;True
49034221;FC Rousset Ste Victoire Omnisport;FC Rousset SVO;France;769;;1971;False;2;49034221;3000;National 2 - Groupe C;914523;Stade Plaine Sportive 1;2000219316;314;0;3;20;1;1;1;1;250;100;7500;€;0.0;0;0.0;0;0.0;0;0.0;0;7929.76;6836;0.0;0;0;880992;;;;0;2;#B00000;#000000;#E00000;True
50034825;Union Sportive Quevilly-Rouen Métropole;Quevilly-Rouen;France;769;;2015;True;1;50034825;5000;Championnat National;18;Stade Robert-Diochon;954;12171;12171;3;95;8;6;8;5;2403;100;3003;€;773868.46;667128;0.0;0;0.0;0;20217.64;17429;19965.92;17212;1102.0;950;100;308473814;;;;0;29;#F8D000;#F84000;#E00000;True
50039209;FC Fleury 91;Fleury 91;France;769;;1970;True;2;50039209;3750;Championnat National;18;Stade Municipale Fleury;50067919;20770;18850;3;34;5;4;3;3;970;100;2500;€;17299.08;14913;0.0;0;0.0;0;27246.08;23488;23491.16;20251;0.0;0;35;1573542;;;;0;15;#F8F8F8;#B00000;#080808;True
50046914;SC Toulon;Toulon;France;769;;2016;False;2;50046914;3250;National 2 - Groupe C;914523;Stade de Bon Rencontre;988;8200;8200;3;26;8;3;5;5;2835;100;3543;€;0.0;0;0.0;0;0.0;0;0.0;0;14737.8;12705;0.0;0;0;1005762;;;;0;1;#F8D000;#000000;#F8D000;True
50050954;Stadium Racing Colmar;SR Colmar;France;769;;2016;False;2;50050954;3000;National 2 - Groupe B;914522;Colmar Stadium;914610;1970;1970;3;24;6;4;4;4;250;100;7500;€;0.0;0;0.0;0;0.0;0;0.0;0;8195.4;7065;0.0;0;0;543223;;;;0;0;#008030;#F8F8F8;#F8F8F8;True
50051200;Entente Feignies Aulnoye Football Club;Entente Feignies Aulnoye;France;769;;2016;False;2;50051200;3250;National 2 - Groupe B;914522;Complexe Didier Eloy;8446674;1500;300;3;20;2;3;3;2;250;100;8125;€;0.0;0;0.0;0;0.0;0;0.0;0;9365.84;8074;0.0;0;0;759888;;;;0;2;#0050D0;#B8E050;#B8E050;True
50068554;Wasquehal Football;Wasquehal Football;France;769;;2017;False;2;50068554;3250;National 2 - Groupe B;914522;Complexe sportif Lucien-Montagne;50068558;1500;0;3;8;6;3;5;3;600;300;2500;€;0.0;0;0.0;0;0.0;0;0.0;0;2946.4;2540;0.0;0;0;164822;;;;0;1;#F8F000;#080808;#080808;True
50073364;GFA Rumilly-Vallières 74;Rumilly-Vallières;France;769;;2018;False;2;50073364;3250;National 2 - Groupe C;914523;Stade des Grangettes;914639;2500;500;3;34;3;3;3;3;250;100;8125;€;0.0;0;0.0;0;0.0;0;0.0;0;17690.0;15250;0.0;0;0;301104463;;;;0;2;#002060;#60C0F8;#002060;True
57117818;FC Petrocub Hînceşti;FC Petrocub;Moldavie;783;;1994;False;1;57117818;4750;Super Liga de Moldavie;59007607;Stadionul Orăşenesc;59130102;1000;1000;1;1;5;8;8;10;935;680;2500;€;379487.03;327144;0.0;0;0.0;0;0.0;0;595.08;513;0.0;0;0;33701;;;;0;2;#080808;#080808;#080808;True
57171586;Fotbal Club Rapid;FC Rapid;Roumanie;790;;1923;False;1;57171586;5750;D1 roumaine;7540024;Rapid - Giuleşti;1300948;14050;14050;3;14;16;16;15;16;9827;1200;26871;€;1903817.47;1641222;0.0;0;0.0;0;0.0;0;51114.24;44064;0.0;0;0;19942731;;;;0;25;#982028;#F8F8F8;#F8F8F8;True
58029064;FK Krasnodar;Krasnodar;Russie;791;;2007;False;1;58029064;7200;Première Ligue russe;130486;Krasnodar;58053777;35179;35059;3;14;17;20;12;10;28639;15000;35798;€;6573637.45;5666929;0.0;0;0.0;0;0.0;0;363299.23;313189;0.0;0;0;651696196;;;;0;11;#080808;#006030;#080808;True
59007641;FC Milsami Orhei;FC Milsami;Moldavie;783;;2005;False;1;59007641;4282;Super Liga de Moldavie;59007607;Complexul Sportiv Raional;59007648;3023;3023;1;0;7;4;7;5;1243;920;2500;€;0.0;0;0.0;0;0.0;0;0.0;0;0.0;0;0.0;0;0;0;;;;0;2;#F8F8F8;#F00000;#F00000;True
59008221;Araz Naxçıvan;Araz;Azerbaïdjan;756;;1967;False;1;59008221;5100;Yuksak Liqa d'Azerbaïjan;59006943;Dalğa Arena;59039689;6700;6700;2;4;12;9;10;10;670;70;2500;€;2434567.33;2098765;0.0;0;0.0;0;0.0;0;9895.96;8531;0.0;0;0;1348418;;;;0;1;#F8F8F8;#F8F8F8;#E00000;True
59012342;Altyn Asyr FK Aşgabat;Altyn Asyr;Turkménistan;142;;2008;False;1;59012342;3900;Yokary Ligasy de Turkménistan 1;5638083;Aşgabat Stadiony;59071606;20000;20000;1;0;3;3;3;8;550;200;2500;€;0.0;0;0.0;0;0.0;0;0.0;0;0.0;0;0.0;0;0;0;;;;0;0;#0050D0;#0050D0;#0050D0;True
59025577;Istiqlol Dushanbe;Istiqlol;Tadjikistan;139;;2007;False;1;59025577;5000;Division Supérieure du Tajikistan;59007964;Zentralniy Stadion Respublikanskiy;103269;21400;21400;2;2;12;11;10;16;1214;437;20000;€;1296893.88;1118012;0.0;0;0.0;0;0.0;0;5591.2;4820;0.0;0;0;300070441;;;;0;25;#E00000;#F84008;#F84008;True
59025932;Torpedo Kutaisi;Torpedo Kutaisi;Géorgie;770;;1946;False;1;59025932;5299;Georgian National League;59126495;Ramaz Shengelias Sakhelobis Stadioni;1300511;19400;12000;2;2;13;12;12;10;3070;1282;20000;€;2121950.82;1829268;0.0;0;0.0;0;0.0;0;4021.72;3467;0.0;0;0;1743750;;;;0;1;#F8F8F8;#202020;#080808;True
59041139;FK Astana;FK Astana;Kazakhstan;119;;2009;False;1;59041139;6150;Super League du Kyrgyzstan;59007527;Astana Arena;484603;30200;30200;3;3;15;10;13;13;9146;3450;30000;€;9414492.45;8115942;0.0;0;0.0;0;0.0;0;20498.36;17671;0.0;0;0;300504640;;;;0;25;#F8F838;#B8D8E8;#B8D8E8;True
59091534;Zirə Futbol Klubu;Zira FK;Azerbaïdjan;756;;2014;False;1;59091534;5150;Yuksak Liqa d'Azerbaïjan;59006943;Zirə İdman Kompleksi;59092068;1512;0;2;0;12;8;8;9;1000;80;2500;€;2798276.04;2412307;0.0;0;0.0;0;0.0;0;0.0;0;0.0;0;0;0;;;;0;1;#68A8C8;#68A8C8;#F8F8F8;True
59127607;FC Noah Yerevan;FC Noah;Arménie;754;;2017;True;1;59127607;5300;Premier League d'Arménie;59006196;Vazgen Sargsyan Hanrapetakan Stadium;59006195;14935;14935;2;4;13;12;13;13;950;600;9000;€;13350995.26;11509479;0.0;0;0.0;0;10718.4;9240;8778.88;7568;0.0;0;100;2785898;;;;0;25;#F8F8F8;#080808;#F8F8F8;True
59130752;Sabah Futbol Klubu;Sabah FK;Azerbaïdjan;756;;2017;False;1;59130752;5250;Yuksak Liqa d'Azerbaïjan;59006943;Bank Respublika Arena;2000231129;13000;13000;2;6;12;12;12;13;1266;430;8000;€;3639214.54;3137254;0.0;0;0.0;0;0.0;0;17753.8;15305;0.0;0;0;6508075;;;;0;1;#000000;#F870B8;#000000;True
59136074;Ararat-Armenia Yerevan;Ararat-Armenia;Arménie;754;;2017;False;1;59136074;4600;Premier League d'Arménie;59006196;FFA Technical Center-Academy Stadium (grass);59128771;1428;1428;2;2;13;12;12;13;600;300;8000;€;1625476.63;1401273;0.0;0;0.0;0;0.0;0;3166.8;2730;0.0;0;0;419441;;;;0;10;#F8F8F8;#080808;#080808;True
59145772;Urartu Yerevan;Urartu;Arménie;754;;1992;False;1;59145772;4850;Premier League d'Arménie;59006196;Urartu Stadium;59029263;4860;4860;3;0;13;13;12;14;800;400;6000;€;1163635.41;1003134;0.0;0;0.0;0;0.0;0;0.0;0;0.0;0;0;0;;;;0;4;#F88000;#F87000;#F87000;True
67016725;Ceuta;Ceuta;Espagne;796;;1956;False;1;67016725;4350;2ème Division d'Espagne;68;Alfonso Murube;4203147;6500;6500;2;26;8;8;9;4;3500;1500;6000;€;0.0;0;0.0;0;0.0;0;0.0;0;131751.64;113579;0.0;0;0;11569781;;;;0;25;#F8F8F8;#D09860;#F8F8F8;True
67089705;U.D. Logroñés;Logroñés;Espagne;796;;2009;False;1;67089705;4600;Première Division A de la Fédération espagnole;2000048844;Nuevo Las Gaunas;1019;16000;16000;2;18;13;9;11;11;4500;2000;10000;€;0.0;0;0.0;0;0.0;0;0.0;0;21549.32;18577;0.0;0;0;3017081;;;;0;48;#F8F8F8;#E00808;#080808;True
67156323;Águilas F.C.;Águilas;Espagne;796;;2010;False;1;67156323;3450;Première Division B de la Fédération espagnole;2000048846;El Rubial;4202999;4000;4000;2;13;8;8;9;9;750;250;2500;€;0.0;0;0.0;0;0.0;0;0.0;0;13257.64;11429;0.0;0;0;1686474;;;;0;3;#F8F8F8;#0050D0;#6070F8;True
67243415;Unionistas de Salamanca C.F.;Unionistas;Espagne;796;;2013;False;1;67243415;4650;Première Division A de la Fédération espagnole;2000048844;Reina Sofía;2000001754;4859;4859;2;18;9;9;10;6;4000;1000;12500;€;0.0;0;0.0;0;0.0;0;0.0;0;21221.04;18294;0.0;0;0;3556803;;;;0;28;#080808;#F8F8F8;#080808;True
67259095;U.D. Ourense;U.D. Ourense;Espagne;796;;2014;False;1;67259095;2900;Première Division A de la Fédération espagnole;2000048844;O Couto;1024;5659;5659;2;11;7;7;9;9;1500;500;6000;€;0.0;0;0.0;0;0.0;0;0.0;0;19433.48;16753;0.0;0;0;300624796;;;;0;1;#B00810;#B00810;#B00810;True
67293344;F.C. Andorra B;Andorra B;Andorre;753;;1942;False;2;67293344;1250;;;Camp d'Esports Prada de Moles;8200478;1300;1300;1;0;12;12;10;13;250;100;3125;€;0.0;0;0.0;0;0.0;0;0.0;0;0.0;0;0.0;0;0;0;;;;0;1;#B00000;#F8F000;#F8F000;True
70054558;Erzurumspor Futbol Kulübü;Erzurumspor F.K.;Turquie;799;;2010;False;1;70054558;5050;Turkish Super League;130286;Erzurum Kazım Karabekir;70064054;23277;23277;2;6;5;5;6;2;3814;1000;10000;€;2234628.58;1926404;0.0;0;0.0;0;0.0;0;55013.0;47425;0.0;0;0;16564934;;;;0;56;#F8F8F8;#98B8D8;#98B8D8;True
70055738;Ahlatcı Çorum Futbol Kulübü;Çorum F.K.;Turquie;799;;1985;False;1;70055738;4400;Turkish Super League;130286;Çorum Şehir Stadyumu;2000054228;15000;15000;2;16;4;5;6;4;2771;1000;6000;€;3233803.83;2787762;0.0;0;0.0;0;0.0;0;244083.71;210417;0.0;0;0;104240053;;;;0;48;#080808;#982028;#080808;True
71100094;Polissia Zhytomyr;Polissia;Ukraine;800;;2016;False;1;71100094;5500;Championnat d'Ukraine;5314301;Zhytomyr Central Stadium;5316467;5928;5928;3;2;15;12;6;9;2900;1000;5928;€;10251800.15;8837759;0.0;0;0.0;0;0.0;0;15162.36;13071;0.0;0;0;26346571;;;;0;19;#288858;#304050;#288858;True
71107224;Qiziltash Bakhchysaray;Qiziltash Bakhchysaray;Crimée;215446;;2016;False;1;71107224;650;Premier League de Crimée;71093597;Druzhba Bakhchysaray;71017740;4000;3500;1;0;3;2;1;1;250;100;2500;€;0.0;0;0.0;0;0.0;0;0.0;0;0.0;0;0.0;0;0;0;;;;0;;;;;False
72000112;Houston Dynamo FC;Houston;États-Unis;390;;2006;False;1;72000112;5950;Major League Soccer;40;Shell Energy Stadium;72036654;22039;22039;1;8;14;14;10;16;16653;13000;35000;€;2281087.73;1966455;0.0;0;0.0;0;0.0;0;75570.52;65147;0.0;0;0;621388651;;;;0;10;#F08800;#98B8D8;#F08800;True
72000160;New York Red Bulls;NY Red Bulls;États-Unis;390;;1996;False;1;72000160;6400;Major League Soccer;40;Sports Illustrated Stadium;982921;25219;25219;1;6;14;14;13;17;17583;13000;50000;€;5019392.94;4327063;0.0;0;0.0;0;0.0;0;186450.27;160733;0.0;0;0;911037418;;;;0;14;#C01820;#201818;#F8F8F8;True
72000789;Toronto FC;Toronto FC;Canada;364;;2005;True;1;72000789;6397;Major League Soccer;40;BMO Field;72003114;30991;30991;1;18;16;16;12;16;25681;16000;45000;€;46458212.1;40050184;0.0;0;0.0;0;192935.83;166324;192935.83;166324;0.0;0;100;954328165;;;;0;49;#E81018;#680810;#505058;True
72005153;MLS All-Stars;MLS All-Stars;États-Unis;390;;1996;False;24;72005153;6250;;;;;;;1;0;16;6;6;8;100000;100;125000;€;0.0;0;0.0;0;0.0;0;0.0;0;0.0;0;0.0;0;0;0;;;;0;18;#003068;#F8F8F8;#F8F8F8;True
72014006;Seattle Sounders FC;Seattle;États-Unis;390;;1974;False;1;72014006;6700;Major League Soccer;40;Lumen Field;978652;68740;68740;1;10;18;18;11;12;30377;27000;66000;€;11497701.59;9911812;0.0;0;0.0;0;0.0;0;224392.71;193442;0.0;0;0;1822093713;;;;0;41;#70B068;#7098C8;#588068;True
72014193;Orlando City SC;Orlando City;États-Unis;390;;2010;False;1;72014193;6200;Major League Soccer;40;Inter&Co Stadium;72042162;25500;25500;1;10;17;17;11;13;22144;17000;62500;€;10920325.53;9414074;0.0;0;0.0;0;0.0;0;128700.84;110949;0.0;0;0;645619329;;;;0;7;#584898;#B098E8;#A89068;True
72019000;Philadelphia Union;Philadelphia;États-Unis;390;;2010;False;1;72019000;6400;Major League Soccer;40;Subaru Park;72020972;18500;18500;1;9;15;15;14;14;18835;15374;32000;€;5299618.77;4568637;0.0;0;0.0;0;0.0;0;86206.56;74316;0.0;0;0;342250633;;;;0;24;#282830;#306080;#A09878;True
72023746;Sporting Kansas City;Sporting KC;États-Unis;390;;1996;False;1;72023746;6100;Major League Soccer;40;Children's Mercy Park;72013734;21193;18467;1;5;18;18;12;13;21193;15900;26491;€;6989700.44;6025604;0.0;0;0.0;0;0.0;0;33317.52;28722;0.0;0;0;9457633;;;;0;13;#98C0E8;#102040;#98C0E8;True
72041885;New York City FC;New York City;États-Unis;390;;2015;False;1;72041885;6600;Major League Soccer;40;Yankee Stadium;72041886;54521;54521;1;10;18;18;12;19;21668;15000;65000;€;24258042.26;20912106;0.0;0;0.0;0;0.0;0;168369.36;145146;0.0;0;0;38558993;;;;0;10;#98C8E8;#F8F8F8;#282840;True
72047296;Atlanta United FC;Atlanta United;États-Unis;390;;2014;True;1;72047296;6500;Major League Soccer;40;Mercedes-Benz Stadium;72047297;73019;71000;1;7;18;14;12;14;49351;40000;75000;€;45946740.28;39609260;0.0;0;0.0;0;402681.23;347139;402681.23;347139;0.0;0;100;956369714;;;;0;11;#080808;#780000;#080808;True
72049313;Los Angeles Football Club;LAFC;États-Unis;390;;2018;True;1;72049313;6850;Major League Soccer;40;BMO Stadium;72049314;22000;22000;1;15;16;14;12;20;22000;17000;50000;€;47946960.7;41333588;0.0;0;0.0;0;376627.63;324679;399001.71;343967;0.0;0;100;1553204675;;;;0;12;#080808;#B8B078;#080808;True
72052048;Inter Miami CF;Inter Miami;États-Unis;390;;2020;True;1;72052048;6900;Major League Soccer;40;Chase Stadium;2000000718;21550;21550;1;12;17;15;13;17;20994;17500;75000;€;133372791.84;114976548;0.0;0;0.0;0;623408.34;537421;614327.86;529593;0.0;0;100;1072594719;;;;0;37;#E88898;#F0B0B8;#E88898;True
72053036;Austin FC;Austin FC;États-Unis;390;;2021;False;1;72053036;6000;Major League Soccer;40;Q2 Stadium;2000001593;20738;20738;1;7;16;12;10;13;20738;18000;35000;€;4017471.96;3463338;0.0;0;0.0;0;0.0;0;140147.72;120817;0.0;0;0;626443129;;;;0;3;#38B850;#00A048;#080808;True
73100001;University of the Bahamas;UotB;Bahamas;388;;0;False;2;73100001;1800;Division senior des Bahamas;73100008;Roscow A. L. Davies Soccer Field;82062067;1000;700;1;0;3;3;4;15;250;100;4500;€;0.0;0;0.0;0;0.0;0;0.0;0;0.0;0;0.0;0;0;0;;;;0;2;#D8B028;#080808;#080808;True
76004125;Asociación Civil Deportivo Lara;Deportivo Lara;Venezuela;1658;;2009;False;1;76004125;4600;Deuxième Division du Vénézuela;86000002;Metropolitano de Lara;19018838;47913;47913;1;0;10;10;11;12;1120;100;2500;€;481326.91;414937;0.0;0;0.0;0;0.0;0;0.0;0;0.0;0;0;0;;;;0;19;#E00000;#080808;#080808;True
80001277;Club Deportivo Independiente del Valle;Independiente del Valle;Équateur;1654;;1958;False;1;80001277;6202;Serie A équatorienne;80000566;Banco Guayaquil;2000085456;12000;12000;2;16;15;16;20;20;1729;675;3036;€;4481507.91;3863369;0.0;0;0.0;0;0.0;0;53121.04;45794;0.0;0;0;1229144131;;;;0;16;#080808;#0050D0;#0050D0;True
80030074;Herrera Fútbol Club;Herrera;Panama;382;;2016;False;1;80030074;3000;Première Division du Panama;86000021;Los Milagros;2000179729;1000;1000;2;0;7;8;10;12;250;100;7500;€;0.0;0;0.0;0;0.0;0;0.0;0;0.0;0;0.0;0;0;0;;;;0;;;;;False
80033814;Club Deportivo Universitario;CD Universitario (Panama);Panama;382;;2018;False;1;80033814;3000;Première Division du Panama;86000021;Estadio Universidad Latina;2000061287;4700;4700;2;2;12;12;10;11;250;100;7500;€;0.0;0;0.0;0;0.0;0;0.0;0;3041.52;2622;0.0;0;0;356513;;;;0;48;#F8D800;#004898;#F8D800;True
81043972;Mount Pleasant FC;Mount Pleasant FC;Jamaïque;377;;2016;False;1;81043972;4000;Premier League de Jamaïque;81001093;Drax Hall;790961;3000;3000;1;2;9;9;10;20;5000;3000;10000;€;248639.03;214344;0.0;0;0.0;0;0.0;0;307.4;265;0.0;0;0;8666;;;;0;50;#1030F0;#F8F8F8;#B0B0B0;True
82061133;Universidad Organización y Método FC;Universidad O&M;République dominicaine;142527;;1974;False;1;82061133;3750;Liga Mayor de République Dominicaine;82061057;Estadio Olímpico Félix Sánchez;103156;35000;35000;2;0;6;5;5;12;250;100;9375;€;0.0;0;0.0;0;0.0;0;0.0;0;0.0;0;0.0;0;0;0;;;;0;48;#F8F8F8;#0030A0;#F8F8F8;True
82061549;Grenades Football Club;Grenades;Antigua-et-Barbuda;359;;1990;False;1;82061549;3100;Première division d'Antigua-et-Barbuda;20017552;Jennings Playing Field;82061550;700;0;1;1;5;5;5;18;250;100;7750;€;0.0;0;0.0;0;0.0;0;0.0;0;806.2;695;0.0;0;0;0;;;;0;36;#F8F000;#008030;#008030;True
82061843;North Leeward Predators;Predators;Saint-Vincent;386;;2007;False;2;82061843;2400;Premier Division SVG;45082431;Chateaubelair Playing Fields;82061844;700;0;1;0;5;4;5;17;250;100;6000;€;0.0;0;0.0;0;0.0;0;0.0;0;0.0;0;0.0;0;0;0;;;;0;10;#0078F8;#003068;#080808;True
82061853;Weymouth Wales;Weymouth Wales;Barbade;361;;1960;False;1;82061853;2600;Premier League de la BFA;82061861;Wildey Astro Turf;82061854;2000;0;1;0;5;5;5;18;250;100;6500;€;0.0;0;0.0;0;0.0;0;0.0;0;0.0;0;0.0;0;0;0;;;;0;1;#006030;#F8F8F8;#F8F8F8;True
82061880;Real Rincon;Real Rincon;Bonaire;214395;;1960;False;2;82061880;2000;Championnat de Bonnaire;82061873;Stadion Antonio Trenidat;82061881;1500;0;1;0;4;3;3;16;250;100;2500;€;0.0;0;0.0;0;0.0;0;0.0;0;0.0;0;0.0;0;0;0;;;;0;5;#F8F8F8;#0030A0;#0030A0;True
82061905;Atlétiko Flamingo;Flamingo;Bonaire;214395;;0;False;3;82061905;1700;Championnat de Bonnaire;82061873;Stadion di Playa;23018001;3000;3000;1;0;3;3;3;15;200;100;2500;€;0.0;0;0.0;0;0.0;0;0.0;0;0.0;0;0.0;0;0;0;;;;0;2;#F84000;#080808;#080808;True
82070448;Cibao Fútbol Club;Cibao FC;République dominicaine;142527;;2015;False;1;82070448;3900;Liga Mayor de République Dominicaine;82061057;Estadio Cibao FC;82070457;5000;5000;1;0;15;15;12;18;1500;1000;12000;€;154666.28;133333;0.0;0;0.0;0;0.0;0;0.0;0;0.0;0;0;0;;;;0;1;#F84008;#F8F8F8;#080808;True
82072042;Western Warriors FC;Western Warriors;Bahamas;388;;2007;False;2;82072042;1950;Division senior des Bahamas;73100008;Roscow A. L. Davies Soccer Field;82062067;1000;700;2;0;3;3;3;14;250;100;4875;€;0.0;0;0.0;0;0.0;0;0.0;0;0.0;0;0.0;0;0;0;;;;0;2;#F8F8F8;#E00000;#080808;True
82081498;Arcahaie FC;Arcahaie;Haïti;375;;2015;False;2;82081498;3500;Championnat National D1 d'Haïti;73100020;Parc National du Drapeau;82081502;1250;250;1;5;7;7;7;15;2000;750;7500;€;0.0;0;0.0;0;0.0;0;0.0;0;636.84;549;0.0;0;0;900064070;;;;0;54;#002080;#F8F8F8;#E00000;True
82082543;Portuguese Sports Association of Saint-Barthélemy;ASPSB;Saint-Barthélemy;82082526;;2005;False;3;82082543;800;Ligue de Saint Barthélemy;82082544;Stade de Saint-Jean;82082528;2500;500;1;0;2;2;2;18;250;100;2500;€;0.0;0;0.0;0;0.0;0;0.0;0;0.0;0;0.0;0;0;0;;;;0;1;#F8F8F8;#E00000;#E00000;True
85001022;Club Sportif Moulien;CS Moulien;Guadeloupe;917498;;1931;False;2;85001022;3150;Ligue Régionale 1 de Guadeloupe;82062570;Stade Jacques Ponrémy;85103463;2500;0;1;0;5;5;6;18;250;100;7875;€;0.0;0;0.0;0;0.0;0;0.0;0;0.0;0;0.0;0;0;0;;;;0;37;#0050D0;#F8F8F8;#0050D0;True
85010212;AS Académie Génération Foot;Génération Foot;Sénégal;41;;2000;False;1;85010212;4250;Première division du Sénégal;13191657;Stade Djibril Diagne;12075103;2500;1000;1;0;15;16;18;18;1200;100;2500;€;0.0;0;0.0;0;0.0;0;0.0;0;0.0;0;0.0;0;0;0;;;;0;1;#800020;#D8B028;#800020;True
85038848;Étoile FC Fréjus Saint-Raphaël;Fréjus-Saint-Raphaël;France;769;;2009;False;2;85038848;3250;National 2 - Groupe C;914523;Stade Louis Hon;914659;1330;830;3;24;6;4;4;4;910;100;2500;€;2.32;2;0.0;0;0.0;0;0.0;0;13010.56;11216;0.0;0;0;844536;;;;0;33;#F8F8F8;#B00000;#0050D0;True
85042138;Stade Poitevin Football Club;Stade Poitevin FC;France;769;;2018;False;2;85042138;3250;National 2 - Groupe A;19;Stade Michel-Amand (ex Stade de la Pépinière);994;12000;4000;3;14;5;2;3;5;500;100;2500;€;0.0;0;0.0;0;0.0;0;0.0;0;12084.88;10418;0.0;0;0;458380;;;;0;24;#080808;#808080;#F8F8F8;True
85046943;Football Club de Labattoir;FC Labattoir;Mayotte;918740;;1997;False;3;85046943;750;Régional 2 de Mayotte;2000003885;;;;;1;0;1;1;5;1;250;100;2500;€;0.0;0;0.0;0;0.0;0;0.0;0;0.0;0;0.0;0;0;0;;;;0;25;#0030A0;#F8F8F8;#F8F8F8;True
85052735;FC Annecy;Annecy;France;769;;1927;True;1;85052735;5350;Ligue 2 BKT;17;Stade Gaston-Gérard;934;17085;15459;3;50;6;5;5;5;3819;100;4773;€;909829.73;784336;0.0;0;0.0;0;62085.52;53522;52347.32;45127;261.0;225;100;14443193;;;;0;5;#901000;#E00000;#901000;True
85060443;Le Puy Foot 43 Auvergne;Le Puy;France;769;;1903;True;2;85060443;3900;Championnat National;18;Stade Charles Massot;914630;2800;2800;3;31;5;3;5;5;1145;100;2500;€;669846.62;577454;0.0;0;0.0;0;27393.4;23615;22945.96;19781;0.0;0;60;1473649;;;;0;37;#60C0F8;#F8F8F8;#080808;True
85065786;Djabal FC d'Iconi;Djabal FC;Comores;919586;;1979;False;2;85065786;1000;Premier League des Comores - Ngazidja;2000120721;Stade de Zikoumbini;95054498;1500;0;1;0;5;1;1;2;250;100;2500;€;0.0;0;0.0;0;0.0;0;0.0;0;0.0;0;0.0;0;0;0;;;;0;2;#0050D0;#F8F8F8;#F8F8F8;True
85066817;FC Chambly Oise;Chambly;France;769;;1989;False;2;85066817;3650;National 2 - Groupe B;914522;Stade Walter Luzi;2000080578;4550;2500;3;21;4;3;3;3;995;100;4550;€;2.32;2;0.0;0;0.0;0;0.0;0;13241.4;11415;0.0;0;0;673593;;;;0;48;#080808;#0050D0;#080808;True
85132485;Golden Lion Football;Golden Lion;Martinique;917502;;1948;False;2;85132485;3250;Trophée Gerard Janvion R1 de Martinique;82062798;Stade Henri Murano;82062837;1600;300;1;1;5;5;5;16;250;100;8125;€;0.0;0;0.0;0;0.0;0;0.0;0;45.24;39;0.0;0;0;0;;;;0;49;#E00000;#F8F8F8;#E00000;True
86000096;Club Deportivo Ocotal;CD Ocotal;Nicaragua;381;;0;False;1;86000096;2500;Liga de Ascenso de Nicaragua;80024180;San Matías;86006028;3750;2000;1;0;5;4;3;7;250;100;2500;€;252565.63;217729;0.0;0;0.0;0;0.0;0;0.0;0;0.0;0;0;0;;;;0;11;#002060;#F8F000;#F8F000;True
86055139;Club Always Ready;Always Ready;Bolivie;1650;;1933;False;1;86055139;5000;Première Division de Bolivie;86000000;Estadio Municipal de El Alto;86070150;25000;25000;1;1;14;12;10;10;3494;100;12000;€;640048.54;551766;0.0;0;0.0;0;0.0;0;1828.16;1576;0.0;0;0;679582;;;;0;8;#F8F8F8;#D02020;#D02020;True
89051506;Island Pitbulls FC;Island Pitbulls;Micronésie;15064643;;2009;False;3;89051506;100;Pohnpei Premier League;36522289;Pohnpei Island Central School Field;89051502;1000;0;1;0;2;1;1;1;250;100;2500;€;0.0;0;0.0;0;0.0;0;0.0;0;0.0;0;0.0;0;0;0;;;;0;1;#F8F000;#F8F000;#080808;True
91013388;RasenBallsport Leipzig;RB Leipzig;Allemagne;771;;2009;True;1;91013388;7500;Bundesliga;22;Red Bull Arena;8701013;47800;32924;2;69;16;18;14;15;45045;25000;56306;€;44427415.24;38299497;0.0;0;0.0;0;1930670.3;1664371;1541348.8;1328749;534.76;461;100;808473864;;;;0;1;#F8F8F8;#E00818;#E00818;True
2000004793;Mexican First Division All-Stars;Mexican All Stars;Mexique;379;;2020;False;24;2000004793;6250;;;;;;;1;0;1;6;6;10;250;100;15625;€;0.0;0;0.0;0;0.0;0;0.0;0;0.0;0;0.0;0;0;0;;;;0;1;#004020;#F8F8F8;#F0F0F0;True
2000015398;Calcio Desenzano S.S.D.;Desenzano;Italie;776;;2020;False;2;2000015398;3350;Série C/B italienne;43127173;Francesco Ghizzi;43065473;1500;1500;3;18;8;7;5;5;250;100;8375;€;110999.24;95689;0.0;0;0.0;0;0.0;0;15378.12;13257;0.0;0;0;301408748;;;;0;14;#1848A8;#2860D0;#F8F8F8;True
2000020415;Paris 13 Atlético;Paris 13 Atlético;France;769;;1968;True;2;2000020415;4050;Championnat National;18;Stade Pelé;85060655;995;209;3;30;3;3;5;3;406;100;2500;€;7818.4;6740;0.0;0;0.0;0;25110.52;21647;21176.96;18256;0.0;0;35;1686156;;;;0;55;#080808;#404040;#404040;True
2000020418;Grand Ouest Association Lyonnaise FC;GOAL FC;France;769;;2020;False;2;2000020418;3250;National 2 - Groupe C;914523;Stade Ludovic Giuly;34016452;6000;1200;3;26;5;4;5;4;514;100;2500;€;2.32;2;0.0;0;0.0;0;0.0;0;17868.64;15404;0.0;0;0;301328443;;;;0;56;#080808;#080808;#D8B028;True
2000027311;PTL Bazar Brothers FC;PTL Bazar;Seychelles;42;;0;False;2;2000027311;1150;Premier League des Seychelles;13211709;Stade Linité;5341478;10000;10000;1;0;1;1;1;2;100;100;2500;€;0.0;0;0.0;0;0.0;0;0.0;0;0.0;0;0.0;0;0;0;;;;0;1;#008030;#F8F8F8;#F8F8F8;True
2000030636;Club Football Estrela da Amadora;CF Estrela Amadora;Portugal;788;;2020;False;1;2000030636;5400;Première Ligue portugaise;60;Estádio José Gomes;1466;15000;15000;3;7;8;10;11;13;3704;1756;7031;€;3.48;3;0.0;0;0.0;0;0.0;0;43994.16;37926;0.0;0;0;315388056;;;;0;3;#005840;#F8F8F8;#982028;True
2000032491;Charlotte Football Club;Charlotte FC;États-Unis;390;;2022;False;1;2000032491;5950;Major League Soccer;40;Bank of America Stadium;20032542;75523;75523;1;14;18;16;12;12;35634;20000;65000;€;15109700.21;13025604;0.0;0;0.0;0;0.0;0;322497.39;278015;0.0;0;0;1238908581;;;;0;19;#F8F8F8;#2898D0;#080808;True
2000035141;FC 93 Bobigny-Bagnolet-Gagny;FC 93;France;769;;2020;False;2;2000035141;3500;National 2 - Groupe C;914523;Stade Auguste Delaune;85054409;1500;406;3;28;6;5;5;5;250;100;8750;€;0.0;0;0.0;0;0.0;0;0.0;0;12565.12;10832;0.0;0;0;786066;;;;0;34;#080808;#B89868;#080808;True
2000035150;Football Club Montlouis;FC Montlouis;France;769;;1925;False;2;2000035150;3000;National 2 - Groupe A;19;Stade Eugène Cholet;2000001077;1500;499;3;14;3;3;3;3;250;100;7500;€;0.0;0;0.0;0;0.0;0;0.0;0;5022.8;4330;0.0;0;0;281686;;;;0;1;#080808;#F8F8F8;#080808;True
2000044618;Hvardiets Skvortsove;Hvardiets Skvortsove;Crimée;215446;;0;False;1;2000044618;750;Division inférieure de Crimée;71088573;;;;;1;0;2;1;1;1;250;100;2500;€;0.0;0;0.0;0;0.0;0;0.0;0;0.0;0;0.0;0;0;0;;;;0;;;;;False
2000060926;Al-Khaldiya Football Club;Al-Khaldiya;Bahreïn;107;;2020;False;1;2000060926;4000;Première Ligue du Bahreïn;1039313;Bahrain National Stadium;5636657;35000;30000;1;3;6;5;5;10;250;100;10000;€;1208956.61;1042204;0.0;0;0.0;0;0.0;0;2701.64;2329;0.0;0;0;195808;;;;0;1;#F8E010;#F8E010;#F8E010;True
2000071291;Montserrat Volcano Observatory Tremors;Tremors;Montserrat;129520;;1974;False;3;2000071291;900;Championnat de Montserrat;82062881;Blakes Estate;129522;1000;1000;1;0;2;1;1;8;250;100;2500;€;0.0;0;0.0;0;0.0;0;0.0;0;0.0;0;0.0;0;0;0;;;;0;1;#006030;#080808;#080808;True
2000071302;Seven Day Aventists Trendsetters;Trendsetters;Montserrat;129520;;1974;False;3;2000071302;1000;Championnat de Montserrat;82062881;Blakes Estate;129522;1000;1000;1;0;2;2;2;10;250;100;2500;€;0.0;0;0.0;0;0.0;0;0.0;0;0.0;0;0.0;0;0;0;;;;0;;;;;False
2000089634;Butwal Lumbini FC;Butwal Lumbini;Népal;128;;2021;False;1;2000089634;1700;Super League du Népal;2000089622;Dasharath Rangasala Stadium;103259;25000;25000;1;0;1;1;1;3;250;100;4250;€;0.0;0;0.0;0;0.0;0;0.0;0;0.0;0;0.0;0;0;0;;;;0;1;#E00000;#F8F8F8;#F8F8F8;True
2000089636;Dhangadhi FC;Dhangadhi;Népal;128;;2021;False;1;2000089636;1700;Super League du Népal;2000089622;Dasharath Rangasala Stadium;103259;25000;25000;1;0;3;1;1;3;250;100;4250;€;0.0;0;0.0;0;0.0;0;0.0;0;0.0;0;0.0;0;0;0;;;;0;1;#F8D000;#2850B0;#2850B0;True
2000096987;Bourges Football Club;Bourges;France;769;;2021;False;2;2000096987;3250;National 2 - Groupe B;914522;Stade Jacques Rimbault;945;13000;7500;3;29;5;3;3;3;250;100;8125;€;0.0;0;0.0;0;0.0;0;0.0;0;16615.84;14324;0.0;0;0;1433899;;;;0;10;#F8F8F8;#E00000;#E00000;True
2000099871;Chelsea;Chelsea;Angleterre;765;;1992;False;1;2000099871;9000;Barclays Women's Super League;2000101095;Cherry Red Records Stadium;670;4352;2265;2;0;13;13;18;18;10648;2013;32970;€;1154227.81;995024;0.0;0;0.0;0;0.0;0;0.0;0;0.0;0;0;0;;;;0;1;#2840B8;#F8F8F8;#F8F8F8;True
2000104296;Arsenal;Arsenal;Angleterre;765;;1987;False;1;2000104296;8850;Barclays Women's Super League;2000101095;Emirates Stadium;5114336;60704;60704;2;0;19;16;18;18;30000;3453;45000;€;1744360.39;1503759;0.0;0;0.0;0;0.0;0;0.0;0;0.0;0;0;0;;;;0;2;#A00820;#F8F8F8;#F8F8F8;True
2000104563;Aston Villa;Aston Villa;Angleterre;765;;1973;False;1;2000104563;7150;Barclays Women's Super League;2000101095;Villa Park;603;42883;42883;2;0;18;18;15;13;5091;1784;12533;€;381369.71;328767;0.0;0;0.0;0;0.0;0;0.0;0;0.0;0;0;0;;;;0;2;#600030;#A0B0D8;#A0B0D8;True
2000104564;Birmingham City;Birmingham City;Angleterre;765;;1968;False;1;2000104564;6250;Barclays Women's Super League 2;2000107193;St. Andrew's @ Knighthead Park;609;29409;29409;2;0;15;13;14;13;1000;850;8750;€;267434.51;230547;0.0;0;0.0;0;0.0;0;0.0;0;0.0;0;0;0;;;;0;1;#183890;#183890;#988860;True
2000104565;Brighton & Hove Albion;Brighton;Angleterre;765;;1990;False;1;2000104565;6750;Barclays Women's Super League;2000101095;Broadfield Stadium;640;5836;3295;2;0;18;19;15;14;3494;1126;6951;€;909803.05;784313;0.0;0;0.0;0;0.0;0;0.0;0;0.0;0;0;0;;;;0;48;#004898;#F8F8F8;#F8F8F8;True
2000104567;Leicester City;Leicester;Angleterre;765;;2004;False;1;2000104567;6400;Barclays Women's Super League;2000101095;King Power Stadium;5110660;32273;32273;2;0;17;17;13;11;2666;1064;4179;€;795428.22;685714;0.0;0;0.0;0;0.0;0;0.0;0;0.0;0;0;0;;;;0;25;#1048B8;#D8B028;#F8F8F8;True
2000104568;Everton;Everton;Angleterre;765;;1983;False;1;2000104568;7000;Barclays Women's Super League;2000101095;Goodison Park;650;39572;39572;2;0;18;18;13;12;2169;886;12250;€;128176.52;110497;0.0;0;0.0;0;0.0;0;0.0;0;0.0;0;0;0;;;;0;14;#203070;#383858;#203070;True
2000104573;Manchester City;Man City;Angleterre;765;;1988;False;1;2000104573;8600;Barclays Women's Super League;2000101095;Joie Stadium;28103118;6200;5000;2;0;19;20;17;17;7599;2134;40086;€;942131.09;812182;0.0;0;0.0;0;0.0;0;0.0;0;0.0;0;0;0;;;;0;8;#68A0D0;#F8F8F8;#F8F8F8;True
2000104574;Manchester United;Man Utd;Angleterre;765;;1989;False;1;2000104574;8250;Barclays Women's Super League;2000101095;Leigh Sports Village;29010962;12000;10000;2;0;16;14;15;13;10274;4060;43615;€;1144230.93;986406;0.0;0;0.0;0;0.0;0;0.0;0;0.0;0;0;0;;;;0;1;#C01030;#C01030;#F8F8F8;True
2000104582;Tottenham Hotspur;Spurs;Angleterre;765;;1985;False;1;2000104582;7050;Barclays Women's Super League;2000101095;BetWright Stadium;674;9311;9311;2;0;20;20;15;13;4210;1507;19480;€;511294.35;440771;0.0;0;0.0;0;0.0;0;0.0;0;0.0;0;0;0;;;;0;25;#F8F8F8;#183068;#183068;True
2000104583;West Ham United;West Ham;Angleterre;765;;1991;False;1;2000104583;6600;Barclays Women's Super League;2000101095;Victoria Road Stadium;643;6078;2316;2;0;16;16;12;11;1911;614;4172;€;196609.55;169491;0.0;0;0.0;0;0.0;0;0.0;0;0.0;0;0;0;;;;0;1;#702840;#98B0D0;#98B0D0;True
2000107798;Hyères 83 FC;Hyères FC;France;769;;2021;False;2;2000107798;3250;National 2 - Groupe C;914523;Stade Perruc;3501923;1524;1524;3;21;5;3;3;3;250;100;8125;€;0.0;0;0.0;0;0.0;0;0.0;0;8255.72;7117;0.0;0;0;593670;;;;0;14;#102858;#F8E050;#F8E050;True
2000107810;Bristol City;Bristol City;Angleterre;765;;1998;False;1;2000107810;6150;Barclays Women's Super League 2;2000107193;Ashton Gate;619;26500;26500;2;0;16;10;13;12;7384;3468;14138;€;45727.2;39420;0.0;0;0.0;0;0.0;0;0.0;0;0.0;0;0;0;;;;0;1;#C80828;#F8F8F8;#C80828;True
2000108015;London City Lionesses;London City;Angleterre;765;;2019;True;1;2000108015;7500;Barclays Women's Super League;2000101095;The Copperjax Community Stadium;5100154;3075;1875;2;0;13;13;9;9;1213;500;2500;€;5098827.41;4395541;0.0;0;0.0;0;0.0;0;0.0;0;0.0;0;100;0;;;;0;23;#A8D8D0;#00B0C0;#004880;True
2000110652;Crystal Palace;Crystal Palace;Angleterre;765;;1992;False;1;2000110652;6100;Barclays Women's Super League 2;2000107193;Gander Green Lane;4800014;5049;765;2;0;15;12;11;11;1884;502;5003;€;202324.87;174418;0.0;0;0.0;0;0.0;0;0.0;0;0.0;0;0;0;;;;0;41;#E02830;#0050C0;#F8F8F8;True
2000111862;Social Cultural Sport Association Eagles;SCSA Eagles;Saint-Martin (PB);917506;;0;False;3;2000111862;1400;Championnat de Sint Maarten;82063130;Raul Illidge Sports Complex;23017966;3000;3000;1;0;3;2;3;15;250;100;3500;€;0.0;0;0.0;0;0.0;0;0.0;0;0.0;0;0.0;0;0;0;;;;0;12;#20A0E0;#2060A0;#F8F8F8;True
2000111884;Dolomiti Bellunesi;Dolomiti Bellunesi;Italie;776;;2021;False;1;2000111884;3700;Série C/A italienne;43127172;Polisportivo Comunale;831192;1747;1747;3;20;6;5;5;5;72;31;2500;€;812821.26;700708;0.0;0;0.0;0;0.0;0;16984.72;14642;0.0;0;0;2589785;;;;0;25;#F8A8D0;#006048;#006048;True
2000113410;A.C. San Marino Calcio;San Marino;Saint-Marin;792;;2021;False;2;2000113410;2950;Série D italienne Groupe F;1400405;Acquaviva;60001184;750;515;3;3;7;5;4;4;165;77;2500;€;14269.16;12301;0.0;0;0.0;0;0.0;0;2279.4;1965;0.0;0;0;192754;;;;0;5;#F8F8F8;#90D0F8;#202020;True
2000113596;Liverpool;Liverpool;Angleterre;765;;1989;False;1;2000113596;6750;Barclays Women's Super League;2000101095;St. Helens Stadium;29086576;18000;10150;2;0;19;19;14;13;4998;1341;23088;€;519887.63;448179;0.0;0;0.0;0;0.0;0;0.0;0;0.0;0;0;0;;;;0;1;#782028;#F8F8F8;#F8F8F8;True
2000124441;Union Sportive Thionville Lusitanos;US Thionville Lusitanos;France;769;;2021;True;2;2000124441;3250;Championnat National;18;Stade de Guentrange;2000297116;3000;0;3;21;2;2;2;2;250;100;8125;€;3823.36;3296;0.0;0;0.0;0;10560.64;9104;8909.96;7681;0.0;0;100;921181;;;;0;2;#A8A8C8;#707090;#707090;True
2000132416;Hibernian;Hibernian;Écosse;793;;1992;False;1;2000132416;6100;Premier League féminine d'Écosse;2000132415;Meadowbank Stadium;5201487;1280;499;1;0;1;6;6;12;250;100;15250;€;0.0;0;0.0;0;0.0;0;0.0;0;0.0;0;0.0;0;0;0;;;;0;2;#306058;#F8F8F8;#F8F8F8;True
2000132567;Washington Spirit;Washington Spirit;États-Unis;390;;2012;False;1;2000132567;7900;National Women's Soccer League;2000132563;Audi Field;29144034;19993;19993;2;0;14;11;11;11;12876;9432;17684;€;1003362.85;864968;0.0;0;0.0;0;0.0;0;0.0;0;0.0;0;0;0;;;;0;3;#101820;#203040;#101820;True
2000133310;Sydney Football Club;Sydney FC;Australie;1435;;2008;False;1;2000133310;5750;Ninja A-League;2000129935;Leichhardt Oval;15064569;17000;17000;2;0;16;12;14;17;2521;500;3151;€;2.32;2;0.0;0;0.0;0;0.0;0;0.0;0;0.0;0;0;0;;;;0;1;#80B8F0;#F8F8F8;#202048;True
2000133332;Melbourne City Football Club;Melbourne City;Australie;1435;;2009;False;1;2000133332;5700;Ninja A-League;2000129935;ctrl:cyber Pitch;2000428712;1500;800;2;0;19;10;13;14;699;100;2500;€;232120.63;200104;0.0;0;0.0;0;0.0;0;0.0;0;0.0;0;0;0;;;;0;1;#68A8D8;#F8F8F8;#F8F8F8;True
2000134582;Portland Thorns;Portland Thorns;États-Unis;390;;2012;False;1;2000134582;7850;National Women's Soccer League;2000132563;Providence Park;976182;25000;25000;2;0;13;11;11;11;18918;16688;23857;€;1096640.77;945380;0.0;0;0.0;0;0.0;0;0.0;0;0.0;0;0;0;;;;0;10;#E00000;#F8F890;#E00000;True
2000134587;Seattle Reign FC;Seattle Reign;États-Unis;390;;2012;False;1;2000134587;7700;National Women's Soccer League;2000132563;Lumen Field;978652;68740;68740;2;0;16;11;11;11;13610;4059;34130;€;1750355.27;1508927;0.0;0;0.0;0;0.0;0;0.0;0;0.0;0;0;0;;;;0;1;#001848;#000000;#C88800;True
2000134588;NC Courage;NC Courage;États-Unis;390;;2017;False;1;2000134588;7750;National Women's Soccer League;2000132563;WakeMed Soccer Park;72018532;10000;10000;2;0;17;16;14;14;6100;5281;8135;€;1011347.13;871851;0.0;0;0.0;0;0.0;0;0.0;0;0.0;0;0;0;;;;0;10;#004068;#A00030;#004068;True
2000134591;Orlando Pride;Orlando Pride;États-Unis;390;;2015;False;1;2000134591;7800;National Women's Soccer League;2000132563;Inter&Co Stadium;72042162;25500;25500;2;0;15;11;11;10;6005;4702;7701;€;2144562.7;1848761;0.0;0;0.0;0;0.0;0;0.0;0;0.0;0;0;0;;;;0;10;#7058A0;#303048;#303048;True
2000134660;Chicago Stars FC;Chicago Stars;États-Unis;390;;2006;False;1;2000134660;7500;National Women's Soccer League;2000132563;SeatGeek Stadium;981288;28000;28000;2;0;14;8;9;11;4848;2300;10000;€;1615897.35;1393015;0.0;0;0.0;0;0.0;0;0.0;0;0.0;0;0;0;;;;0;49;#40B0E0;#F8F8F8;#C81028;True
2000134695;Houston Dash;Houston Dash;États-Unis;390;;2013;False;1;2000134695;7250;National Women's Soccer League;2000132563;Shell Energy Stadium;72036654;22039;22039;2;0;15;10;9;10;5857;4500;9200;€;1132498.69;976292;0.0;0;0.0;0;0.0;0;0.0;0;0.0;0;0;0;;;;0;49;#F89818;#F86800;#F89818;True
2000134698;Gotham FC;Gotham FC;États-Unis;390;;2006;False;1;2000134698;7800;National Women's Soccer League;2000132563;Sports Illustrated Stadium;982921;25219;25219;2;0;15;13;12;12;9500;6015;14271;€;645185.02;556194;0.0;0;0.0;0;0.0;0;0.0;0;0.0;0;0;0;;;;0;11;#080808;#A8D0D8;#080808;True
2000134701;Racing Louisville FC;Racing Louisville;États-Unis;390;;2019;False;1;2000134701;7600;National Women's Soccer League;2000132563;Lynn Family Stadium;2000027218;15304;11700;2;0;16;14;14;11;6150;5000;15000;€;995579.25;858258;0.0;0;0.0;0;0.0;0;0.0;0;0.0;0;0;0;;;;0;7;#C0B0E0;#F8F8F8;#C0B0E0;True
2000138348;FC Rosengård;FC Rosengård;Suède;797;;1970;False;1;2000138348;6400;OBOS Damallsvenskan;2000138349;Malmö IP;6411562;7600;3900;3;0;12;11;14;12;935;250;4500;€;31596.08;27238;0.0;0;0.0;0;0.0;0;0.0;0;0.0;0;0;0;;;;0;25;#182050;#C81018;#182050;True
2000148221;VfL Wolfsburg;Wolfsburg;Allemagne;771;;1945;False;1;2000148221;8400;Google Pixel Frauen-Bundesliga;2000148115;AOK Stadion;91129885;5200;1700;2;0;19;19;18;18;5691;100;7113;€;1028183.37;886365;0.0;0;0.0;0;0.0;0;0.0;0;0.0;0;0;0;;;;0;19;#105030;#20C008;#105030;True
2000148284;SV Werder Bremen;Werder Bremen;Allemagne;771;;1899;False;1;2000148284;6500;Google Pixel Frauen-Bundesliga;2000148115;"Stadion ""Platz 11""";6000024;5000;596;2;0;16;16;14;13;3361;100;5500;€;125307.84;108024;0.0;0;0.0;0;0.0;0;0.0;0;0.0;0;0;0;;;;0;12;#007058;#F8F8F8;#F8F8F8;True
2000148285;SGS Essen;SGS Essen;Allemagne;771;;2000;False;1;2000148285;6400;Google Pixel Frauen-Bundesliga;2000148115;Stadion an der Hafenstraße;91107967;19300;11610;2;0;16;16;19;15;2134;100;20352;€;126024.72;108642;0.0;0;0.0;0;0.0;0;0.0;0;0.0;0;0;0;;;;0;12;#F8F8F8;#504880;#504880;True
2000148286;Eintracht Frankfurt;Eintracht Frankfurt;Allemagne;771;;2020;False;1;2000148286;7250;Google Pixel Frauen-Bundesliga;2000148115;Stadion am Brentanobad;877210;5750;1100;2;0;18;18;16;17;3700;100;5650;€;655571.66;565148;0.0;0;0.0;0;0.0;0;0.0;0;0.0;0;0;0;;;;0;3;#E00010;#080808;#080808;True
2000148287;Sport-Club Freiburg;Freiburg;Allemagne;771;;1904;False;1;2000148287;6500;Google Pixel Frauen-Bundesliga;2000148115;Dreisamstadion;1324;24000;14000;2;0;17;17;16;15;3571;400;24000;€;91133.08;78563;0.0;0;0.0;0;0.0;0;0.0;0;0.0;0;0;0;;;;0;48;#F8F8F8;#E84848;#080808;True
2000148288;TSG 1899 Hoffenheim;Hoffenheim;Allemagne;771;;1899;False;1;2000148288;7000;Google Pixel Frauen-Bundesliga;2000148115;Dietmar-Hopp-Stadion;879227;6100;2500;2;0;17;17;16;16;1315;100;6350;€;376621.83;324674;0.0;0;0.0;0;0.0;0;0.0;0;0.0;0;0;0;;;;0;14;#283040;#485058;#2060A0;True
2000148290;1. FC Köln;Köln;Allemagne;771;;1948;False;1;2000148290;6500;Google Pixel Frauen-Bundesliga;2000148115;Franz-Kremer-Stadion;879762;5200;1900;2;0;17;17;14;14;5391;100;40000;€;159483.76;137486;0.0;0;0.0;0;0.0;0;0.0;0;0.0;0;0;0;;;;0;48;#F8F8F8;#B02830;#F8F8F8;True
2000148291;Bayer 04 Leverkusen;Bayer Leverkusen;Allemagne;771;;2008;False;1;2000148291;6750;Google Pixel Frauen-Bundesliga;2000148115;Ulrich-Haberland-Stadion;6000050;2817;100;2;0;16;16;16;14;1010;100;3200;€;146017.32;125877;0.0;0;0.0;0;0.0;0;0.0;0;0.0;0;0;0;;;;0;12;#303030;#080808;#A84038;True
2000148292;FC Bayern München;FC Bayern;Allemagne;771;;1970;False;1;2000148292;8600;Google Pixel Frauen-Bundesliga;2000148115;FC Bayern Campus;2000003270;4000;2500;2;0;19;19;18;17;3964;100;75000;€;1119518.29;965102;0.0;0;0.0;0;0.0;0;0.0;0;0.0;0;0;0;;;;0;37;#D01018;#F8F8F8;#F8F8F8;True
2000148999;Breiðablik;Breiðablik;Islande;774;;1950;False;2;2000148999;5250;Premier League féminine d'Islande;2000148997;Kópavogsvöllur;7840047;3009;1709;2;0;6;6;14;20;250;100;2500;€;0.0;0;0.0;0;0.0;0;0.0;0;0.0;0;0.0;0;0;0;;;;0;0;#588838;#F8F8F8;#F8F8F8;True
2000149008;Knattspyrnufélagið Valur;Valur;Islande;774;;1911;False;2;2000149008;5250;Premier League féminine d'Islande;2000148997;Hlíðarendi;7840064;2465;1201;1;0;8;8;13;15;200;100;2500;€;65161.84;56174;0.0;0;0.0;0;0.0;0;0.0;0;0.0;0;0;0;;;;0;1;#E00000;#F8F8F8;#F8F8F8;True
2000149100;Montpellier HSC Féminines;Montpellier;France;769;;2001;False;1;2000149100;7100;Division 1 Féminine française;2000149107;Stade Jules Rimet;85110842;1500;500;3;0;15;13;14;14;250;100;17750;€;0.0;0;0.0;0;0.0;0;0.0;0;0.0;0;0.0;0;0;0;;;;0;29;#102840;#F84800;#F84800;True
2000149123;Celtic;Celtic;Écosse;793;;2007;False;1;2000149123;6000;Premier League féminine d'Écosse;2000132415;ZLX Stadium;142102;6007;6007;1;0;15;6;6;12;250;100;15000;€;0.0;0;0.0;0;0.0;0;0.0;0;0.0;0;0.0;0;0;0;;;;0;4;#F8F8F8;#38A850;#207830;True
2000149869;OL Lyonnes;Lyonnes;France;769;;2004;False;1;2000149869;9000;Division 1 Féminine française;2000149107;Groupama Stadium;85015271;59186;59000;3;0;19;18;17;18;250;100;22500;€;0.0;0;0.0;0;0.0;0;0.0;0;0.0;0;0.0;0;0;0;;;;0;24;#F8F8F8;#082098;#F00040;True
2000149870;Paris Saint-Germain;Paris SG;France;769;;1971;False;1;2000149870;7950;Division 1 Féminine française;2000149107;Campus Paris-Saint-Germain;2000285673;5000;5000;2;0;18;17;17;19;250;100;19875;€;0.0;0;0.0;0;0.0;0;0.0;0;0.0;0;0.0;0;0;0;;;;0;16;#004070;#D82818;#004070;True
2000152066;CF Montréal;CF Montréal;Canada;364;;1992;False;1;2000152066;6050;Major League Soccer;40;Stade Saputo;981891;20801;20801;1;10;13;13;11;12;19619;13000;30000;€;4506478.07;3884895;0.0;0;0.0;0;0.0;0;75250.36;64871;0.0;0;0;609321791;;;;0;11;#0080E0;#080808;#0080E0;True
2000153732;St. Louis CITY SC;St. Louis CITY;États-Unis;390;;2019;False;1;2000153732;5900;Major League Soccer;40;Energizer Park;2000206866;22423;22423;1;9;17;17;12;14;22433;22000;60000;€;100.92;87;0.0;0;0.0;0;0.0;0;95368.24;82214;0.0;0;0;327715134;;;;0;10;#D80048;#901000;#901000;True
2000158666;Glasgow City;Glasgow City;Écosse;793;;1998;False;1;2000158666;6200;Premier League féminine d'Écosse;2000132415;Petershill Park;5201650;1500;500;1;0;3;6;6;10;250;100;15500;€;65161.84;56174;0.0;0;0.0;0;0.0;0;0.0;0;0.0;0;0;0;;;;0;25;#E86048;#F8F8F8;#F8F8F8;True
2000158692;FC Fleury 91;Fleury 91;France;769;;2003;False;1;2000158692;7100;Division 1 Féminine française;2000149107;Stade Municipale Fleury;50067919;20770;18850;2;0;14;14;15;12;250;100;17750;€;0.0;0;0.0;0;0.0;0;0.0;0;0.0;0;0.0;0;0;0;;;;0;21;#F8F8F8;#B00000;#080808;True
2000164437;Coton Football Club de Ouidah;Coton FC;Bénin;7;;0;False;1;2000164437;3500;Ligue 1 du Bénin;13211624;;;;;1;0;5;5;5;5;250;100;8750;€;0.0;0;0.0;0;0.0;0;0.0;0;0.0;0;0.0;0;0;0;;;;0;2;#F8F8F8;#60C0F8;#60C0F8;True
2000166586;SK Brann;Brann;Norvège;786;;1978;False;1;2000166586;6750;Première division féminine de Norvège;2000148543;Brann Stadion;1300484;17685;16685;2;0;14;14;15;16;2700;1250;16000;€;586252.38;505390;0.0;0;0.0;0;0.0;0;0.0;0;0.0;0;0;0;;;;0;1;#D02020;#D02020;#D02020;True
2000166588;Vålerenga Fotball;Vålerenga;Norvège;786;;1982;False;1;2000166588;6750;Première division féminine de Norvège;2000148543;Intility Arena;53136988;16556;11357;2;0;16;12;14;15;750;250;6500;€;289493.07;249563;0.0;0;0.0;0;0.0;0;0.0;0;0.0;0;0;0;;;;0;25;#0838C0;#A00820;#A00820;True
2000166590;Rosenborg BK;Rosenborg;Norvège;786;;1972;False;1;2000166590;6350;Première division féminine de Norvège;2000148543;Koteng Arena;1301041;2000;1000;2;0;14;15;14;11;900;400;12000;€;88835.12;76582;0.0;0;0.0;0;0.0;0;0.0;0;0.0;0;0;0;;;;0;12;#F8F8F8;#080808;#080808;True
2000166593;LSK Kvinner;LSK;Norvège;786;;1989;False;1;2000166593;6050;Première division féminine de Norvège;2000148543;LSK-hallen;53049092;1700;600;2;0;14;14;14;15;400;200;2500;€;0.0;0;0.0;0;0.0;0;0.0;0;0.0;0;0.0;0;0;0;;;;0;1;#F8D818;#080808;#F8D818;True
2000167899;F.C. Barcelona;Barcelona;Espagne;796;;2002;False;1;2000167899;9000;Première division féminine d'Espagne;2000167898;Estadi Johan Cruyff;31041532;6000;6000;2;0;19;19;17;17;4000;1500;90000;€;997490.93;859906;0.0;0;0.0;0;0.0;0;0.0;0;0.0;0;0;0;;;;0;56;#003098;#B81850;#D81058;True
2000167900;Club Atlético de Madrid;Atlético;Espagne;796;;2003;False;1;2000167900;7500;Première division féminine d'Espagne;2000167898;Centro Deportivo Alcalá de Henares;2000225168;2700;2700;2;0;15;14;16;15;1000;200;2700;€;431173.15;371701;0.0;0;0.0;0;0.0;0;0.0;0;0.0;0;0;0;;;;0;3;#C80020;#F8F8F8;#F8F8F8;True
2000167901;Athletic Club;Athletic Club;Espagne;796;;2002;False;1;2000167901;7200;Première division féminine d'Espagne;2000167898;Lezama;108999;3200;3200;2;0;17;16;15;20;2000;150;3250;€;2.32;2;0.0;0;0.0;0;0.0;0;0.0;0;0.0;0;0;0;;;;0;3;#C80000;#F8F8F8;#202020;True
2000167903;Levante U.D.;Levante;Espagne;796;;1998;False;1;2000167903;7300;Première division féminine d'Espagne;2000167898;Ciudad Deportiva de Buñol;1503182;2500;0;2;0;15;13;14;18;500;150;3000;€;174342.19;150295;0.0;0;0.0;0;0.0;0;0.0;0;0.0;0;0;0;;;;0;37;#182058;#C80030;#F8F8D8;True
2000167904;Madrid C.F.F;Madrid;Espagne;796;;2010;False;1;2000167904;6550;Première division féminine d'Espagne;2000167898;Estadio Fernando Torres;67188333;4500;4500;2;0;11;10;13;15;700;200;3000;€;56797.08;48963;0.0;0;0.0;0;0.0;0;0.0;0;0.0;0;0;0;;;;0;1;#F8F8F8;#F82888;#F8F8F8;True
2000167905;Real Hispalis;Real Hispalis;Espagne;796;;2011;False;1;2000167905;6350;;;Ciudad Deportiva Rafael Gordillo;2000302289;1500;1500;1;0;14;15;13;13;800;300;2500;€;68937.64;59429;0.0;0;0.0;0;0.0;0;0.0;0;0.0;0;0;0;;;;0;56;#F8F8F8;#009848;#009848;True
2000167907;Real Madrid C.F.;Real Madrid;Espagne;796;;2020;False;1;2000167907;7900;Première division féminine d'Espagne;2000167898;Alfredo Di Stéfano;67000003;6000;6000;2;0;19;19;16;18;1800;500;5000;€;527619.02;454844;0.0;0;0.0;0;0.0;0;0.0;0;0.0;0;0;0;;;;0;36;#F8F8F8;#F8C028;#283030;True
2000167908;Real Sociedad de Fútbol;Real Sociedad;Espagne;796;;2004;False;1;2000167908;6900;Première division féminine d'Espagne;2000167898;Zubieta (Z1);67141613;2500;2500;2;0;18;18;16;16;900;300;2500;€;111385.52;96022;0.0;0;0.0;0;0.0;0;0.0;0;0.0;0;0;0;;;;0;48;#F8F8F8;#003098;#080808;True
2000167910;Sevilla F.C.;Sevilla;Espagne;796;;2007;False;1;2000167910;6800;Première division féminine d'Espagne;2000167898;Estadio Jesús Navas;67035570;5000;5000;2;0;16;16;16;16;600;200;8000;€;67204.6;57935;0.0;0;0.0;0;0.0;0;0.0;0;0.0;0;0;0;;;;0;25;#F8F8F8;#C81018;#C81018;True
2000167912;U.D. Costa Adeje Tenerife;Costa Adeje;Espagne;796;;2013;False;1;2000167912;6500;;;Campo de Fútbol de Adeje;1500995;1100;1100;1;0;11;10;17;15;600;200;2500;€;2.32;2;0.0;0;0.0;0;0.0;0;0.0;0;0.0;0;0;0;;;;0;15;#F8F8F8;#0058C0;#F8F8F8;True
2000167913;Valencia C.F.;Valencia;Espagne;796;;2009;False;1;2000167913;6400;Deuxième division féminine d'Espagne;2000180088;Estadio Antonio Puchades;1079;3500;3500;2;0;16;16;16;16;700;300;3000;€;57283.12;49382;0.0;0;0.0;0;0.0;0;0.0;0;0.0;0;0;0;;;;0;1;#F8F8F8;#080808;#F8F8F8;True
2000168320;BK Häcken FF;BK Häcken FF;Suède;797;;1940;False;1;2000168320;7000;OBOS Damallsvenskan;2000138349;Nordic Wellnes Arena;93049693;6300;4500;3;0;16;13;14;15;1812;600;4900;€;152754.6;131685;0.0;0;0.0;0;0.0;0;0.0;0;0.0;0;0;0;;;;0;48;#080808;#E8C810;#080808;True
2000169149;Casciavit Milano;Casciavit;Italie;776;;2018;False;1;2000169149;6650;Serie A Women Athora;2000168606;Stadio Casciavit;1281;4000;4000;2;0;3;6;6;14;250;100;2500;€;1129553.45;973753;0.0;0;0.0;0;0.0;0;0.0;0;0.0;0;0;0;;;;0;8;#E00818;#101010;#101010;True
2000169154;Brøndby IF;Brøndby IF;Danemark;764;;1964;False;1;2000169154;6250;A-Liga;2000168609;1964 Park;932040;2400;0;2;0;14;12;13;11;250;100;15625;€;238139.87;205293;0.0;0;0.0;0;0.0;0;0.0;0;0.0;0;0;0;;;;0;4;#F0B808;#E8B000;#203878;True
2000170168;Hammarby IF;Hammarby IF;Suède;797;;1970;False;1;2000170168;7000;OBOS Damallsvenskan;2000138349;Hammarby IP;8111558;3100;800;2;0;14;13;16;16;2348;500;8000;€;370675.67;319548;0.0;0;0.0;0;0.0;0;0.0;0;0.0;0;0;0;;;;0;11;#F8F8F8;#F8F8F8;#007840;True
2000171066;FC Limonest Dardilly Saint-Didier;Limonest Dardilly;France;769;;2021;False;2;2000171066;3000;National 2 - Groupe C;914523;Parc Des Sports Courtois Fillot;85054514;1000;250;3;19;2;2;2;2;100;100;2500;€;0.0;0;0.0;0;0.0;0;0.0;0;7302.2;6295;0.0;0;0;550217;;;;0;15;#204888;#E8C040;#E8C040;True
2000176318;Juventus F.C.;Juventus;Italie;776;;1897;False;1;2000176318;7750;Serie A Women Athora;2000168606;Pozzo - La Marmora;707639;5827;1954;2;0;3;7;7;17;250;100;2500;€;1595458.15;1375395;0.0;0;0.0;0;0.0;0;0.0;0;0.0;0;0;0;;;;0;37;#F8F8F8;#383838;#F8A0D8;True
2000177192;Servette FC Chênois Féminin;Servette FCCF;Suisse;798;;1974;False;1;2000177192;6100;Women's Super League de Suisse;2000177190;Stade des Trois-Chênes;5723920;1000;300;1;0;12;14;14;16;600;500;4200;€;334599.67;288448;0.0;0;0.0;0;0.0;0;0.0;0;0.0;0;0;0;;;;0;36;#601828;#284090;#F8F8F8;True
2000178048;Havre AC;Havre AC;France;769;;2014;False;1;2000178048;6600;Division 1 Féminine française;2000149107;Stade Océane;8442058;24500;24500;2;0;15;14;14;14;250;100;16500;€;0.0;0;0.0;0;0.0;0;0.0;0;0.0;0;0.0;0;0;0;;;;0;5;#60B0D0;#001830;#080808;True
2000182364;Djurgårdens IF;Djurgårdens IF;Suède;797;;1891;False;1;2000182364;6000;OBOS Damallsvenskan;2000138349;Kristinebergs IP;614954;1500;930;2;0;14;14;14;13;1350;300;4000;€;80843.88;69693;0.0;0;0.0;0;0.0;0;0.0;0;0.0;0;0;0;;;;0;12;#30B8F0;#002050;#002050;True
2000183849;Paris FC;Paris FC;France;769;;2017;False;1;2000183849;7750;Division 1 Féminine française;2000149107;Stade Charléty;6201378;19151;19151;2;0;16;15;16;17;250;100;19375;€;0.0;0;0.0;0;0.0;0;0.0;0;0.0;0;0.0;0;0;0;;;;0;12;#002080;#0030A0;#F8F8F8;True
2000183851;AS Saint-Étienne;Saint-Étienne;France;769;;1977;False;1;2000183851;6350;Division 1 Féminine française;2000149107;Stade Municipale Saint-Étienne;2000300166;1250;0;2;0;15;14;12;11;250;100;15875;€;0.0;0;0.0;0;0.0;0;0.0;0;0.0;0;0.0;0;0;0;;;;0;2;#088860;#F8F8F8;#F8F8F8;True
2000186503;1. FFC Recklinghausen;Recklinghausen;Allemagne;771;;0;False;2;2000186503;3850;Regionalliga d'Allemagne Ouest;2000469347;Stadion Hohenhorst;2000457612;7000;7000;2;0;3;3;3;8;250;100;9625;€;0.0;0;0.0;0;0.0;0;0.0;0;0.0;0;0.0;0;0;0;;;;0;0;#3870D8;#000000;#3870D8;True
2000191660;Port Layola FC;Port Layola;Bélize;362;;2022;False;2;2000191660;2350;Premier League du Belize;87001465;;;;;1;0;4;3;3;14;250;100;5875;€;0.0;0;0.0;0;0.0;0;0.0;0;0.0;0;0.0;0;0;0;;;;0;54;#204080;#F8F8F8;#60C0F8;True
2000192337;KC Current;KC Current;États-Unis;390;;2020;False;1;2000192337;8000;National Women's Soccer League;2000132563;CPKC Stadium;2000338329;11500;11500;2;0;18;16;14;15;11353;11000;14191;€;953147.61;821679;0.0;0;0.0;0;0.0;0;0.0;0;0.0;0;0;0;;;;0;10;#C83038;#60C8C8;#60C8C8;True
2000192381;Angel City FC;Angel City FC;États-Unis;390;;2020;False;1;2000192381;8250;National Women's Soccer League;2000132563;BMO Stadium;72049314;22000;22000;2;0;17;13;13;14;19756;16739;24695;€;120708.44;104059;0.0;0;0.0;0;0.0;0;0.0;0;0.0;0;0;0;;;;0;1;#080808;#F0D0D0;#080808;True
2000198509;Glentoran;Glentoran;Irlande du Nord;785;;1987;False;2;2000198509;4350;Premiership féminin d'Irlande du Nord;2000210815;Ashfield Boys' High School;2000087108;100;0;1;0;2;4;4;7;250;100;10875;€;0.0;0;0.0;0;0.0;0;0.0;0;0.0;0;0.0;0;0;0;;;;0;30;#007838;#C80818;#007838;True
2000199511;CF Monterrey;Rayadas;Mexique;379;;2016;False;1;2000199511;6850;Première division féminine du Mexique;2000199505;Estadio BBVA;51014707;52000;52000;1;0;12;12;6;16;250;100;17125;€;0.0;0;0.0;0;0.0;0;0.0;0;0.0;0;0.0;0;0;0;;;;0;48;#F8F8F8;#182040;#182040;True
2000202624;EA Guingamp;EA Guingamp;France;769;;1969;False;1;2000202624;6100;Division 2 féminine française;2000183888;Terrain d'Honneur de l'Akademi;48044530;300;300;2;0;15;13;13;14;250;100;15250;€;0.0;0;0.0;0;0.0;0;0.0;0;0.0;0;0.0;0;0;0;;;;0;48;#E00010;#080808;#080808;True
2000202653;Dijon FCO;Dijon;France;769;;2006;False;1;2000202653;6250;Division 1 Féminine française;2000149107;Stade Gaston-Gérard;934;17085;15459;2;0;15;15;14;14;250;100;15625;€;0.0;0;0.0;0;0.0;0;0.0;0;0.0;0;0.0;0;0;0;;;;0;1;#E00000;#E00000;#E00000;True
2000202851;Puerto Rico Sol;PR Sol;Porto Rico;383;;2017;False;3;2000202851;3750;;;Estadio José Antonio Figueroa Freyre;82076165;11925;6717;1;0;4;4;4;15;250;100;9375;€;0.0;0;0.0;0;0.0;0;0.0;0;0.0;0;0.0;0;0;0;;;;0;;;;;False
2000204473;FC Nordsjælland;FC Nordsjælland;Danemark;764;;2003;False;2;2000204473;6050;A-Liga;2000168609;Right to Dream Park;837;10000;9200;2;0;16;18;20;20;200;100;2500;€;222809.31;192077;0.0;0;0.0;0;0.0;0;0.0;0;0.0;0;0;0;;;;0;1;#C82028;#F8D040;#C82028;True
2000204773;San Diego Wave FC;San Diego Wave FC;États-Unis;390;;2021;False;1;2000204773;7650;National Women's Soccer League;2000132563;Snapdragon Stadium;2000259717;35000;35000;2;0;15;12;12;12;20718;10289;32000;€;2.32;2;0.0;0;0.0;0;0.0;0;0.0;0;0.0;0;0;0;;;;0;7;#F8F8F8;#00C0D0;#E01878;True
2000204920;Football Club Borgo;FC Borgo;France;769;;2017;False;2;2000204920;3250;National 2 - Groupe B;914522;Complexe sportif Paul Natali;2000002709;2000;740;3;18;8;5;3;3;186;100;2500;€;2.32;2;0.0;0;0.0;0;0.0;0;7994.72;6892;0.0;0;0;345286;;;;0;25;#E00000;#F8F8F8;#E00000;True
2000209673;Sporting Clube de Portugal;Sporting CP;Portugal;788;;1906;False;1;2000209673;6600;Championnat national féminin du Portugal;2000209806;Stadium Aurélio Pereira;741571;1184;1184;1;0;20;16;20;20;250;100;16500;€;56635.84;48824;0.0;0;0.0;0;0.0;0;0.0;0;0.0;0;0;0;;;;0;49;#F8F8F8;#186038;#080808;True
2000209827;Blu-neri Milano;Blu-neri;Italie;776;;2018;False;1;2000209827;7000;Serie A Women Athora;2000168606;Stadio Blu-neri;831140;10000;10000;2;0;1;7;7;15;250;100;17500;€;1470100.44;1267328;0.0;0;0.0;0;0.0;0;0.0;0;0.0;0;0;0;;;;0;8;#2068E8;#000000;#181818;True
2000209828;A.C.F. Fiorentina;Fiorentina;Italie;776;;2015;False;1;2000209828;6750;Serie A Women Athora;2000168606;Stadio Curva Fiesole;2000283464;3000;0;2;0;3;6;6;14;250;100;2500;€;1123225.65;968298;0.0;0;0.0;0;0.0;0;0.0;0;0.0;0;0;0;;;;0;10;#603088;#F8F8F8;#F8F8F8;True
2000209829;F.C. Como Women;Como;Italie;776;;2019;False;1;2000209829;6100;Serie A Women Athora;2000168606;Stadio Ferruccio;831153;5000;5000;2;0;1;6;6;13;250;100;2500;€;932536.73;803911;0.0;0;0.0;0;0.0;0;0.0;0;0.0;0;0;0;;;;0;12;#F8F8F8;#181818;#F8F8F8;True
2000209836;A.S. Roma;Roma;Italie;776;;2018;False;1;2000209836;7500;Serie A Women Athora;2000168606;Stadio delle Tre Fontane;7983770;2983;2983;2;0;1;7;7;15;250;100;3000;€;1215801.77;1048105;0.0;0;0.0;0;0.0;0;0.0;0;0.0;0;0;0;;;;0;25;#881820;#F88030;#F88030;True
2000209837;U.S. Sassuolo Calcio;Sassuolo;Italie;776;;2016;False;1;2000209837;6150;Serie A Women Athora;2000168606;Stadio Enzo Ricci;3800255;4000;4000;2;1;1;6;6;13;250;100;15375;€;813605.42;701384;0.0;0;0.0;0;0.0;0;116.0;100;0.0;0;0;2965;;;;0;55;#408848;#080808;#F8F8F8;True
2000209838;Sportklub Niederösterreich St. Pölten;SKN St. Pölten;Autriche;755;;2016;False;1;2000209838;6600;Première division féminine d'Autriche;2000209813;Niederösterreich Arena;16066768;8000;8000;1;0;3;6;6;13;2400;100;8000;€;0.0;0;0.0;0;0.0;0;0.0;0;0.0;0;0.0;0;0;0;;;;0;10;#002080;#002080;#002080;True
2000209845;SCR Altach;SCR Altach;Autriche;755;;2021;False;2;2000209845;6200;Première division féminine d'Autriche;2000209813;Stadion Schnabelholz;5607424;8500;6300;1;0;2;6;6;10;250;100;15500;€;0.0;0;0.0;0;0.0;0;0.0;0;0.0;0;0.0;0;0;0;;;;0;7;#203040;#101010;#F8F8F8;True
2000209878;HB Køge;HB Køge;Danemark;764;;2009;False;1;2000209878;6250;A-Liga;2000168609;Capelli Sport Stadion;870;3000;3000;2;0;13;13;14;13;300;100;2500;€;285772.95;246356;0.0;0;0.0;0;0.0;0;0.0;0;0.0;0;0;0;;;;0;2;#0050D0;#080808;#080808;True
2000210128;Sport Club Corinthians Paulista;Corinthians;Brésil;1651;;1997;False;1;2000210128;7050;Première division nationale féminine du Brésil;2000314935;Parque São Jorge;301916;18500;18500;1;0;14;14;15;14;5000;100;40000;€;0.0;0;0.0;0;0.0;0;0.0;0;0.0;0;0.0;0;0;0;;;;0;1;#F0E020;#C82030;#185090;True
2000210131;Sport Lisboa e Benfica;Benfica;Portugal;788;;1904;False;1;2000210131;6950;Championnat national féminin du Portugal;2000209806;SLB Campus;55056830;2720;2644;1;0;20;20;19;20;250;100;17375;€;222153.91;191512;0.0;0;0.0;0;0.0;0;0.0;0;0.0;0;0;0;;;;0;25;#C82028;#F8F8F8;#080808;True
2000211203;São Paulo Futebol Clube;São Paulo;Brésil;1651;;0;False;1;2000211203;6250;Première division nationale féminine du Brésil;2000314935;Estádio Marcelo Portugal Gouveia;2000234289;1500;1500;1;0;13;13;12;13;250;100;15625;€;0.0;0;0.0;0;0.0;0;0.0;0;0.0;0;0.0;0;0;0;;;;0;34;#D00000;#101010;#F8D000;True
2000211764;Clube de Regatas do Flamengo;Flamengo;Brésil;1651;;1895;False;1;2000211764;6200;Première division nationale féminine du Brésil;2000314935;Estádio Luso-Brasileiro;301252;16000;16000;1;0;14;13;12;12;250;100;15500;€;0.0;0;0.0;0;0.0;0;0.0;0;0.0;0;0.0;0;0;0;;;;0;2;#F8F8F8;#0078F8;#0078F8;True
2000211765;Associação Ferroviária de Esportes;Ferroviária (SP);Brésil;1651;;2001;False;1;2000211765;6200;Première division nationale féminine du Brésil;2000314935;Arena da Fonte Luminosa;310632;20421;20421;1;0;13;13;12;12;700;300;10000;€;0.0;0;0.0;0;0.0;0;0.0;0;0.0;0;0.0;0;0;0;;;;0;2;#F8F8F8;#0078F8;#0078F8;True
2000212163;ŽFK Spartak;Spartak;Serbie;802;;1970;False;1;2000212163;5350;Super League féminine de Serbie;2000232686;Gradski stadion;131116;13000;4200;1;0;10;10;13;17;150;75;2500;€;73127.56;63041;0.0;0;0.0;0;0.0;0;0.0;0;0.0;0;0;0;;;;0;41;#60C0F8;#F8F8F8;#60C0F8;True
2000212171;Sporting Clube de Braga;BRG;Portugal;788;;1921;False;1;2000212171;6200;Championnat national féminin du Portugal;2000209806;Estádio Amélia Morais;2000382809;2800;2800;1;0;15;18;16;16;250;100;15500;€;76750.24;66164;0.0;0;0.0;0;0.0;0;0.0;0;0.0;0;0;0;;;;0;2;#C81018;#F8F8F8;#F8F8F8;True
2000212728;Stade de Reims;Stade de Reims;France;769;;1968;False;1;2000212728;6500;Division 2 féminine française;2000183888;Stade Louis Blériot;919008;2000;0;2;0;14;13;13;14;250;100;16250;€;0.0;0;0.0;0;0.0;0;0.0;0;0.0;0;0.0;0;0;0;;;;0;2;#E82020;#F8F8F8;#E82020;True
2000214067;Ferencvárosi Torna Club;Ferencváros;Hongrie;773;;2004;False;2;2000214067;6050;Première division féminine de Hongrie;2000232706;Kocsis Sándor Sportközpont;7522612;800;546;1;0;3;6;6;10;250;100;15125;€;0.0;0;0.0;0;0.0;0;0.0;0;0.0;0;0.0;0;0;0;;;;0;11;#F8F8F8;#008058;#008058;True
2000214533;FSV Gütersloh 2009;Gütersloh 2009;Allemagne;771;;2009;False;2;2000214533;4700;Regionalliga d'Allemagne Ouest;2000469347;Tönnies Arena;2000420360;4252;4252;2;0;1;4;4;10;250;100;11750;€;0.0;0;0.0;0;0.0;0;0.0;0;0.0;0;0.0;0;0;0;;;;0;0;#E00000;#000000;#E00000;True
2000214535;1. FC Saarbrücken;1. FC Saarbrücken;Allemagne;771;;1997;False;2;2000214535;4100;Regionalliga d'Allemagne Südwest;2000469371;Stadion Kieselhumes;880042;6000;800;2;0;2;4;4;7;250;100;10250;€;0.0;0;0.0;0;0.0;0;0.0;0;0.0;0;0.0;0;0;0;;;;0;48;#081018;#304078;#F8F8F8;True
2000214737;TSG 1899 Hoffenheim II;Hoffenheim II;Allemagne;771;;0;False;2;2000214737;4350;Regionalliga d'Allemagne Süd;2000469362;Dietmar-Hopp-Stadion;879227;6100;2500;1;0;3;2;1;1;250;100;10875;€;0.0;0;0.0;0;0.0;0;0.0;0;0.0;0;0.0;0;0;0;;;;0;1;#103060;#F8F8F8;#98A8C0;True
2000214742;1. FFC Turbine Potsdam II;1. FFC Turbine Potsdam II;Allemagne;771;;0;False;2;2000214742;3850;Regionalliga d'Allemagne Nordost;2000469346;Trainingsgelände Turbine Potsdam;2000423215;1000;0;1;0;1;1;1;1;250;100;9625;€;0.0;0;0.0;0;0.0;0;0.0;0;0.0;0;0.0;0;0;0;;;;0;2;#2850B0;#60C0F8;#2850B0;True
2000214744;1. FC Köln II;FC Köln II;Allemagne;771;;0;False;2;2000214744;3850;Regionalliga d'Allemagne Ouest;2000469347;Franz-Kremer-Stadion;879762;5200;1900;1;0;1;1;1;1;250;100;9625;€;0.0;0;0.0;0;0.0;0;0.0;0;0.0;0;0.0;0;0;0;;;;0;25;#F8F8F8;#B02830;#B02830;True
2000214746;Sport-Club Freiburg II;Freiburg II;Allemagne;771;;0;False;2;2000214746;4400;Regionalliga d'Allemagne Süd;2000469362;Schönbergstadion;880348;3000;0;1;0;1;1;1;1;250;100;11000;€;0.0;0;0.0;0;0.0;0;0.0;0;0.0;0;0.0;0;0;0;;;;0;12;#A00820;#F8F8F8;#F8F8F8;True
2000214748;RB Leipzig;RB Leipzig;Allemagne;771;;2009;False;1;2000214748;6400;Google Pixel Frauen-Bundesliga;2000148115;RB Leipzig Trainingszentrum;91150988;2050;2000;2;0;16;16;14;13;2011;100;3500;€;126024.72;108642;0.0;0;0.0;0;0.0;0;0.0;0;0.0;0;0;0;;;;0;1;#F8F8F8;#E00818;#E00818;True
2000214956;Slavia Prague;Slavia Prague;République tchèque;763;;1967;False;1;2000214956;6150;Première division féminine de Tchéquie;2000209811;Horní Měcholupy;5652934;1000;100;1;0;13;13;11;12;500;200;2500;€;0.0;0;0.0;0;0.0;0;0.0;0;0.0;0;0.0;0;0;0;;;;0;5;#D01028;#F8F8F8;#D01028;True
2000215252;FK Gintra Šiauliai;Gintra;Lituanie;779;;1999;False;2;2000215252;3850;Ligue A féminine de Lituanie;2000232685;Gytarių Stadionas;2000264274;1500;1500;2;0;2;3;3;7;250;100;9625;€;0.0;0;0.0;0;0.0;0;0.0;0;0.0;0;0.0;0;0;0;;;;0;25;#F8F000;#F8F8F8;#F8F000;True
2000219496;RC Lens;Lens;France;769;;2020;False;1;2000219496;6350;Division 1 Féminine française;2000149107;Stade François Blin;914525;5228;3000;2;0;16;16;13;12;250;100;15875;€;0.0;0;0.0;0;0.0;0;0.0;0;0.0;0;0.0;0;0;0;;;;0;12;#F8D000;#E00000;#E00000;True
2000228003;Mitsubishi Heavy Industries Urawa Reds;Urawa Reds;Japon;116;;2005;False;1;2000228003;6400;SOMPO WE League;2000225855;Urawa Komaba Stadium;102567;21481;14652;2;0;16;15;16;16;2380;1430;4905;€;40856.36;35221;0.0;0;0.0;0;0.0;0;0.0;0;0.0;0;0;0;;;;0;1;#901000;#901000;#080808;True
2000228360;INAC Kobe Leonessa;INAC Kobe Leonessa;Japon;116;;2001;False;1;2000228360;6250;SOMPO WE League;2000225855;Kobe Stadium;780793;28996;28996;2;0;15;16;15;16;2194;1432;3336;€;3.48;3;0.0;0;0.0;0;0.0;0;0.0;0;0.0;0;0;0;;;;0;3;#C81828;#E00000;#C81828;True
2000228397;Nippon TV Tokyo Verdy Beleza;Nippon TV Tokyo Beleza;Japon;116;;1981;False;1;2000228397;6500;SOMPO WE League;2000225855;Nishigaoka Soccer Stadium;107299;7137;5078;2;0;14;16;19;18;1377;819;2500;€;40623.2;35020;0.0;0;0.0;0;0.0;0;0.0;0;0.0;0;0;0;;;;0;1;#006030;#000000;#A08028;True
2000232699;SFK 2000 Sarajevo;SFK 2000;Bosnie-Herzégovine;759;;2000;False;1;2000232699;5200;Premier League de Bosnie;2000209808;Otoka;8500750;3000;3000;1;0;15;16;14;15;250;100;13000;€;0.0;0;0.0;0;0.0;0;0.0;0;0.0;0;0.0;0;0;0;;;;0;1;#080808;#080808;#080808;True
2000232701;AFC Universitatea Olimpia Cluj;Olimpia Cluj;Roumanie;790;;0;False;1;2000232701;5850;Super League féminine de Roumanie;2000232702;Iclod Arena;2000340307;300;0;1;0;1;5;5;11;250;100;14625;€;0.0;0;0.0;0;0.0;0;0.0;0;0.0;0;0.0;0;0;0;;;;0;;;;;False
2000232805;ŽNK Mura Murska Sobota;Mura;Slovénie;795;;1999;False;1;2000232805;5150;Ligue féminine de Slovénie;2000232806;Fazanerija;1301192;4506;4506;1;0;12;13;13;16;120;80;2500;€;94907.72;81817;0.0;0;0.0;0;0.0;0;0.0;0;0.0;0;0;0;;;;0;25;#080808;#F8F8F8;#F8F8F8;True
2000232845;ŽFK Breznica Pljevlja;Breznica;Monténégro;62002127;;2013;False;1;2000232845;3250;Ligue féminine du Monténégro;2000232846;Gradski stadion pod Golubinjom;136491;5140;5140;1;0;11;11;10;15;160;50;2500;€;0.0;0;0.0;0;0.0;0;0.0;0;0.0;0;0.0;0;0;0;;;;0;36;#0030A0;#F8F8F8;#F8F8F8;True
2000233753;Racing FC Union Luxembourg;Racing FC Luxembourg;Luxembourg;780;;2005;False;2;2000233753;4250;Ligue féminine du Luxembourg;2000233754;Stade Camille Polfer;1300754;2740;240;1;0;10;12;12;20;250;100;10625;€;65161.84;56174;0.0;0;0.0;0;0.0;0;0.0;0;0.0;0;0;0;;;;0;2;#58B8E8;#F8F8F8;#F8F8F8;True
2000233858;Helsingin Jalkapalloklubi;HJK;Finlande;768;;1971;False;1;2000233858;4950;Première division féminine de Finlande;2000173687;Töölön jalkapallostadion;115602;10770;10770;1;0;14;12;15;16;800;200;2500;€;0.0;0;0.0;0;0.0;0;0.0;0;0.0;0;0.0;0;0;0;;;;0;48;#F8F8F8;#0050B8;#0050B8;True
2000233865;Linfield;Linfield;Irlande du Nord;785;;0;False;2;2000233865;4350;Premiership féminin d'Irlande du Nord;2000210815;New Midgley Park;418221;1000;200;1;0;3;4;4;5;250;100;10875;€;0.0;0;0.0;0;0.0;0;0.0;0;0.0;0;0.0;0;0;0;;;;0;7;#0060C8;#004088;#F8F8F8;True
2000252483;RC Strasbourg Alsace;Strasbourg;France;769;;1906;False;1;2000252483;6700;Division 1 Féminine française;2000149107;Stade Municipale Strasbourg;914702;3000;0;2;0;14;13;13;13;250;100;16750;€;0.0;0;0.0;0;0.0;0;0.0;0;0.0;0;0.0;0;0;0;;;;0;1;#0030A0;#0030A0;#F8F8F8;True
2000252486;FC Nantes;Nantes;France;769;;1943;False;1;2000252486;6650;Division 1 Féminine française;2000149107;Stade Marcel Saupin;3501939;2280;1880;2;0;16;15;15;15;650;345;2500;€;0.0;0;0.0;0;0.0;0;0.0;0;0.0;0;0.0;0;0;0;;;;0;12;#F8C800;#009858;#009858;True
2000252492;LOSC Lille;Lille;France;769;;2015;False;1;2000252492;6150;Division 2 féminine française;2000183888;Stade annexe du Stadium Lille Métropole;8445074;1000;300;2;0;3;6;6;13;250;100;15375;€;0.0;0;0.0;0;0.0;0;0.0;0;0.0;0;0.0;0;0;0;;;;0;12;#C82020;#902028;#902028;True
2000252593;Marseillaises;Marseillaises;France;769;;1927;False;1;2000252593;6800;Division 1 Féminine française;2000149107;Stade Francis Turcan;949;8500;8289;2;0;15;13;6;15;250;100;17000;€;0.0;0;0.0;0;0.0;0;0.0;0;0.0;0;0.0;0;0;0;;;;0;1;#F8F8F8;#2098C8;#2098C8;True
2000252760;San Marino Academy;San Marino Academy;Saint-Marin;792;;2004;False;2;2000252760;4250;Deuxième division féminine d'Italie;2000184919;Acquaviva;60001184;750;515;2;0;3;4;4;9;250;100;10625;€;261229.67;225198;0.0;0;0.0;0;0.0;0;0.0;0;0.0;0;0;0;;;;0;1;#0050D0;#F8F8F8;#F8F8F8;True
2000252768;Capitolini Celesti;Celesti;Italie;776;;2015;False;1;2000252768;6500;Serie A Women Athora;2000168606;Stadio dei Capitolini;43156068;3000;0;2;0;2;6;6;14;250;100;16250;€;1253096.92;1080256;0.0;0;0.0;0;0.0;0;0.0;0;0.0;0;0;0;;;;0;1;#80B0F0;#F8F8F8;#F8F8F8;True
2000254308;Cliftonville;Cliftonville;Irlande du Nord;785;;0;False;2;2000254308;4500;Premiership féminin d'Irlande du Nord;2000210815;Solitude;1300838;3054;3054;1;0;2;4;4;8;250;100;11250;€;65161.84;56174;0.0;0;0.0;0;0.0;0;0.0;0;0.0;0;0;0;;;;0;1;#D82020;#F8F8F8;#F8F8F8;True
2000254401;C.F. Pachuca;Pachuca;Mexique;379;;2016;False;1;2000254401;6900;Première division féminine du Mexique;2000199505;Estadio Hidalgo;116205;30024;30024;1;0;15;13;6;16;250;100;17250;€;0.0;0;0.0;0;0.0;0;0.0;0;0.0;0;0.0;0;0;0;;;;0;11;#085088;#F8F8F8;#085088;True
2000254864;Club América;Club América;Mexique;379;;2016;False;1;2000254864;6950;Première division féminine du Mexique;2000199505;Estadio Banorte;103143;87500;87500;1;0;13;12;6;16;250;100;17375;€;0.0;0;0.0;0;0.0;0;0.0;0;0.0;0;0.0;0;0;0;;;;0;52;#E0C800;#405098;#A82030;True
2000254868;CD Guadalajara;CD Guadalajara;Mexique;379;;2016;False;1;2000254868;6150;Première division féminine du Mexique;2000199505;Estadio Akron;51008486;49850;49850;1;0;12;12;6;15;250;100;15375;€;0.0;0;0.0;0;0.0;0;0.0;0;0.0;0;0.0;0;0;0;;;;0;48;#D80008;#F8F8F8;#183048;True
2000254869;FC Juárez;FC Juárez;Mexique;379;;2019;False;1;2000254869;6100;Première division féminine du Mexique;2000199505;Estadio Olímpico Benito Juárez;136039;22300;22300;1;0;10;9;6;14;250;100;15250;€;0.0;0;0.0;0;0.0;0;0.0;0;0.0;0;0.0;0;0;0;;;;0;16;#98F048;#B8F078;#58B858;True
2000254877;Deportivo Toluca F.C.;Deportivo Toluca FC;Mexique;379;;2017;False;1;2000254877;6200;Première division féminine du Mexique;2000199505;Estadio Nemesio Díez;136006;31000;31000;1;0;10;10;6;14;250;100;15500;€;0.0;0;0.0;0;0.0;0;0.0;0;0.0;0;0.0;0;0;0;;;;0;1;#F80800;#901000;#F8F8F8;True
2000254878;Tigres UANL;Tigres;Mexique;379;;2016;False;1;2000254878;7050;Première division féminine du Mexique;2000199505;Estadio Universitario de Nuevo León;104471;42000;42000;1;0;12;12;7;16;250;100;17625;€;0.0;0;0.0;0;0.0;0;0.0;0;0.0;0;0.0;0;0;0;;;;0;15;#F8D000;#2850B0;#2850B0;True
2000258700;Muras United Jalalabad FC;Muras United;Kirghizistan;121;;2023;False;1;2000258700;4250;Division Supérieure du Kyrgyzstan;59005735;Kurmanbek;59069918;5000;5000;1;0;14;13;10;14;1568;750;7000;€;906839.25;781758;0.0;0;0.0;0;0.0;0;0.0;0;0.0;0;0;0;;;;0;14;#2070D8;#2858B0;#F8F8F8;True
2000259716;San Diego Football Club;San Diego FC;États-Unis;390;;2023;False;1;2000259716;5800;Major League Soccer;40;Snapdragon Stadium;2000259717;35000;35000;1;6;19;19;12;14;28064;22360;35080;€;19731897.55;17010257;0.0;0;0.0;0;0.0;0;114656.72;98842;0.0;0;0;342090106;;;;0;10;#303038;#E00020;#0050A0;True
2000260284;Utah Royals;Utah Royals;États-Unis;390;;2017;False;1;2000260284;7250;National Women's Soccer League;2000132563;America First Field;72003128;20252;20252;2;0;17;12;12;12;9803;8678;12253;€;383738.43;330809;0.0;0;0.0;0;0.0;0;0.0;0;0.0;0;0;0;;;;0;0;#F8B818;#000000;#001860;True
2000263035;El-Merriekh SC Bentiu;El-Merriekh Bentiu;Soudan du Sud;13113220;;0;False;2;2000263035;3000;Première division du Soudan du Sud;13211718;Juba National Stadium;13113222;7000;7000;1;0;5;4;4;8;250;100;7500;€;0.0;0;0.0;0;0.0;0;0.0;0;0.0;0;0.0;0;0;0;;;;0;1;#F8D000;#E00000;#E00000;True
2000264838;Abu Muslim Farah FC;Abu Muslim FC;Afghanistan;106;;1967;False;2;2000264838;850;Première division afghane;23106020;Afghanistan Football Federation Stadium;23191534;5000;5000;1;0;1;1;1;1;250;100;2500;€;0.0;0;0.0;0;0.0;0;0.0;0;0.0;0;0.0;0;0;0;;;;0;35;#F8F8F8;#000000;#E00000;True
2000272904;Defence Force;Defence Force;Trinité-et-Tobago;389;;2018;False;2;2000272904;3900;Ligue féminine de football de TT;2000274200;Frederick Village Grounds;791160;700;0;1;0;6;6;6;18;250;100;9750;€;0.0;0;0.0;0;0.0;0;0.0;0;0.0;0;0.0;0;0;0;;;;0;;;;;False
2000276263;Racing Power Football Club;Racing Power;Portugal;788;;2020;False;1;2000276263;6100;Championnat national féminin du Portugal;2000209806;Complexo Municipal de Atletismo de Setúbal;2000000014;1500;1500;1;0;10;10;8;8;250;100;15250;€;46626.2;40195;0.0;0;0.0;0;0.0;0;0.0;0;0.0;0;0;0;;;;0;8;#F86000;#60C0F8;#080808;True
2000276716;MFA Žalgiris-MRU;MFA Žalgiris;Lituanie;779;;2013;False;2;2000276716;4000;Ligue A féminine de Lituanie;2000232685;BFA Arena;2000282825;500;500;2;0;1;4;4;7;250;100;10000;€;0.0;0;0.0;0;0.0;0;0.0;0;0.0;0;0.0;0;0;0;;;;0;11;#F8F8F8;#008058;#008058;True
2000276730;FC Hegelmann;Hegelmann;Lituanie;779;;2022;False;2;2000276730;3500;Ligue A féminine de Lituanie;2000232685;LFF Kauno Treniruočių Centras;47050325;500;500;2;0;2;3;3;5;250;100;8750;€;0.0;0;0.0;0;0.0;0;0.0;0;0.0;0;0.0;0;0;0;;;;0;34;#0050D0;#60C0F8;#0050D0;True
2000277949;Wrexham AFC;Wrexham;Pays de Galles;801;;2018;False;2;2000277949;4700;Adran Premier;2000169152;Rock;74013673;3500;542;2;0;10;9;6;5;550;250;2500;€;146835.12;126582;0.0;0;0.0;0;0.0;0;0.0;0;0.0;0;0;0;;;;0;1;#C81028;#C81028;#F8F8F8;True
2000278336;ŽFK Ljuboten Tetovo;Ljuboten;Macédoine du Nord;781;;2017;False;2;2000278336;3800;Ligue 1 féminine de Macédoine du Nord;2000233879;AMS Tetovo;47091017;300;100;1;0;7;7;6;5;90;70;2500;€;65161.84;56174;0.0;0;0.0;0;0.0;0;0.0;0;0.0;0;0;0;;;;0;14;#0050D0;#2070F0;#0050D0;True
2000278562;FCV Farul Constanţa;Farul Constanţa;Roumanie;790;;0;False;1;2000278562;6050;Super League féminine de Roumanie;2000232702;Central - Academia Gh. Hagi;57138418;4545;4545;1;0;3;6;6;12;250;100;15125;€;0.0;0;0.0;0;0.0;0;0.0;0;0.0;0;0.0;0;0;0;;;;0;;;;;False
2000278572;ŽFK Budućnost Podgorica;Budućnost;Monténégro;62002127;;2005;False;1;2000278572;3500;Ligue féminine du Monténégro;2000232846;Trening kamp FK Budućnost;62075587;400;400;1;0;12;11;9;14;130;50;2500;€;30075.32;25927;0.0;0;0.0;0;0.0;0;0.0;0;0.0;0;0;0;;;;0;37;#0050B8;#F8F8F8;#F8F8F8;True
2000278776;ŽFK Crvena zvezda;Crvena zvezda;Serbie;802;;2003;False;1;2000278776;5250;Super League féminine de Serbie;2000232686;Rajko Mitić;1301367;51755;51755;1;0;13;13;12;15;200;100;2500;€;61312.96;52856;0.0;0;0.0;0;0.0;0;0.0;0;0.0;0;0;0;;;;0;48;#E00000;#F8F8F8;#F8F8F8;True
2000279119;AS Tigresses;AS Tigresses;Haïti;375;;1972;False;3;2000279119;4250;Championnat National Féminin d'Haïti;2000274213;Centre Sportif Dadadou;2000201070;2000;0;1;0;5;6;9;15;250;100;10625;€;0.0;0;0.0;0;0.0;0;0.0;0;0.0;0;0.0;0;0;0;;;;0;2;#F8D040;#182020;#182020;True
2000279749;Puerto Rico Caribbean Stars;Caribbean Stars;Porto Rico;383;;2009;False;3;2000279749;4000;Liga Puerto Rico Femenina;2000274211;Complejo Recreo Deportivo del Este;2000279755;750;0;1;0;4;4;4;14;250;100;10000;€;0.0;0;0.0;0;0.0;0;0.0;0;0.0;0;0.0;0;0;0;;;;0;19;#2868B0;#D02020;#D02020;True
2000287077;FK Arkadag;Arkadag;Turkménistan;142;;2023;False;1;2000287077;4500;Yokary Ligasy de Turkménistan 1;5638083;Arkadag Stadiony;59059964;10000;10000;1;0;12;10;10;12;250;100;11250;€;1487179.12;1282051;0.0;0;0.0;0;0.0;0;0.0;0;0.0;0;0;0;;;;0;15;#0050D0;#F8F8F8;#F8F8F8;True
2000287751;Paradise FC;Paradise FC;Barbade;361;;0;False;2;2000287751;2250;Première division féminine de la Barbade;2000274194;;;;;1;0;3;3;3;12;250;100;5625;€;0.0;0;0.0;0;0.0;0;0.0;0;0.0;0;0.0;0;0;0;;;;0;46;#F8F000;#0040B0;#F8F000;True
2000292360;Wellington Phoenix Football Club;Wellington Phoenix;Nouvelle-Zélande;1438;;2007;False;1;2000292360;5200;Ninja A-League;2000129935;Jerry Collins Stadium;23210133;1900;1000;2;0;11;14;17;16;2302;800;5213;€;2.32;2;0.0;0;0.0;0;0.0;0;0.0;0;0.0;0;0;0;;;;0;56;#F8E810;#080808;#080808;True
2000294971;SV 67 Weinberg;Weinberg;Allemagne;771;;0;False;2;2000294971;4500;Regionalliga d'Allemagne Süd;2000469362;Sportanlage Erlbachweg;2000400128;2000;0;2;0;3;4;4;10;250;100;11250;€;0.0;0;0.0;0;0.0;0;0.0;0;0.0;0;0.0;0;0;0;;;;0;0;#F8F000;#000000;#F8F000;True
2000299287;Wuhan Vehicle Valley Jianghan University FC;WH VV Jianghan Univ. FC;Chine;110;;2001;False;1;2000299287;6250;Super League féminine de Chine;2000199497;Tazihu Training Base Ground No.2;2000063062;200;0;1;0;8;5;4;15;250;100;15625;€;0.0;0;0.0;0;0.0;0;0.0;0;0.0;0;0.0;0;0;0;;;;0;55;#0078F8;#0030A0;#0078F8;True
2000316318;Bay FC;Bay FC;États-Unis;390;;2023;False;1;2000316318;7500;National Women's Soccer League;2000132563;PayPal Park;72013735;18000;18000;2;0;15;12;12;10;16000;14000;20000;€;2.32;2;0.0;0;0.0;0;0.0;0;0.0;0;0.0;0;0;0;;;;0;1;#282838;#E0E8E8;#D85040;True
2000320675;Malmö FF;Malmö FF;Suède;797;;1910;False;1;2000320675;6250;OBOS Damallsvenskan;2000138349;Eleda Stadion;68011805;22500;22500;3;0;16;15;15;14;1650;750;9000;€;159357.32;137377;0.0;0;0.0;0;0.0;0;0.0;0;0.0;0;0;0;;;;0;1;#80B8F0;#80B8F0;#F8F8F8;True
2000324675;United FC Purple;United FC (BAH);Bahamas;388;;0;False;3;2000324675;2000;Ligue de football féminine des Bahamas;2000274195;Roscow A. L. Davies Soccer Field;82062067;1000;700;2;0;3;3;3;14;250;100;5000;€;0.0;0;0.0;0;0.0;0;0.0;0;0.0;0;0.0;0;0;0;;;;0;1;#8000B0;#F87000;#F87000;True
2000326380;Neom Sports Club;Neom SC;Arabie saoudite;133;;2023;True;1;2000326380;4400;Première division saoudienne;7920263;King Khalid Sports City Stadium;1025801;12000;12000;1;17;8;7;11;16;1500;400;10000;€;589839.1;508482;0.0;0;0.0;0;1172240.29;1010552;998298.29;860602;0.0;0;100;505176983;;;;0;1;#0090D0;#0090D0;#0090D0;True
2000337338;Weymouth Wales;Weymouth Wales;Barbade;361;;0;False;3;2000337338;2750;Première division féminine de la Barbade;2000274194;Wildey Astro Turf;82061854;2000;0;1;0;4;4;4;18;250;100;6875;€;0.0;0;0.0;0;0.0;0;0.0;0;0.0;0;0.0;0;0;0;;;;0;1;#38B070;#F8F8F8;#F8F8F8;True
2000337848;Sociedade Esportiva Palmeiras;Palmeiras;Brésil;1651;;1997;False;1;2000337848;6500;Première division nationale féminine du Brésil;2000314935;Jayme Cintra;301339;13000;2500;1;0;13;13;14;13;250;100;16250;€;0.0;0;0.0;0;0.0;0;0.0;0;0.0;0;0.0;0;0;0;;;;0;25;#E81820;#F8F000;#3848C8;True
2000338455;Sport Club Internacional;Internacional;Brésil;1651;;1983;False;1;2000338455;6050;Première division nationale féminine du Brésil;2000314935;SESC Protásio Alves;2000338598;2800;2800;1;0;13;12;13;12;250;100;15125;€;0.0;0;0.0;0;0.0;0;0.0;0;0.0;0;0.0;0;0;0;;;;0;25;#008030;#E00000;#E00000;True
2000338774;Cruzeiro Esporte Clube;Cruzeiro;Brésil;1651;;2019;False;1;2000338774;6050;Première division nationale féminine du Brésil;2000314935;Arena do Jacaré;19023980;18870;18870;1;0;11;10;9;9;250;100;15125;€;0.0;0;0.0;0;0.0;0;0.0;0;0.0;0;0.0;0;0;0;;;;0;25;#E00000;#F8F8F8;#F8F8F8;True
2000340174;SV Elversberg;SV Elversberg;Allemagne;771;;0;False;1;2000340174;4150;Regionalliga d'Allemagne Südwest;2000469371;Stadion Papiermühle;91151738;1500;0;2;0;2;4;4;7;250;100;10375;€;0.0;0;0.0;0;0.0;0;0.0;0;0.0;0;0.0;0;0;0;;;;0;1;#F8F8F8;#080808;#080808;True
2000340181;TuS Issel;TuS Issel;Allemagne;771;;1992;False;3;2000340181;3850;Regionalliga d'Allemagne Südwest;2000469371;Sportplatz im Schulzentrum Schweich;2000423212;150;0;2;0;2;3;3;8;250;100;9625;€;0.0;0;0.0;0;0.0;0;0.0;0;0.0;0;0.0;0;0;0;;;;0;0;#002060;#000000;#002060;True
2000340782;Hwacheon Korea Sports Promotion Foundation;Hwacheon KSPO;Corée du Sud;135;;2011;False;2;2000340782;6250;Ligue féminine de Corée;2000214915;Hwacheon Stadium;2000343614;3000;0;1;0;2;6;6;10;250;100;15625;€;0.0;0;0.0;0;0.0;0;0.0;0;0.0;0;0.0;0;0;0;;;;0;0;#0050D0;#0050D0;#F8F8F8;True
2000343196;1. FC Riegelsberg;Riegelsberg;Allemagne;771;;0;False;2;2000343196;3850;Regionalliga d'Allemagne Südwest;2000469371;Stadion Lindenstraße;880040;3000;0;2;0;2;3;3;8;250;100;9625;€;0.0;0;0.0;0;0.0;0;0.0;0;0.0;0;0.0;0;0;0;;;;0;2;#0050D0;#002080;#002080;True
2000343292;Beauties FC;Beauties;Namibie;36;;0;False;2;2000343292;2500;Super League féminine de Namibie;2000343123;NFA Technical Centre;2000343583;1000;0;1;0;3;2;2;4;250;100;6250;€;0.0;0;0.0;0;0.0;0;0.0;0;0.0;0;0.0;0;0;0;;;;0;15;#F87000;#282828;#282828;True
2000343610;Seoul Metropolitan Government Amazones;Seoul;Corée du Sud;135;;2004;False;2;2000343610;6100;Ligue féminine de Corée;2000214915;Seoul World Cup Auxiliary Stadium;2000532952;1000;0;1;0;1;6;6;10;250;100;15250;€;0.0;0;0.0;0;0.0;0;0.0;0;0.0;0;0.0;0;0;0;;;;0;0;#002060;#002060;#F8F8F8;True
2000344978;US d'Oyem;US d'Oyem;Gabon;19;;0;False;3;2000344978;2500;Championnat féminin du Gabon;2000343131;Stade d'Akouakam;13147216;2000;2000;1;0;3;2;2;2;250;100;6250;€;0.0;0;0.0;0;0.0;0;0.0;0;0.0;0;0.0;0;0;0;;;;0;1;#002080;#F8F8F8;#F8F8F8;True
2000345317;Gokulam Kerala FCW;Gokulam Kerala;Inde;112;;2018;False;2;2000345317;4000;Ligue féminine d'Inde;2000343111;Malappuram District Sports Complex Stadium;40025631;50000;30000;1;0;3;4;4;7;250;100;10000;€;0.0;0;0.0;0;0.0;0;0.0;0;0.0;0;0.0;0;0;0;;;;0;1;#782020;#782020;#F87830;True
2000346300;Somerset Lady Trojans;Somerset Trojans;Bermudes;363;;0;False;3;2000346300;2750;Ligue féminine des Bermudes;2000274192;Somerset Cricket Club;791077;1000;400;1;0;4;4;4;15;250;100;6875;€;0.0;0;0.0;0;0.0;0;0.0;0;0.0;0;0.0;0;0;0;;;;0;50;#C81828;#182020;#F8F8F8;True
2000346758;Atétiko Flamingo United;United Girls;Bonaire;214395;;0;False;3;2000346758;1750;Women's Open Class de Bonaire;2000274191;Stadion di Playa;23018001;3000;3000;1;0;2;2;2;13;250;100;4375;€;0.0;0;0.0;0;0.0;0;0.0;0;0.0;0;0.0;0;0;0;;;;0;38;#F09028;#F8F8F8;#182020;True
2000346768;Avengers FC;Avengers;Îles Vierges;129517;;0;False;3;2000346768;1850;Ligue nationale féminine des IVB;2000274190;East End Football Stadium;2000068646;500;250;1;0;3;3;3;12;250;100;4625;€;0.0;0;0.0;0;0.0;0;0.0;0;0.0;0;0.0;0;0;0;;;;0;1;#808080;#000000;#808080;True
2000346769;Rebels (VGB);Rebels (VGB);Îles Vierges;129517;;0;False;3;2000346769;1900;Ligue nationale féminine des IVB;2000274190;A.O. Shirley Recreational Ground;129519;3000;1500;1;0;3;3;3;12;250;100;4750;€;0.0;0;0.0;0;0.0;0;0.0;0;0.0;0;0.0;0;0;0;;;;0;34;#E00000;#F8D000;#F8D000;True
2000346882;HBA Panthers FC;Panthers (VGB);Îles Vierges;129517;;0;False;3;2000346882;1900;Ligue nationale féminine des IVB;2000274190;A.O. Shirley Recreational Ground;129519;3000;1500;1;0;3;3;3;12;250;100;4750;€;0.0;0;0.0;0;0.0;0;0.0;0;0.0;0;0.0;0;0;0;;;;0;50;#F8F8F8;#0050D0;#F8F000;True
2000346887;Elite SC;Elite;Îles Caïmans;365;;0;False;3;2000346887;2000;Premier League féminine des Îles Caïmans;2000274189;T.E. McField Sports Centre;82062303;2500;2500;1;0;3;3;3;15;250;100;5000;€;0.0;0;0.0;0;0.0;0;0.0;0;0.0;0;0.0;0;0;0;;;;0;10;#B00000;#080808;#080808;True
2000346987;Hang Yuan Football Club;Hang Yuan FC;Taipei chinois (RP de Chine);138;;2017;False;2;2000346987;1750;Ligue de football Mulan de Taipei chinois;2000343112;Fu Jen Catholic University Stadium;2000208519;3000;0;1;0;1;1;1;1;250;100;4375;€;0.0;0;0.0;0;0.0;0;0.0;0;0.0;0;0.0;0;0;0;;;;0;0;#B00000;#000000;#080808;True
2000347004;Hualien Football Team;Hualien;Taipei chinois (RP de Chine);138;;2014;False;2;2000347004;1750;Ligue de football Mulan de Taipei chinois;2000343112;Hualien County Athletics Field;2000347006;1000;0;1;0;2;1;1;1;250;100;4375;€;0.0;0;0.0;0;0.0;0;0.0;0;0.0;0;0.0;0;0;0;;;;0;0;#B81018;#000000;#B81018;True
2000347280;Academy SC;Academy;Îles Caïmans;365;;0;False;3;2000347280;1900;Premier League féminine des Îles Caïmans;2000274189;T.E. McField Sports Centre;82062303;2500;2500;1;0;3;3;3;16;250;100;4750;€;0.0;0;0.0;0;0.0;0;0.0;0;0.0;0;0.0;0;0;0;;;;0;50;#A01028;#A01028;#0050D0;True
2000347406;Provincia La Habana;La Habana;Cuba;367;;2013;False;3;2000347406;3500;Liga Nacional de Futbol de Cuba;2000274188;Terreno de Fútbol de Guanajay;5430486;750;0;1;0;5;5;5;15;250;100;8750;€;0.0;0;0.0;0;0.0;0;0.0;0;0.0;0;0.0;0;0;0;;;;0;1;#20B0F0;#000000;#080808;True
2000347883;Villa Clara;Villa Clara;Cuba;367;;2001;False;3;2000347883;3500;Liga Nacional de Futbol de Cuba;2000274188;Estadio Camilo Cienfuegos;5430491;5000;5000;1;0;5;5;5;10;250;100;8750;€;0.0;0;0.0;0;0.0;0;0.0;0;0.0;0;0.0;0;0;0;;;;0;2;#F06048;#182020;#182020;True
2000347896;Santiago de Cuba;Santiago de Cuba;Cuba;367;;2001;False;3;2000347896;3750;Liga Nacional de Futbol de Cuba;2000274188;;;;;1;0;5;5;5;15;250;100;9375;€;0.0;0;0.0;0;0.0;0;0.0;0;0.0;0;0.0;0;0;0;;;;0;1;#182020;#C81828;#C81828;True
2000350872;FC Metalist 1925 Kharkiv;Metalist 1925 Kharkiv;Ukraine;800;;2023;False;2;2000350872;5750;Ligue 1 féminine d'Ukraine;2000232688;KhTZ;5316464;500;0;1;0;11;11;10;12;250;100;14375;€;65161.84;56174;0.0;0;0.0;0;0.0;0;0.0;0;0.0;0;0;0;;;;0;1;#F8D000;#F8D000;#F8D000;True
2000350943;Iberia 1999 Tbilisi;Iberia 1999;Géorgie;770;;1999;False;1;2000350943;5350;Georgian National League;59126495;Stade Mikheil Meskhis Sakhelobis;492756;24600;24600;2;1;11;12;12;13;695;227;10000;€;1692400.51;1458966;0.0;0;0.0;0;0.0;0;1503.36;1296;0.0;0;0;191756;;;;0;25;#F8F8F8;#E00000;#E00000;True
2000351817;New India Goodwill Runners Sports Club;Goodwill Runners SC;Dominique;368;;0;False;3;2000351817;2500;DFA Women's Premier League;2000274186;Stockfarm Technical Centre;82061465;1000;0;1;0;3;3;3;12;250;100;6250;€;0.0;0;0.0;0;0.0;0;0.0;0;0.0;0;0.0;0;0;0;;;;0;1;#F8D040;#182020;#182020;True
2000352064;Dublanc FC;Dublanc;Dominique;368;;0;False;3;2000352064;2500;;;Almond Park;23225843;1000;0;1;0;3;3;3;15;250;100;6250;€;0.0;0;0.0;0;0.0;0;0.0;0;0.0;0;0.0;0;0;0;;;;0;25;#0050D0;#000000;#F8F8F8;True
2000352094;Dive Dominica Harlem United;Harlem Utd;Dominique;368;;0;False;3;2000352094;2400;DFA Women's Premier League;2000274186;Stockfarm Technical Centre;82061465;1000;0;1;0;3;3;3;14;250;100;6000;€;0.0;0;0.0;0;0.0;0;0.0;0;0.0;0;0.0;0;0;0;;;;0;14;#F8F8F8;#080808;#E8C060;True
2000353496;Lesotho Defence Force Football Club;LDF;Lesotho;26;;0;False;2;2000353496;2250;Lesotho First Division;2000350837;;;;;1;0;1;2;2;3;250;100;5625;€;0.0;0;0.0;0;0.0;0;0.0;0;0.0;0;0.0;0;0;0;;;;0;;;;;False
2000355463;Frazsier's Whip FC;Frazsier's Whip;Jamaïque;377;;0;False;3;2000355463;4000;Premier League féminine de Jamaïque;2000343082;Frazsier's Sports Complex;81012814;3000;3000;1;0;9;9;9;20;2000;500;15000;€;0.0;0;0.0;0;0.0;0;0.0;0;0.0;0;0.0;0;0;0;;;;0;1;#F0E860;#080808;#080808;True
2000356519;Planète Vision Pluriel Buyenzi Football Club;PVP Buyenzi FC;Burundi;10;;0;False;2;2000356519;2500;Burundi Women's Championship;2000356429;;;;;1;0;2;2;2;2;250;100;6250;€;0.0;0;0.0;0;0.0;0;0.0;0;0.0;0;0.0;0;0;0;;;;0;7;#F8F8F8;#2080C0;#2080C0;True
2000356522;Force des Fidèles Libres Associés pour la Promoti;Fofila PF;Burundi;10;;0;False;2;2000356522;2250;Burundi Women's Championship;2000356429;;;;;1;0;1;2;2;3;250;100;5625;€;0.0;0;0.0;0;0.0;0;0.0;0;0.0;0;0.0;0;0;0;;;;0;8;#F8F8F8;#F00860;#0050D0;True
2000356905;Red Scorpions Football Club;Red Scorpions FC;Gambie;20;;0;False;3;2000356905;2500;Championnat féminin de Gambie;2000356428;;;;;1;0;3;2;2;4;250;100;6250;€;0.0;0;0.0;0;0.0;0;0.0;0;0.0;0;0.0;0;0;0;;;;0;;;;;False
2000357537;Disciples Football Club;Disciples FC;Madagascar;29;;0;False;2;2000357537;2250;Madagascar First Division;2000356427;;;;;1;0;2;2;2;3;250;100;5625;€;0.0;0;0.0;0;0.0;0;0.0;0;0.0;0;0.0;0;0;0;;;;0;;;;;False
2000357539;SABNAM Football Club;SABNAM FC;Madagascar;29;;0;False;2;2000357539;2250;Madagascar First Division;2000356427;;;;;1;0;2;2;2;3;250;100;5625;€;0.0;0;0.0;0;0.0;0;0.0;0;0.0;0;0.0;0;0;0;;;;0;;;;;False
2000357679;Hồ Chí Minh City I W.F.C.;Hồ Chí Minh City;Vietnam;145;;1998;False;2;2000357679;3400;Ligue féminine nationale du Vietnam;2000343101;Thong Nhat;5622852;25000;16000;1;0;2;3;3;6;250;100;8500;€;0.0;0;0.0;0;0.0;0;0.0;0;0.0;0;0.0;0;0;0;;;;0;;;;;False
2000357692;Than Khoáng Sản Việt Nam W.F.C.;Than KSVN;Vietnam;145;;1998;False;2;2000357692;3250;Ligue féminine nationale du Vietnam;2000343101;Cam Pha;2000000747;15000;8400;1;0;3;3;3;6;250;100;8125;€;0.0;0;0.0;0;0.0;0;0.0;0;0.0;0;0.0;0;0;0;;;;0;;;;;False
2000358620;Denden Football Club;Denden FC;Érythrée;129511;;0;False;2;2000358620;2250;Eritrea Women's League;2000359532;;;;;1;0;3;2;2;3;250;100;5625;€;0.0;0;0.0;0;0.0;0;0.0;0;0.0;0;0.0;0;0;0;;;;0;;;;;False
2000358621;Insurance Football Club;Insurance FC;Érythrée;129511;;0;False;2;2000358621;2250;Eritrea Women's League;2000359532;;;;;1;0;3;2;2;3;250;100;5625;€;0.0;0;0.0;0;0.0;0;0.0;0;0.0;0;0.0;0;0;0;;;;0;;;;;False
2000358738;FK Žalgiris;Žalgiris;Lituanie;779;;2010;False;2;2000358738;3700;Ligue A féminine de Lituanie;2000232685;Senvagės Stadionas;47068851;500;500;1;0;2;3;3;7;250;100;9250;€;0.0;0;0.0;0;0.0;0;0.0;0;0.0;0;0.0;0;0;0;;;;0;48;#108830;#F8F8F8;#108830;True
2000358748;Cibao Fútbol Club;Cibao FC;République dominicaine;142527;;0;False;3;2000358748;4000;Liga Femenina Dominicana;2000359528;Estadio Cibao FC;82070457;5000;5000;1;0;6;6;7;18;250;100;10000;€;0.0;0;0.0;0;0.0;0;0.0;0;0.0;0;0.0;0;0;0;;;;0;1;#F87000;#000000;#F87000;True
2000359224;New Generation Queens Football Club;New Generation Queens FC;Zanzibar;13100103;;0;False;2;2000359224;2250;Zanzibar Women's League;2000359533;;;;;1;0;2;2;2;3;250;100;5625;€;0.0;0;0.0;0;0.0;0;0.0;0;0.0;0;0.0;0;0;0;;;;0;;;;;False
2000359232;Warrior Queens Football Club;Warrior Queens FC;Zanzibar;13100103;;0;False;2;2000359232;2000;Zanzibar Women's League;2000359533;;;;;1;0;2;2;2;3;250;100;5000;€;0.0;0;0.0;0;0.0;0;0.0;0;0.0;0;0.0;0;0;0;;;;0;;;;;False
2000359237;United Sisters Football Club;United Sisters FC;Seychelles;42;;0;False;2;2000359237;1750;Seychelles Women's League;2000359531;;;;;1;0;2;1;1;2;250;100;4375;€;0.0;0;0.0;0;0.0;0;0.0;0;0.0;0;0.0;0;0;0;;;;0;;;;;False
2000359323;Olympique de Cayenne Senior;Olympique Cayenne;Guyane;917496;;0;False;3;2000359323;3150;Première division de Guyane française;2000274185;Complexe Sportif Gérard-Holder;2000359325;750;50;1;0;5;5;5;15;250;100;7875;€;0.0;0;0.0;0;0.0;0;0.0;0;0.0;0;0.0;0;0;0;;;;0;37;#C81828;#182020;#182020;True
2000359328;Loyola Omnisports Club;Loyola OC;Guyane;917496;;0;False;3;2000359328;3150;Première division de Guyane française;2000274185;Stade Dr. Edmard Lama;82062447;3000;3000;1;0;5;4;4;12;250;100;7875;€;0.0;0;0.0;0;0.0;0;0.0;0;0.0;0;0.0;0;0;0;;;;0;48;#E08000;#F8F000;#F8F000;True
2000359564;Club Omnisport de Saint-Lauren-du-Maroni;Cosma Foot;Guyane;917496;;0;False;3;2000359564;3100;Première division de Guyane française;2000274185;Stade René Long;82062435;2258;758;1;0;5;5;5;15;250;100;7750;€;0.0;0;0.0;0;0.0;0;0.0;0;0.0;0;0.0;0;0;0;;;;0;15;#F8E050;#D02020;#D02020;True
2000359855;Paradise FC International;Paradise (GRN);Grenade;371;;0;False;3;2000359855;2250;Ligue féminine de football de la Grenade;2000274198;Kirani James Athletics Stadium;23017972;10000;10000;1;0;3;3;3;15;250;100;5625;€;0.0;0;0.0;0;0.0;0;0.0;0;0.0;0;0.0;0;0;0;;;;0;19;#F800F8;#B000B0;#F800F8;True
2000359884;Queen's Park Rangers FC 1969;QPR (GRN);Grenade;371;;0;False;3;2000359884;2500;Ligue féminine de football de la Grenade;2000274198;Kirani James Athletics Stadium;23017972;10000;10000;1;0;3;3;3;15;250;100;6250;€;0.0;0;0.0;0;0.0;0;0.0;0;0.0;0;0.0;0;0;0;;;;0;6;#D02020;#F8F8F8;#F8F8F8;True
2000360638;Sporting Club de Baie-Mahault;Sporting Club BM;Guadeloupe;917498;;0;False;3;2000360638;3250;Première division féminine de Guadeloupe;2000274184;Terrain de Convenance;82079422;1250;250;1;0;5;5;5;14;250;100;8125;€;0.0;0;0.0;0;0.0;0;0.0;0;0.0;0;0.0;0;0;0;;;;0;8;#182020;#D02020;#D02020;True
2000360883;L'Etoile de Morne-à-l'Eau;Etoile;Guadeloupe;917498;;0;False;3;2000360883;3000;Première division féminine de Guadeloupe;2000274184;Stade Pierre Monnerville;82062600;1200;0;1;0;5;5;5;13;250;100;7500;€;0.0;0;0.0;0;0.0;0;0.0;0;0.0;0;0.0;0;0;0;;;;0;25;#E00000;#F8F8F8;#F8F8F8;True
2000361149;Fruta Conquerors;Fruta Conquerors;Guyana;374;;0;False;3;2000361149;3000;Division 1 de ligue féminine du Guyana;2000274183;Tucville Ground;82062688;750;0;1;0;4;4;5;15;250;100;7500;€;0.0;0;0.0;0;0.0;0;0.0;0;0.0;0;0.0;0;0;0;;;;0;2;#F87000;#080808;#080808;True
2000361159;Guyana Police Force FC;Police (GUY);Guyana;374;;0;False;3;2000361159;3200;Division 1 de ligue féminine du Guyana;2000274183;Police Sports Club Grounds;82062770;700;0;1;0;4;4;3;12;250;100;8000;€;0.0;0;0.0;0;0.0;0;0.0;0;0.0;0;0.0;0;0;0;;;;0;1;#3878B8;#D02020;#D02020;True
2000361174;Guyana Defence Force;GDF;Guyana;374;;0;False;3;2000361174;3500;Division 1 de ligue féminine du Guyana;2000274183;Guyana Defence Force Ground;82061643;700;0;1;0;4;5;4;18;250;100;8750;€;0.0;0;0.0;0;0.0;0;0.0;0;0.0;0;0.0;0;0;0;;;;0;28;#008030;#B00000;#B00000;True
2000361253;Club Franciscain;Club Franciscain;Martinique;917502;;0;False;3;2000361253;3200;LFF de Martinique;2000274212;Stade Municipal de François;82062835;2000;500;1;0;5;5;5;15;250;100;8000;€;0.0;0;0.0;0;0.0;0;0.0;0;0.0;0;0.0;0;0;0;;;;0;12;#48B090;#404040;#F8F8F8;True
2000361308;CECUS Football Club;CECUS Football Club;Tchad;14;;0;False;2;2000361308;2250;Chad Women's League;2000362182;;;;;1;0;3;2;2;3;250;100;5625;€;0.0;0;0.0;0;0.0;0;0.0;0;0.0;0;0.0;0;0;0;;;;0;;;;;False
2000361406;AS Gustavia;Gustavia;Saint-Barthélemy;82082526;;0;False;3;2000361406;1000;LFF de Saint-Barthélemy;2000274210;Stade de Saint-Jean;82082528;2500;500;1;0;1;1;1;15;250;100;2500;€;0.0;0;0.0;0;0.0;0;0.0;0;0.0;0;0.0;0;0;0;;;;0;15;#F8E050;#204888;#204888;True
2000361410;FC Soualig;Soualiga;Saint-Martin (PB);917506;;0;False;3;2000361410;1500;SXMFF Women’s League;2000274180;Raul Illidge Sports Complex;23017966;3000;3000;1;0;2;2;3;14;250;100;3750;€;0.0;0;0.0;0;0.0;0;0.0;0;0.0;0;0.0;0;0;0;;;;0;0;#F048D0;#2838A8;#2838A8;True
2000361503;Belvedere FC (SXM);Belvedere (SXM);Saint-Martin (PB);917506;;0;False;3;2000361503;1750;SXMFF Women’s League;2000274180;Raul Illidge Sports Complex;23017966;3000;3000;1;0;2;2;3;15;250;100;4375;€;0.0;0;0.0;0;0.0;0;0.0;0;0.0;0;0.0;0;0;0;;;;0;29;#E068E0;#F8F8F8;#080808;True
2000361518;ASC Saint-Louis Stars;St. Louis Stars (SMT);Saint-Martin;917508;;0;False;3;2000361518;1500;Saint-Martin WFL;2000274182;Stade Alberic Richards;82063048;2600;0;1;0;2;2;3;15;250;100;3750;€;0.0;0;0.0;0;0.0;0;0.0;0;0.0;0;0.0;0;0;0;;;;0;28;#E00000;#F8F8F8;#F8F000;True
2000361522;Juventus de Saint-Martin;Juventus (SMT);Saint-Martin;917508;;0;False;3;2000361522;1750;Saint-Martin WFL;2000274182;Stade Alberic Richards;82063048;2600;0;1;0;2;2;3;10;250;100;4375;€;0.0;0;0.0;0;0.0;0;0.0;0;0.0;0;0.0;0;0;0;;;;0;4;#483830;#182020;#182020;True
2000361530;United Old Road Jets;Old Road Jets;Saint-Kitts et Névis;385;;0;False;3;2000361530;3100;Ligue féminine de SCN;2000274209;Warner Park;103164;3500;3500;1;0;4;4;4;15;250;100;7750;€;0.0;0;0.0;0;0.0;0;0.0;0;0.0;0;0.0;0;0;0;;;;0;34;#0030A0;#60C0F8;#60C0F8;True
2000361531;Newtown United FC;Newtown Utd;Saint-Kitts et Névis;385;;0;False;3;2000361531;3250;Ligue féminine de SCN;2000274209;Warner Park;103164;3500;3500;1;0;4;3;4;14;250;100;8125;€;0.0;0;0.0;0;0.0;0;0.0;0;0.0;0;0.0;0;0;0;;;;0;10;#C81828;#F8F8F8;#F8F8F8;True
2000361575;Largo Height;Largo Height;Saint-Vincent;386;;0;False;3;2000361575;2500;SVG Women's Premier League;2000274181;Victoria Park;82061819;3500;3500;1;0;4;4;4;12;250;100;6250;€;0.0;0;0.0;0;0.0;0;0.0;0;0.0;0;0.0;0;0;0;;;;0;7;#389070;#182020;#182020;True
2000361593;SWA Sharks;SWA Sharks;Îles Turks-et-Caïcos;129526;;0;False;3;2000361593;2000;TCI WFL;2000274178;National Stadium;151980;1500;0;1;0;3;3;2;15;250;100;5000;€;0.0;0;0.0;0;0.0;0;0.0;0;0.0;0;0.0;0;0;0;;;;0;1;#204888;#F8F8F8;#F8F8F8;True
2000361598;Laraza Virgin Islands Football Club;LRVI;Îles Vierges US;129523;;0;False;3;2000361598;1900;USVIR WFL;2000274177;Lionel Roberts Stadium;151983;9000;9000;3;0;3;3;3;12;250;100;4750;€;0.0;0;0.0;0;0.0;0;0.0;0;0.0;0;0.0;0;0;0;;;;0;20;#808080;#E0E0E0;#182020;True
2000362396;Determine Girls FC;Determine Girls;Liberia;27;;2005;False;2;2000362396;2500;Liberia First Division;2000343126;Antoinette Tubman Stadium;23017829;15000;15000;1;0;3;2;2;4;250;100;6250;€;0.0;0;0.0;0;0.0;0;0.0;0;0.0;0;0.0;0;0;0;;;;0;1;#3048D8;#3048D8;#3048D8;True
2000362425;Earth Angels FC;Earth Angels;Liberia;27;;0;False;2;2000362425;2250;Liberia First Division;2000343126;Tusa Field;2000089656;2000;1000;1;0;1;2;2;1;250;100;5625;€;0.0;0;0.0;0;0.0;0;0.0;0;0.0;0;0.0;0;0;0;;;;0;34;#0030A0;#B00000;#0030A0;True
2000364214;AS PSI;AS PSI;Tchad;14;;0;False;2;2000364214;2250;Chad Women's League;2000362182;;;;;1;0;3;2;2;3;250;100;5625;€;0.0;0;0.0;0;0.0;0;0.0;0;0.0;0;0.0;0;0;0;;;;0;11;#B00000;#F8F8F8;#B00000;True
2000364719;AS Vacoas-Phoenix Football Club;AS Vacoas-Phoenix FC;Île Maurice;33;;0;False;2;2000364719;1250;Mauritius Women's League;2000362180;;;;;1;0;1;1;1;1;250;100;3125;€;0.0;0;0.0;0;0.0;0;0.0;0;0.0;0;0.0;0;0;0;;;;0;;;;;False
2000364724;AS Port Louis 2000 Football Club;AS Port Louis 2000 FC;Île Maurice;33;;0;False;2;2000364724;1250;Mauritius Women's League;2000362180;;;;;1;0;1;1;1;1;250;100;3125;€;0.0;0;0.0;0;0.0;0;0.0;0;0.0;0;0.0;0;0;0;;;;0;;;;;False
2000365025;Hope Football Club;Hope FC;Djibouti;15;;0;False;2;2000365025;2250;Djibouti Women's League;2000362179;Stade Hassan Gouled;103036;10000;10000;1;0;1;2;2;3;250;100;5625;€;0.0;0;0.0;0;0.0;0;0.0;0;0.0;0;0.0;0;0;0;;;;0;;;;;False
2000365053;Grupo Desportivo Os Operários;GD Os Operários;São Tomé-et-Príncipe;40;;0;False;2;2000365053;1000;São Tomé and Príncipe Women's League;2000362175;;;;;1;0;2;1;1;1;250;100;2500;€;0.0;0;0.0;0;0.0;0;0.0;0;0.0;0;0.0;0;0;0;;;;0;;;;;False
2000365054;Clube Desportivo 1º de Maio;1º de Maio;São Tomé-et-Príncipe;40;;0;False;2;2000365054;1000;São Tomé and Príncipe Women's League;2000362175;;;;;1;0;3;1;1;1;250;100;2500;€;0.0;0;0.0;0;0.0;0;0.0;0;0.0;0;0.0;0;0;0;;;;0;;;;;False
2000365882;AS Port Djibouti Football Club;AS Port Djibouti FC;Djibouti;15;;0;False;2;2000365882;2250;Djibouti Women's League;2000362179;Stade Hassan Gouled;103036;10000;10000;1;0;3;2;2;3;250;100;5625;€;0.0;0;0.0;0;0.0;0;0.0;0;0.0;0;0.0;0;0;0;;;;0;;;;;False
2000366460;MWOS FC;MWOS FC;Zimbabwe;55;;2020;False;1;2000366460;3000;Première division du Zimbabwe;13190228;Ngoni Stadium;2000366462;10000;10000;1;0;1;3;3;6;250;100;7500;€;0.0;0;0.0;0;0.0;0;0.0;0;0.0;0;0.0;0;0;0;;;;0;1;#0050D0;#F8F8F8;#0050D0;True
2000370749;Gwalia United;Gwalia;Pays de Galles;801;;2024;False;2;2000370749;4250;FA Women's National Premier South;2000163438;USW Sports Park;2000002016;3000;180;2;0;12;6;7;6;200;100;2500;€;0.0;0;0.0;0;0.0;0;0.0;0;0.0;0;0.0;0;0;0;;;;0;1;#B00000;#006030;#006030;True
2000372724;Borussia Dortmund;Borussia Dortmund;Allemagne;771;;0;False;2;2000372724;5000;Regionalliga d'Allemagne Ouest;2000469347;Stadion Rote Erde;6000016;10000;3000;2;5;17;16;15;15;250;100;12500;€;0.0;0;0.0;0;0.0;0;0.0;0;1285.28;1108;0.0;0;0;56006;;;;0;19;#F8E000;#080808;#080808;True
2000372912;SV Henstedt-Ulzburg;Henstedt-Ulzburg;Allemagne;771;;0;False;2;2000372912;4100;Regionalliga d'Allemagne Nord;2000469344;Sportanlage Alsterquelle;879395;2000;0;2;0;2;4;4;9;250;100;10250;€;0.0;0;0.0;0;0.0;0;0.0;0;0.0;0;0.0;0;0;0;;;;0;1;#008030;#F8F8F8;#F8F8F8;True
2000373222;FK SeaSters Odesa;SeaSters;Ukraine;800;;2023;False;2;2000373222;5500;Ligue 1 féminine d'Ukraine;2000232688;Central Stadium Chornomorets;71016258;34164;34164;1;0;12;10;11;12;250;100;13750;€;0.0;0;0.0;0;0.0;0;0.0;0;0.0;0;0.0;0;0;0;;;;0;19;#F8F8F8;#60E088;#F8F8F8;True
2000376891;Scottland FC;Scottland FC;Zimbabwe;55;;2024;False;1;2000376891;3150;Première division du Zimbabwe;13190228;Rufaro Stadium;23017684;60000;60000;1;0;1;3;3;6;250;100;7875;€;0.0;0;0.0;0;0.0;0;0.0;0;0.0;0;0.0;0;0;0;;;;0;25;#0050D0;#F8F8F8;#0050D0;True
2000378457;Jamus SSCC;Jamus SC;Soudan du Sud;13113220;;2004;False;1;2000378457;3250;Première division du Soudan du Sud;13211718;Juba National Stadium;13113222;7000;7000;1;0;5;5;6;12;250;100;8125;€;0.0;0;0.0;0;0.0;0;0.0;0;0.0;0;0.0;0;0;0;;;;0;1;#901000;#F8F8F8;#F8D000;True
2000380396;C.D. Extremadura 1924;Extremadura;Espagne;796;;2022;False;1;2000380396;2450;Première Division B de la Fédération espagnole;2000048846;Francisco de la Hera;1038;11580;11580;2;14;9;9;10;12;4000;2500;10000;€;0.0;0;0.0;0;0.0;0;0.0;0;20074.96;17306;0.0;0;0;1814050;;;;0;3;#B00000;#002060;#002060;True
2000381093;Bhantal FC;Bhantal;Sierra Leone;43;;2019;False;1;2000381093;2250;Premier League de Sierra Leone;13211712;Approved School Field;2000449696;1000;1000;1;0;1;2;2;4;250;100;5625;€;0.0;0;0.0;0;0.0;0;0.0;0;0.0;0;0.0;0;0;0;;;;0;0;#F8F000;#8820C0;#8820C0;True
2000382520;DSC Arminia Bielefeld;Arminia Bielefeld;Allemagne;771;;1975;False;2;2000382520;4500;Regionalliga d'Allemagne Ouest;2000469347;EDImedienArena;2000420343;2500;0;2;0;2;4;4;10;250;100;11250;€;0.0;0;0.0;0;0.0;0;0.0;0;0.0;0;0.0;0;0;0;;;;0;2;#183878;#080808;#F8F8F8;True
2000382523;Hertha BSC;Hertha BSC;Allemagne;771;;0;False;2;2000382523;4450;Regionalliga d'Allemagne Nordost;2000469346;Hanns-Braun-Platz;2000420345;4000;0;2;0;3;4;4;9;250;100;11125;€;0.0;0;0.0;0;0.0;0;0.0;0;0.0;0;0.0;0;0;0;;;;0;48;#F8F8F8;#004898;#F8F8F8;True
2000383403;Wacker Mecklenbeck;Wacker Mecklenbeck;Allemagne;771;;0;False;2;2000383403;3950;Regionalliga d'Allemagne Ouest;2000469347;Speckbrettplatz Mecklenbeck;2000420352;500;0;2;0;1;3;3;8;250;100;9875;€;0.0;0;0.0;0;0.0;0;0.0;0;0.0;0;0.0;0;0;0;;;;0;0;#7020C0;#000000;#7020C0;True
2000383408;FC St. Pauli;St. Pauli;Allemagne;771;;0;False;2;2000383408;3950;Regionalliga d'Allemagne Nord;2000469344;Sportanlage Heiligengeistfeld;2000002687;1000;0;2;0;3;3;3;8;250;100;9875;€;0.0;0;0.0;0;0.0;0;0.0;0;0.0;0;0.0;0;0;0;;;;0;36;#402018;#F8F8F8;#F8F8F8;True
2000383409;ATS Buntentor;Buntentor;Allemagne;771;;0;False;2;2000383409;3750;Regionalliga d'Allemagne Nord;2000469344;Bezirkssportanlage Kuhhirten;2000186045;2000;0;2;0;1;3;3;8;250;100;9375;€;0.0;0;0.0;0;0.0;0;0.0;0;0.0;0;0.0;0;0;0;;;;0;0;#E00000;#000000;#F8F8F8;True
2000383410;FFC Wacker München;Wacker München;Allemagne;771;;0;False;2;2000383410;4100;Regionalliga d'Allemagne Süd;2000469362;FFC Wacker München Stadion;2000423213;150;0;2;0;3;4;4;9;250;100;10250;€;0.0;0;0.0;0;0.0;0;0.0;0;0.0;0;0.0;0;0;0;;;;0;0;#3870D8;#000000;#3870D8;True
2000384267;Guidonia Montecelio 1937 Football Club;Guidonia Montecelio;Italie;776;;2024;False;1;2000384267;3700;Série C/B italienne;43127173;Comunale (Guidonia Montecelio);7980344;2900;2900;3;24;5;5;5;5;250;100;9250;€;812821.26;700708;0.0;0;0.0;0;0.0;0;35411.32;30527;0.0;0;0;3677143;;;;0;16;#003068;#D02020;#003068;True
2000387579;Kaya Futbol Club-Iloilo;Kaya–Iloilo;Philippines;141;;2019;False;2;2000387579;3000;Première division des Philippines;2000343106;;;;;1;0;2;3;3;6;250;100;7500;€;0.0;0;0.0;0;0.0;0;0.0;0;0.0;0;0.0;0;0;0;;;;0;0;#E0E040;#000000;#E0E040;True
2000389710;Agile Brilliant AC;Agile Brilliant;Haïti;375;;0;False;3;2000389710;4000;Championnat National Féminin d'Haïti;2000274213;Centre Sportif Dadadou;2000201070;2000;0;1;0;5;7;9;12;250;100;10000;€;0.0;0;0.0;0;0.0;0;0.0;0;0.0;0;0.0;0;0;0;;;;0;34;#006030;#182020;#182020;True
2000391869;Viktoriia Sevastopol;Viktoriia Sevastopol;Crimée;215446;;1973;False;3;2000391869;1000;Division inférieure de Crimée;71088573;;;;;1;0;3;1;1;1;250;100;2500;€;0.0;0;0.0;0;0.0;0;0.0;0;0.0;0;0.0;0;0;0;;;;0;;;;;False
2000392115;Vorwärts Spoho Köln;Spoho Köln;Allemagne;771;;0;False;2;2000392115;3750;Regionalliga d'Allemagne Ouest;2000469347;Kunstrasenplatz Nordfeld;2000423216;1000;0;2;0;1;3;3;8;250;100;9375;€;0.0;0;0.0;0;0.0;0;0.0;0;0.0;0;0.0;0;0;0;;;;0;16;#006030;#008030;#008030;True
2000396135;Bayer 04 Leverkusen II;Bayer Leverkusen II;Allemagne;771;;0;False;2;2000396135;3950;Regionalliga d'Allemagne Ouest;2000469347;Ulrich-Haberland-Stadion;6000050;2817;100;1;0;3;2;1;1;250;100;9875;€;0.0;0;0.0;0;0.0;0;0.0;0;0.0;0;0.0;0;0;0;;;;0;45;#202020;#D04848;#404848;True
2000398345;1. FC Magdeburg;Magdeburg;Allemagne;771;;0;False;2;2000398345;3800;Regionalliga d'Allemagne Nordost;2000469346;Heinrich-Germer-Stadion;8700337;4990;150;2;0;1;3;3;8;250;100;9500;€;0.0;0;0.0;0;0.0;0;0.0;0;0.0;0;0.0;0;0;0;;;;0;1;#F8F8F8;#0058B8;#0058B8;True
2000398372;Hannover 96;Hannover 96;Allemagne;771;;0;False;2;2000398372;4000;Regionalliga d'Allemagne Nord;2000469344;Erika-Fisch-Stadion;2000255398;2000;400;2;0;2;4;4;9;250;100;10000;€;0.0;0;0.0;0;0.0;0;0.0;0;0.0;0;0.0;0;0;0;;;;0;1;#D03038;#D03038;#F8F8F8;True
2000421148;Lady Rovers Soccer Club;Rovers (VIR);Îles Vierges US;129523;;2022;False;3;2000421148;2000;USVIR WFL;2000274177;Bethlehem Soccer Stadium;2000001094;1200;1200;1;0;3;2;3;12;250;100;5000;€;0.0;0;0.0;0;0.0;0;0.0;0;0.0;0;0.0;0;0;0;;;;0;44;#080808;#F048D0;#F048D0;True
2000430205;Jebelle FC;JeBelle;Saint-Vincent;386;;0;False;3;2000430205;2500;SVG Women's Premier League;2000274181;Victoria Park;82061819;3500;3500;1;0;4;4;4;15;250;100;6250;€;0.0;0;0.0;0;0.0;0;0.0;0;0.0;0;0.0;0;0;0;;;;0;1;#4880B0;#F8F8F8;#F8F8F8;True
2000430699;RB Leipzig II;RB Leipzig II;Allemagne;771;;0;False;2;2000430699;4450;Regionalliga d'Allemagne Nordost;2000469346;RB Leipzig Trainingszentrum;91150988;2050;2000;1;0;3;2;1;1;250;100;11125;€;0.0;0;0.0;0;0.0;0;0.0;0;0.0;0;0.0;0;0;0;;;;0;4;#F8F8F8;#C02028;#C02028;True
2000430927;Black Panthers Sports Club;Black Panthers;Sainte-Lucie;384;;0;False;3;2000430927;2500;LFF de  Sainte-Lucie;2000274208;Soufrière Mini Stadium;82062976;2000;2000;1;0;4;4;4;13;250;100;6250;€;0.0;0;0.0;0;0.0;0;0.0;0;0.0;0;0.0;0;0;0;;;;0;25;#182020;#F8F8F8;#F8F8F8;True
2000431085;Bexon Active Youth Squad;BAYS;Sainte-Lucie;384;;2002;False;3;2000431085;2500;LFF de  Sainte-Lucie;2000274208;Bones Park;23017982;20000;20000;1;0;4;4;4;14;250;100;6250;€;0.0;0;0.0;0;0.0;0;0.0;0;0.0;0;0.0;0;0;0;;;;0;32;#E00000;#F8F8F8;#080808;True
2000431128;Victory Eagles Sports Club Academy;Victory Eagles;Sainte-Lucie;384;;0;False;3;2000431128;2750;LFF de  Sainte-Lucie;2000274208;Phillip Marcellin Grounds;82063007;1000;250;1;0;4;4;4;14;250;100;6875;€;0.0;0;0.0;0;0.0;0;0.0;0;0.0;0;0.0;0;0;0;;;;0;10;#187850;#88E830;#88E830;True
2000432084;Jewel Fury;Jewel Fury;Bélize;362;;0;False;3;2000432084;2500;LFF de Belize;2000274193;Isidro Belton;5625384;2500;0;1;0;3;3;3;15;250;100;6250;€;0.0;0;0.0;0;0.0;0;0.0;0;0.0;0;0.0;0;0;0;;;;0;19;#B02050;#F8F8F8;#F8F8F8;True
2000432360;340 Women's Soccer Inc.;340 Women;Îles Vierges US;129523;;0;False;3;2000432360;1500;USVIR WFL;2000274177;Paul E. Joseph;129525;5000;5000;1;0;3;3;3;12;250;100;3750;€;0.0;0;0.0;0;0.0;0;0.0;0;0.0;0;0.0;0;0;0;;;;0;1;#4898E8;#4898E8;#080808;True
2000432474;Academy Eagles;Academy Eagles;Îles Turks-et-Caïcos;129526;;0;False;3;2000432474;1900;TCI WFL;2000274178;National Stadium;151980;1500;0;1;0;3;3;3;20;250;100;4750;€;0.0;0;0.0;0;0.0;0;0.0;0;0.0;0;0.0;0;0;0;;;;0;3;#5838E8;#F8F8F8;#F8F8F8;True
2000432927;Diamond Queens FC;Diamond Queens;Anguilla;129514;;0;False;3;2000432927;1650;Ligue féminine de football d'Anguilla;2000274199;AFA National Stadium;129516;4000;0;1;0;3;3;3;13;250;100;4125;€;0.0;0;0.0;0;0.0;0;0.0;0;0.0;0;0.0;0;0;0;;;;0;9;#404040;#F8F8F8;#080808;True
2000433058;Super Stars FC (AIA);Super FC;Anguilla;129514;;0;False;3;2000433058;2000;Ligue féminine de football d'Anguilla;2000274199;AFA National Stadium;129516;4000;0;1;0;3;3;3;15;250;100;5000;€;0.0;0;0.0;0;0.0;0;0.0;0;0.0;0;0.0;0;0;0;;;;0;28;#5078F8;#F800F8;#F800F8;True
2000433059;East Enders FC;East Enders;Anguilla;129514;;0;False;3;2000433059;1750;Ligue féminine de football d'Anguilla;2000274199;AFA National Stadium;129516;4000;0;1;0;3;3;3;13;250;100;4375;€;0.0;0;0.0;0;0.0;0;0.0;0;0.0;0;0.0;0;0;0;;;;0;1;#C80020;#C80020;#C80020;True
2000433433;AS Phoenicks;Phoenicks;Saint-Martin;917508;;0;False;3;2000433433;1750;Saint-Martin WFL;2000274182;Stade Alberic Richards;82063048;2600;0;1;0;2;2;3;15;250;100;4375;€;0.0;0;0.0;0;0.0;0;0.0;0;0.0;0;0.0;0;0;0;;;;0;37;#0050D0;#F87000;#080808;True
2000433442;Portuguese Sports Association of Saint-Barthélemy;ASPSB;Saint-Barthélemy;82082526;;0;False;3;2000433442;1500;LFF de Saint-Barthélemy;2000274210;Stade de Saint-Jean;82082528;2500;500;1;0;2;2;2;10;250;100;3750;€;0.0;0;0.0;0;0.0;0;0.0;0;0.0;0;0.0;0;0;0;;;;0;0;#D0D0D0;#F8B0F8;#F8B0F8;True
2000434092;FK Bars Karakol;Bars;Kirghizistan;121;;2024;False;1;2000434092;4350;Division Supérieure du Kyrgyzstan;59005735;Yntymak Arena;2000287030;3380;3000;1;4;10;10;8;7;2451;567;6500;€;825889.82;711974;0.0;0;0.0;0;0.0;0;8607.2;7420;0.0;0;0;900092212;;;;0;14;#202048;#283858;#F8F8F8;True
2000434513;SV Happy Evita Girls;Evita;Suriname;387;;2016;False;3;2000434513;3750;Vrouwen Divisie du Suriname;2000274179;Clevia Votebalveld;2000434514;750;0;1;0;5;5;6;15;250;100;9375;€;0.0;0;0.0;0;0.0;0;0.0;0;0.0;0;0.0;0;0;0;;;;0;1;#F87000;#F87000;#F87000;True
2000440690;SV Werder Bremen II;Werder Bremen II;Allemagne;771;;0;False;2;2000440690;3650;Regionalliga d'Allemagne Nord;2000469344;"Stadion ""Platz 11""";6000024;5000;596;1;0;2;1;1;1;250;100;9125;€;0.0;0;0.0;0;0.0;0;0.0;0;0.0;0;0.0;0;0;0;;;;0;3;#007058;#006030;#F8F8F8;True
2000440707;FC Carl-Zeiss Jena II;Carl-Zeiss Jena II;Allemagne;771;;0;False;2;2000440707;4300;Regionalliga d'Allemagne Nordost;2000469346;Sportzentrum Oberaue;6002599;2000;0;1;0;2;1;1;1;250;100;10750;€;0.0;0;0.0;0;0.0;0;0.0;0;0.0;0;0.0;0;0;0;;;;0;0;#F8F8F8;#000000;#105890;True
2000451648;Tuuliin Tom Tulnuud FC;TTT FC;Mongolie;129505;;0;False;3;2000451648;1000;Ligue 1 de Mongolie;23416509;Mongolian Football Federation Football Centre;23147671;5000;5000;1;0;1;1;1;2;250;100;2500;€;0.0;0;0.0;0;0.0;0;0.0;0;0.0;0;0.0;0;0;0;;;;0;29;#0050D0;#60C0F8;#F8F8F8;True
2000453601;Boston Legacy FC;Boston Legacy;États-Unis;390;;2023;False;1;2000453601;7000;Lower Leagues;2000500910;Gillette Stadium;978163;68756;68756;2;0;5;7;7;14;10000;8000;20000;€;1087412.97;937425;0.0;0;0.0;0;0.0;0;0.0;0;0.0;0;0;0;;;;0;10;#72CB6B;#000000;#000000;True
2000453602;Denver Summit FC;Denver Summit;États-Unis;390;;2025;False;1;2000453602;7000;Lower Leagues;2000500910;Centennial Stadium;2000503935;12000;12000;2;0;5;7;7;14;10000;8000;20000;€;1897754.15;1635995;0.0;0;0.0;0;0.0;0;0.0;0;0.0;0;0;0;;;;0;1;#3B5F4F;#7887BE;#7887BE;True
2000461691;MUST IPO Sports Club;MUST IPO;Macao (RP de Chine);124;;2008;False;2;2000461691;1850;1ère Division de Macao;5630248;Canídromo;5627163;5000;2200;1;0;2;1;1;4;100;100;2500;€;0.0;0;0.0;0;0.0;0;0.0;0;0.0;0;0.0;0;0;0;;;;0;;;;;False
2000467010;Manila Digger FC;Manila Digger;Philippines;141;;2018;False;2;2000467010;3000;Première division des Philippines;2000343106;;;;;1;0;2;3;3;4;250;100;7500;€;0.0;0;0.0;0;0.0;0;0.0;0;0.0;0;0.0;0;0;0;;;;0;1;#F8E050;#080808;#F8E050;True
2000468723;Holstein Kiel;Holstein Kiel;Allemagne;771;;2004;False;2;2000468723;4150;Regionalliga d'Allemagne Nord;2000469344;VfB-Sportplatz Waldwiese;2000277258;7000;7000;2;0;2;4;4;9;250;100;10375;€;0.0;0;0.0;0;0.0;0;0.0;0;0.0;0;0.0;0;0;0;;;;0;2;#005898;#204080;#E00000;True
2000468724;Hamburger SV II;Hamburg II;Allemagne;771;;0;False;2;2000468724;4250;Regionalliga d'Allemagne Nord;2000469344;Sportpark Eimsbüttel Platz 2;2000366023;500;0;1;0;3;2;1;1;250;100;10625;€;0.0;0;0.0;0;0.0;0;0.0;0;0.0;0;0.0;0;0;0;;;;0;2;#F8F8F8;#080808;#080808;True
2000468725;SV Meppen II;SV Meppen II;Allemagne;771;;0;False;2;2000468725;3550;Regionalliga d'Allemagne Nord;2000469344;Hänsch-Arena B-Platz;91150990;1000;0;1;0;1;1;1;1;250;100;8875;€;0.0;0;0.0;0;0.0;0;0.0;0;0.0;0;0.0;0;0;0;;;;0;2;#5078F8;#002060;#002060;True
2000468726;1. FC Union Berlin II;Union Berlin II;Allemagne;771;;0;False;2;2000468726;4150;Regionalliga d'Allemagne Nordost;2000469346;Fritz Lesch Sportanlage Dörpfeldstraße;2000255375;3000;0;1;0;2;1;1;1;250;100;10375;€;0.0;0;0.0;0;0.0;0;0.0;0;0.0;0;0.0;0;0;0;;;;0;25;#A02030;#F8F8F8;#F8F8F8;True
2000468729;Borussia Mönchengladbach II;Mönchengladbach II;Allemagne;771;;0;False;2;2000468729;4150;Regionalliga d'Allemagne Ouest;2000469347;Grenzlandstadion;877194;10000;2260;1;0;2;1;1;1;250;100;10375;€;0.0;0;0.0;0;0.0;0;0.0;0;0.0;0;0.0;0;0;0;;;;0;1;#F8F8F8;#008030;#106858;True
2000468730;SGS Essen II;SGS Essen II;Allemagne;771;;0;False;2;2000468730;4100;Regionalliga d'Allemagne Ouest;2000469347;Bezirkssportanlage Mitte II;91120289;2500;0;1;0;1;1;1;1;250;100;10250;€;0.0;0;0.0;0;0.0;0;0.0;0;0.0;0;0.0;0;0;0;;;;0;1;#202830;#F8F8F8;#503878;True
2000468864;SC Sand II;SC Sand II;Allemagne;771;;0;False;2;2000468864;3650;Regionalliga d'Allemagne Süd;2000469362;Adams Arena SC Sand;2000423209;2000;0;1;0;3;2;1;1;250;100;9125;€;0.0;0;0.0;0;0.0;0;0.0;0;0.0;0;0.0;0;0;0;;;;0;0;#002060;#000000;#002060;True
2000468866;1. FSV Mainz 05 II;Mainz II;Allemagne;771;;0;False;2;2000468866;3400;Regionalliga d'Allemagne Südwest;2000469371;Bruchwegstadion;1289;20300;14500;1;0;3;2;1;1;250;100;8500;€;0.0;0;0.0;0;0.0;0;0.0;0;0.0;0;0.0;0;0;0;;;;0;7;#E82830;#F8F8F8;#E82830;True
2000468919;SG 99 Andernach II;Andernach II;Allemagne;771;;0;False;2;2000468919;3550;Regionalliga d'Allemagne Südwest;2000469371;Stadion Andernach;91151554;2500;0;1;0;3;2;1;1;250;100;8875;€;0.0;0;0.0;0;0.0;0;0.0;0;0.0;0;0.0;0;0;0;;;;0;0;#204080;#000000;#986030;True
2000469079;Racing Club de Grasse;RC Grasse;France;769;;2025;False;2;2000469079;3250;National 2 - Groupe C;914523;Stade de la Paoute;85130660;2299;934;3;17;3;3;3;3;450;300;2500;€;0.0;0;0.0;0;0.0;0;0.0;0;9697.6;8360;0.0;0;0;617500;;;;0;12;#2838A8;#E00000;#2838A8;True
2000469791;C.D. Tenerife Femenino;Tenerife;Espagne;796;;2025;False;1;2000469791;6300;Première division féminine d'Espagne;2000167898;Heliodoro Rodríguez López;1025;21968;21968;2;0;2;6;6;14;250;100;15750;€;0.0;0;0.0;0;0.0;0;0.0;0;0.0;0;0.0;0;0;0;;;;0;15;#F8F8F8;#2070B0;#2070B0;True
2000471240;Hvardiia Feodosiya;Hvardiia Feodosiya;Crimée;215446;;2022;False;1;2000471240;1000;Premier League de Crimée;71093597;;;;;1;0;2;1;1;2;250;100;2500;€;0.0;0;0.0;0;0.0;0;0.0;0;0.0;0;0.0;0;0;0;;;;0;;;;;False
2000471241;Zarichne Dzhankoy;Zarichne;Crimée;215446;;0;False;1;2000471241;1000;Premier League de Crimée;71093597;;;;;1;0;3;1;1;1;250;100;2500;€;0.0;0;0.0;0;0.0;0;0.0;0;0.0;0;0.0;0;0;0;;;;0;;;;;False
2000473806;Vendée Foot Club La Roche-sur-Yon;Vendée FC La Roche;France;769;;2025;True;2;2000473806;3250;Championnat National;18;Stade Henri Desgranges;919017;9000;5000;3;29;6;4;3;3;500;100;2500;€;7711.68;6648;0.0;0;0.0;0;14743.6;12710;12602.24;10864;0.0;0;100;1100475;;;;0;0;#D02020;#000000;#F8F8F8;True
2000475359;Sporting Club Aubagne Air Bel;SC Aubagne Air Bel;France;769;;2025;True;2;2000475359;4150;Championnat National;18;Stade de Lattre de Tassigny;85012509;3500;1000;3;55;4;6;7;8;488;100;2500;€;9610.6;8285;0.0;0;0.0;0;28418.84;24499;22863.6;19710;150.8;130;35;3208890;;;;0;56;#002060;#0030A0;#F8F000;True
2000478007;Union Brescia;Union Brescia;Italie;776;;2025;False;1;2000478007;5450;Série C/A italienne;43127172;Mario Rigamonti;1174;18250;18250;3;20;12;10;10;11;6500;2200;14000;€;2907493.52;2506460;0.0;0;0.0;0;0.0;0;77119.12;66482;0.0;0;0;306859503;;;;0;26;#0050D0;#F8F8F8;#F8F8F8;True
2000493569;Central Stallions FC;Central Stallions;Mongolie;129505;;2025;False;2;2000493569;1000;Première division de Mongolie;23090971;Mongolian Football Federation Football Centre;23147671;5000;5000;1;0;3;1;1;2;250;100;2500;€;0.0;0;0.0;0;0.0;0;0.0;0;0.0;0;0.0;0;0;0;;;;0;;;;;False
